country,room_type,traveler_type,nr_nights,year,month,score,title_review_en,pos_review_en,neg_review_en
belgium,comfort double room,family,3,2025,1,10.0,exceptional,"room was spacious, clean and with good amenities",no review
united kingdom,comfort single room,solo traveller,2,2025,3,9.0,well placed hotel with great facilities,"in good location for exploring porto... approx 20 minute walk down to river .  clean , comfortable & good variety at breakfast  bonus having a restaurant on 17th floor ... i didn't eat there but had drinks ... good service & great views",can't think of any improvement
united kingdom,comfort king room,couple,2,2025,3,9.0,very clean with professional staff and very good facilities. extremely recommended.,staff is very friendly and extremely professional and always willing to help.,nothing
hungary,plus comfort suite,family,4,2025,2,9.0,"elegant, good hotel in the center","we really liked the hotel and the suit. from our balcony the view was very nice. the suit is spacious, very nice and well equipped: large tv, minibar, coffee maker with capsules. the bed is very comfortable and big, the beding is very pleasant soft. the bathroom is also spacious, with toiletries. the whole hotel is elegant, the rooftop bar is very nice. the stuff is kind and polite.","in the smaller room there is no socket, you can't charge your phone. and the wardrobe door was closed. the breakfast is not very rich compared to a 4 star hotel, but the pastries, cakes and fruit juice are very delicious."
canada,comfort family room,family,2,2025,2,8.0,good location and nice hotel with spacious units.,location and size of the unit. comfortable for a family of 4.,no review
united kingdom,comfort suite,family,3,2025,2,8.0,excellent hotel for city break,"lovely rooftop bar, really nice room, excellent breakfast",not the nicest looking building from the outside but only because i need to write something !
united states,comfort single room,solo traveller,2,2025,2,10.0,great hotel and stay. i would definitely return.,great location close to the center and a lovely hotel with well appointed rooms and a fabulous breakfast.,"parking is across the street in a public garage. it's convenient, but not technically on site."
ireland,comfort double room,group,3,2025,2,10.0,great hotel - location was good,the staff were amazing!  the roof top bar was fabulous. beds were comfortable,i couldn't find a fault
united kingdom,comfort single room,group,3,2025,2,10.0,exceptional,"great location, comfortable room, food & wine excellent",no review
portugal,comfort king double room with romantic package,couple,1,2025,2,8.0,it was very good,"the room was nice, cosy and warm.",the sound proof could be a bit more efficient as we could listen the water running from the others rooms bathroom.
united kingdom,deluxe panoramic suite,couple,3,2025,2,10.0,exceptional,"great hotel,we loved our room with panoramic views, would highly recommend staying here",no review
portugal,plus comfort suite,family,2,2025,2,9.0,superb,"room, location, staff",breakfast
ireland,comfort double room,family,4,2025,2,10.0,exceptional,"location, rooms, cleanliness and the roof top bar. breakfast was really good.",no complaints!
australia,comfort king room,couple,3,2025,2,9.0,great value in a central and convenient location 5 mins from trindade station.,great location and a great view over porto from our room on level 16 and the bar on level 17. staff were really helpful and friendly. our room was suite-like with a comfortable seating area and big tv with good reception which we haven't found elsewhere in portugal.,it exceeded all our expectations so no disappointments at all.
france,comfort double room,couple,2,2025,1,9.0,i recommend !!!,the breakfast is very good. the rooms are nice. dinner on the rooftop is a must. we had an amazing dinner with view!!! the location of the hotel is excellent.,no review
saudi arabia,suite premium deluxe,couple,1,2025,1,8.0,very good,good hotel near to parking,nothing
united states,comfort family room plus,family,1,2024,10,10.0,exceptional,everything,no review
united states,comfort family room,family,1,2025,1,10.0,exceptional,best hotel in town,no review
united arab emirates,comfort king room,solo traveller,4,2024,12,8.0,excellent overall,"everything, staff were excellent, location was perfect ... great value for money ..  breakfast selection was good and very sufficient buffet",gym was tiny
turkey,comfort family room plus,family,1,2024,11,9.0,a perfect stay,"the room was spacious, clean and comfortable. watching the sunrise over porto from the balcony was an incredible experience. the staff was friendly and helpful. the hotel met our expectations and we would choose it for a longer stay.",no review
france,comfort king room,couple,4,2025,1,8.0,"excellent stay, but breakfast room too small! ;-)","beautiful hotel in a convenient location: everything is at a walking distance as a tourist in porto. the building look old on the outside but is very cosy inside, clean and well decorated. bed in room 1405 was excellent, and we appreciated the italian-style shower and the general mood that emanates from it. there is a bar/restaurant at the top with a nice view, and the waiters gladly opened the second terrace on the roof because we were a group of 9 coming to have a drink watching the sunset! every member of the hotel was very kind and obliging. it undeniably deserves its 4 stars.","the breakfast room was too crowded, and the ""heated"" terrace was too cold for people to be willing to go there (moreover its doors were constantly opened by people coming in and out, creating unpleasant drafts during these cool december mornings). the breakfast content itself is nice though, it's too bad that the tranquility can be disturbed by traffic of people on a surface too small to be fully enjoyable when the hotel is full."
australia,comfort double room,couple,2,2024,11,8.0,delightful and helpful staff. our booking was very last minute and we were very glad to stay here.,breakfast on the terrace was delightful,replenish breakfast for later arrivals
united kingdom,comfort king room,family,7,2024,12,10.0,exceptional,"the room was great, lots of space , with a balcony, so comfy . location wise was so close to the centre",no review
united kingdom,comfort double room,family,1,2024,12,8.0,very good,"location. room was spacious. rooftop bar. breakfast was fine, average.",the bed was very hard and uncomfortable. bathroom was very dreary and small and needs updating. room was large but the decor was somewhat depressing looking.
ireland,comfort king double room with romantic package,couple,1,2024,12,9.0,superb,excellent,no review
portugal,comfort king room,solo traveller,1,2024,10,10.0,exceptional,location and brakfast,no parking lot
belgium,comfort double room,solo traveller,3,2024,12,10.0,excellent accomodation for a city trip to porto,"attentive staff throughout my stay, excellent breakfast with local products, spaceous, clean and quiet room and a good cocktail bar on the 17th floor made this a wonderful stay.",pretty easy - nothing.
malta,comfort single room,family,3,2024,12,8.0,very good,good breakfast and prefect location.,no review
united kingdom,comfort king room,couple,3,2024,11,10.0,great experience!,overall everything was amazing but the staff were 5 star!,no review
united kingdom,comfort king room,couple,3,2024,12,8.0,great and very comfortable hotel close to the centre.,we had a large perfect room on the 12th fl with a 6ft wide very comfortable bed. the room had a balcony overlooking the city which even at the end of november was worth it. we chose the hotel because it was right next door to a large public car park (ps65 for 3 nights) and we were driving around portugal. it is about a 15-minute walk to the centre of the city sights and only 5 minutes from the market. if booking i suggest you request a room on the upper floors overlooking the city. it has several fast lifts. all the staff were very nice and extreemly helpful. we did an uber from the hotel to the far side of the river to get to the port houses as that would have been a 30 - 40 minute walk.,"the breakfast was ok nothing particularly special about it and the bacon looked processed. however, the location of the main table with the food on it was a squeeze to get round and particular difficult when it was crowded from 8.15 - 9.15 with people making toast in one place, others getting ham etc immediately behind with then no room for anyone to pass through."
germany,comfort double room,couple,3,2024,12,10.0,wonderful stay,"this has been probably the best stay we have ever had. the staff were very polite and welcoming. they took a step beyond to welcome our needs anytime. we had a free room upgrade which was beyond our expectations. the room was the cleanest i have ever seen anywhere, the smell of cleanliness was apparent at every part. all the amenities were good and extra needs were provided. the breakfast was very satisfying with lots of choices and frequent refills. the price/performance ratio of this place was the best. wonderful at all aspects.",no review
netherlands,comfort double room,couple,2,2024,11,10.0,exceptional,everything was perfect.,nothing
france,comfort single room,solo traveller,3,2024,11,10.0,exceptional,staff very helpful,no review
australia,comfort double room,couple,1,2024,11,10.0,quality operation,the location was great and the facilities were excellent,nothing. booking.com recommendations were great all round
kuwait,plus comfort suite,couple,4,2024,11,10.0,definitely i am coming back to this hotel,everything,nothing
united states,comfort double room,couple,2,2024,11,9.0,superb,"the staff was very helpful, great location, amazing restaurant in the hotel, very clean & great breakfast.",only complaint was that the bed was way too hard & uncomfortable.
switzerland,comfort single room,solo traveller,2,2024,11,10.0,exceptional,all was great. highly recommend,nothing
australia,comfort double room,couple,4,2024,11,9.0,very comfortable,great central location,
united states,comfort double room,solo traveller,4,2024,11,9.0,cool spot in porto,"the breakfast,the lobby and spacious rooms, the rooftop bar and restaurant had amazing views.","the staff was not as friendly as they could be, especially front desk."
united states,comfort suite,group,2,2024,11,10.0,this is an excellent hotel for accommodations. the 17 cocktail lounge should be avoided.,"exceptional breakfast offerings. the quantity and quality of the food most outstanding with offering for every pallet. five fruit juices, five different breads including crissants. the fit and finish of our 6th floor suite was top standard. quite, unmarried and well ventilated.","the 17 cocktail lounge staff, with the exception of the restaurant hostess, was slow and inattentive. we wee a party of 3 consumed 7 beverages & 2 sandwiches in slightly more than 2 hours. one drink was not what we ordered. an adjacent table returned two incorrect beverages. the head bartender was beligerent and did not appear to care when spoken to."
sweden,comfort single room,solo traveller,1,2024,11,8.0,very good,great service/staff at reception.,could improve the bathroom floor cleaning.
lithuania,comfort king double room with romantic package,couple,1,2024,11,10.0,we will be back,"we took a romantic package deal which was really worth it! we got an upgrade to suite in 15th floor with excelent views and balcony. welcome wine, breakfast in room, high quality towels and bathrobes, it was amazing!","please improve your breakfast coffee, they delivered to our room very blury coffee. as we had coffee capsules in the room, it was not a big deal."
spain,comfort king room,group,2,2024,11,8.0,very good,very well located from/to the airport and to the city centre. very comfortable and quiet,no review
costa rica,comfort king room,couple,4,2024,9,9.0,superb,the room was comfortable with nice view and quiet breakfast was very complete and well presented location is a little aside from main attractions but a walking distance the view of the roof top restaurant is amazing specially at nighttime,no review
united kingdom,plus comfort suite,couple,3,2024,11,8.0,quiet and convenient,"great views from our 11th floor room. five minutes to bolhao market and trindade station. very quiet location but only 10-15 minutes from great restaurants. very comprehensive breakfast with fresh juice,. super friendly staff. nice to have a separate seating area and a small balcony.",gym is basic.
united kingdom,comfort family room,family,3,2024,11,9.0,great hotel in good location in porto,"great stay at hotel dom henrique - downtown in porto, convenient location and great hotel facilities.",breakfast could have been a bit better
united kingdom,comfort single room,solo traveller,3,2024,10,9.0,star gazing view,the view on the 10th floor. the bar and restaurant on 17th floor. great food!,"breakfast offering i thought could improve. more variety of yogurts, fruit. warm pancakes and waffles. still decent."
united kingdom,comfort single room,solo traveller,3,2024,10,8.0,a room with a view,"friendly and attentive staff. the bar and restaurant at the top have great views, and the food is good too.  near trindade station which is really practical for the metro to the airport or campanha station.",it is not the newest building and twice there was a funny smell in the room when i arrived for some reason (maybe plumbing or ventilation?). all fine after 5 minutes opening the window.
australia,comfort twin room,couple,3,2024,10,9.0,overall we were happy with the choice especially the service.,the hotel was dated although very comfortable.,dark rooms and some noise from the street.
united kingdom,plus comfort suite,couple,1,2024,10,8.0,"very good, will be happy to return.","great location, wonderful views, good food in retaurant and breakfast buffet.","very grumpy, negative lady on reception all the other staff were lovely. bathroom in first room has not been cleaned."
united kingdom,comfort double room,group,3,2024,9,9.0,superb,"a good general breakfast but lacking seating space. all staff friendly whether front desk, breakfast or roof terrace bar. we dined in the top floor roof restaurant on our last evening and were not disappointed.",would like 'feather' pillows!
united states,plus comfort suite,family,1,2024,10,9.0,we had a very nice stay and it is worth the money,"very comfortable, quiet and convenient location.",no review
georgia,comfort double room,solo traveller,3,2024,10,8.0,"in general, everything was perfect.",i liked the bar. room was clean and comfortable. staff behaved very professionally.,"breakfast area needs a little bit renovation to make it more cozy, comfortable and mood maker."
switzerland,comfort suite,family,3,2024,10,8.0,living on it's past 4 star legacy,"the hotel room was spacious and had everything you need. fairly well decorated, the reception staff were friendly. the room was clean. the rooftop bar was lovely and had an excellent view.","the restaurant and bar staff were rude. dinner took forever.vwry average meal for the price we paid. don't bother eating there .so expensive .rather eat at the market restaurants down the road.. the hotel needs a complete makeover on the outside and is in a very non attractive road. breakfast is very average with terrible bacon and watery eggs, don't bother , rather eat elsewhere.."
ireland,comfort double room,group,4,2024,10,10.0,the breakfast was superb the facilities of the beautiful restaurant was amazing,the bar & restaurant were fantastic. the food in the restaurant was superb & the views were amazing,nothing
australia,comfort king room,couple,3,2024,9,8.0,"great location, but someone needs to give the staff something to smile about.","great location, great breakfast.",all staff lacked personalities and could with some lessons in customer service.
united kingdom,comfort suite,group,5,2024,10,9.0,excellent location and spacious rooms.,central location. good breakfast. spacious room and good facilities. comfortable beds and plenty of wardrobe space and hangers.,nothing
united kingdom,comfort king room,couple,4,2024,10,10.0,all we could have wished for and more,"the comfy room was a good size and was very clean, breakfast was very good and the staff were extremely friendly and helpful. the hotel is beautiful inside and the bar 17 was very comfortable",the bed was a little hard
united kingdom,comfort double room,group,3,2024,9,10.0,"great city, wonderful hotel in the perfect location","location, facilities. comfortable & clean. great views from the bar & restaurant",no review
mexico,comfort king room,couple,1,2024,9,8.0,not the best you can find in porto,the room was very comfortable,"the location is just in front of a parking lot, and at night there was a huge party (parking lot), too noisy, we didn't sleep well"
new zealand,comfort twin room,couple,2,2024,9,8.0,very good,"clean, spacious room with great view. comfortable bed, plenty of storage. helpful, pleasant front desk.",no review
saudi arabia,comfort twin room,group,3,2024,9,9.0,superb,the location of was great and the staff were very welcoming.,no review
ireland,comfort king room,group,3,2024,9,10.0,don't hesitate to book .......,location of the hotel was great. close to main shopping area and also the port. staff were very friendly and helpful. management treated one of the group extra special as it was her birthday. we really appreciated the kindness towards her.,no review
brazil,comfort king room,family,4,2024,9,10.0,fine experience,"it ia a classic big hotel, with a great location, comfortable rooms and excellent breakfast.",no review
united states,comfort double room,family,3,2024,8,10.0,very nice hotel. great breakfast!,very nice hotel. great breakfast!,no review
australia,comfort double room,couple,1,2024,8,9.0,"helpful staff, beautiful room and generous in celebrating our honeymoon by upgrading our room.","the staff were fantastic, they stored our bags, called us when the room were ready and helped organise a take away breakfast for an early departure.",no review
united kingdom,comfort double room,couple,4,2024,9,9.0,"great location, great hotel with professional staff","staff are very helpful and professional, speak good english with good attention to detail, rooms are very clean and comfortable, location is perfect distance to the center.",no review
united kingdom,comfort double room,couple,2,2024,9,10.0,incredible find in the center of town,location of the property was great. hotel itself was very accommodating and clean. they were very helpful,no review
netherlands,comfort single room,solo traveller,1,2024,8,10.0,amazing views at rooftop with luxury modern hotel rooms,rooftop was amazing and great room service,no review
united kingdom,comfort king room,couple,3,2024,9,10.0,wonderful,great location. staff very welcoming and friendly. lovely clean room. amazing rooftop bar with amazing cocktails.  loved our stay here.,no review
united states,comfort double room,family,3,2024,8,9.0,superb,location clean nice,no review
israel,plus comfort suite,family,3,2024,8,9.0,superb,location is about 20 minutes walk to the center. it also takes 10-15 minutes by car. the problem is the way back as it is a steep climb which takes 30-40 minutes. we always took a cab/uber. otherwise - place was great and highly recommended,no review
united kingdom,comfort double room,couple,1,2024,8,9.0,excellent.,"great position and super view of porto. rooms were clean, quiet, well furnished and the bed was very comfortable. walking distance to the centre was great. floor 17 was superb. great views. great food. reasonably priced.",breakfast. we found the food a bit tasteless. will go out for breakfast next time .
portugal,comfort single room,solo traveller,2,2024,8,10.0,i will recommend this hotel to my friends and will definitely stay here on my next visit to porto.,"this is an amazing hotel right in the city center, near a convenient transportation hub and metro, from where you can easily reach any district in porto. the room was comfortable, clean, and quiet, with a stunning view of the historic part of the city and the ocean in the distance.",no review
united states,comfort single room,solo traveller,1,2024,8,10.0,stayed for about 11 nights...all good,have traveled extensively around world  one of the best breakfast i've ever had service outstanding!!! juices amazing  thank you,zero
united kingdom,comfort double room,couple,3,2024,8,10.0,exceptional,"the place was spotless, with a warm and helpful staff, a great location, and an excellent breakfast",no review
united kingdom,comfort double room,couple,3,2024,7,10.0,excellent hotel,"spacious room, friendly staff and fabulous location. would recommend the bar, the drinks were great and it has stunning views of the city. would definitely stay here again!",no review
portugal,comfort suite,family,2,2024,8,10.0,"excellent, comfortable stay in porto","the staff were great and very helpful. we stayed in a comfort suite which was spacious, modern and clean with a good modern bathroom.   breakfast was fantastic, with a wide choice and very tasty. particularly loved the fresh fruit, smoothies and juices.  excellent location. walking distance to centre, shopping, restaurants and river douro.  nice roof top bar for drinks and snacks.",nothing
spain,comfort king room,group,3,2024,8,10.0,great place to stay,i always stay here when i'm in porto. fantastic location and views.,no review
united states,comfort single room,solo traveller,8,2024,8,10.0,will stay again next month,location. all the staff amazing  great great breakfast with the best service. thanks room 101,zero!!!!!
canada,comfort king room,family,1,2024,8,10.0,very good,"location is great, rooms were clean, breakfast (extra $) was very good and worth the money. nice view from 17 floor restaurant, and very pleasant and helpful staff.","corridors are extremely dark, door has no functional safety closure from inside, and no car parking, but we managed."
spain,comfort single room,family,6,2024,8,9.0,very comfortable,"exceptional breakfast, good rooms, comfy beds, air con, toiletries, big-enough-safes and espresso machine in the rooms, sockets by beds, a socket in bathroom for a hairdryer (and a hotel hairdryer), walking distance from main city attractions, a parking nearby. very nice and comfortable hotel.","wi-fi quality is not great.   we also had a small incident where hotel stuff could have been more helpful, esp. given it was their mistake which could have cost me money - they finally solved the issue, which i am grateful for."
canada,comfort single room,solo traveller,2,2024,8,8.0,short stay downtown porto,"good views from the room, great views from the 17th floor bar. great location, on the edge of tourist area so not overrun.",chintzy that they only provided free coffee capsules for the first night... room was pretty small as i didn't opt to pay for bigger one - closet was small and suitcase got in my way.
united kingdom,comfort king room,couple,4,2024,7,8.0,very good,clean and comfortable stay.,n/a
switzerland,comfort double room,solo traveller,1,2024,8,9.0,superb,"this hotel is very known in porto for its bar & restaurant on the 17th floor. you can have a view over all porto on it. the rooms are comfortable and the service is excellent. staff was always very nice! i also had breakfast in the morning, which has everything you can imagine of.",no review
united kingdom,comfort double room,couple,2,2024,8,9.0,good stay,"good breakfast, great location for",no review
ireland,comfort double room,couple,1,2024,8,10.0,exceptional,"very good choice , prompt service and friendly staff",n/a
israel,comfort king room,couple,3,2024,8,10.0,exceptional,great teem. great location.,no review
mauritius,comfort double room,couple,4,2024,7,10.0,exceptional!,"everything was clean and staff were extremely friendly. special thanks to antonio and adrian, the 2 porters. the lounge on the 17th floor was the cherry on the cake. great place to relax an chill over a drink.",no review
spain,comfort double room,solo traveller,3,2024,7,10.0,exceptional,"great location, view of the city. the room has good sound insulation. very comfortable pillows! ideal lighting in the room with the ability to adjust. lots of mirrors!! thank you very much to the staff for the birthday greetings. it was very nice!",no review
bosnia and herzegovina,comfort double room,family,3,2024,7,9.0,good!,location and staff.,we couldn't see the restaurant without reservation. breakfast was same every day. towels were not changed for three days.
united arab emirates,comfort twin room,family,4,2024,7,9.0,very nice stay in porto,very nice staff spacious rooms  nice views from the room great breakfast  availability of parking close to the tourist attractions,no review
united kingdom,comfort king room,couple,5,2024,7,9.0,it was our 25th wedding anniversary and my wife's birthdayand we have some very special memories.,"room was brilliant. wonderful view over the city. breakfast was excellent, plenty of choice and very nice coffee. it was a little way out but once you found your way to the river it didn't take long.",no review
ireland,comfort double room,couple,4,2024,7,10.0,"lovely hotel, very central and clean",rooms were spacious and very clean,no review
united kingdom,comfort double room,solo traveller,5,2024,7,8.0,very good quality accommodation in a good location.,"great location and clean, comfortable rooms with very good facilities. enjoyable breakfast with plenty of fresh food to choose from.",there wasn't anything i didn't like but some hotel staff were friendlier than others. all were very professional but some could learn to be a little more courteous. guests should be made to feel welcome by everyone.
cyprus,comfort double room,group,3,2024,7,9.0,superb,"very clean, very good breakfast, very good / helpful staff, very nice roof top bar with amazing views. location was good",minor comment on the coffee machine in the room: capsules were only provided for one use
united kingdom,comfort double room,couple,6,2024,7,8.0,"nice hotel, decent breakfast but 30 mins walk to the river","decent hotel with ok breakfast. some staff friendly, some not as much. room not ultra modern but clean and functional.",location is good for the city but is 30 minutes walk to the riverside and louis 1 bridge and the restaurants and port tasting. okay on way down but uphill all the way back (taxi was eur5)
spain,comfort double room,couple,3,2024,7,8.0,clean rooms and outstanding restaurant,rooms were clean and the restaurant is excellent,the lobby and corridors are dark and look a bit old fashioned and tired
united states,comfort family room plus,family,2,2024,7,10.0,exceptional,great location. excellent view from the 17th floor bar,no review
united states,comfort double room,solo traveller,3,2024,7,9.0,excellent property and very nice hotel,location was great. rooftop bar was fantastic,i was on floor 2 street side and it was very loud with trucks early in the morning.
united kingdom,comfort double room,couple,3,2024,7,9.0,excellent location and outstanding views from the terrace bar.,very comfortable room. the terrace bar on the 13th floor gave a superb view of the city. the restaurant on the 14th floor was excellent and had stunning views over the city.,car parking was across the road in a circular format round building. not ideal but the porter helped with the luggage and was very friendly.
ireland,comfort twin room,couple,4,2024,7,10.0,we would recommend this hotel.,"it was modern, comfortable and very clean. the staff were friendly and helpful. the bar on the 17th floor was really lovely with amazing views of the city.",nothing
ireland,comfort double room,family,4,2024,7,10.0,fabulous hotel,excellent hotel. could not find fault anywhere. will definitely return to the hotel dom henrique,no review
united kingdom,comfort double room,family,2,2024,7,9.0,exactly what we were looking for,very friendly staff and modern rooms. lovely bar and restaurant. had a free upgrade to a king sized room.,no review
ireland,comfort single room,solo traveller,4,2024,7,8.0,lovely hotel - recommend for porto stay,room very quiet and comfortable staff very nice and helpful rooftop bar lovely,the hotel is a bit of a hike from the riverfront in the heat
greece,comfort king room,couple,3,2024,7,8.0,"nice location, comfortable room, restaurant can be improved.","the location of the hotel is amazing. walking distance from all the main sightseeings. the room was specious with an amazing king size bed thta you could really enjoy your sleep. the breakfast had a big variety of choices, with the only 'negative' point that they were not plastic cups in order to take the coffee in the room. the first night we tried the restaurant on the rooftop. the food was nice, however even though we were quite early there our dinner was delayed and tables that arrived after us were surved first. furthermore, we were in a table inside close to a corner that was leaking in the roof and they just had a small 'bucket' to keep the water in (which actually was splashing around). the service could be improved.",no review
united states,plus comfort suite,family,3,2024,7,10.0,everything was wonderful!!!!,"breakfast was delicious, room was excellent. location perfect!",no review
united kingdom,comfort double room,solo traveller,5,2024,7,10.0,very enjoyable,i really enjoyed everything! the breakfast was your usual continental but can't fault having such a nice selection to fill you up for the best part of the day.,"honestly, the only minor thing was that the bar seemed to be shut often during early hours. wasn't really an issue though."
canada,comfort double room,solo traveller,2,2024,7,10.0,excelkent hotel,excellent location and service.,everything was great.
united kingdom,comfort double room,couple,5,2024,7,9.0,ok,room a little small breakfast excellant,smallish room
canada,comfort single room,solo traveller,1,2024,7,9.0,superb,"rooms not big but comfortable, and the outstanding rooftop is a must!!! what a great dinner.","unfortunately in my room, a very a strong smell from pipes in washroom. i stayed 1 night it wasn't a big deal for me, but yes a strong smell."
united kingdom,comfort king room,family,2,2024,6,9.0,superb,the hotel reception was helpful and friendly. the bar area was comfortable and clean. the room was a king comfort and was very nice.the location very good was not far from restaurants and not far from metro.,the view from room only looked at other buildings as it was in the city. the breakfast price was a bit pricey 15 euros each.
bonaire st eustatius and saba,comfort king room,family,3,2024,7,8.0,my stay was very pleasant,breakfast was very good. service from the staff was excellent.,more lights in the coridor.
united states,comfort single room,solo traveller,1,2024,6,9.0,superb,the hotel is nicely located within walking distance to the old city center. the room had a nice view and was clean.,no review
united kingdom,comfort double room,couple,4,2024,6,8.0,very good,"the hotel is in an excellent position for using the metro link and getting to and from the airport. everything seemed to be in easy walking distance, restaurants, bars, day trips, market, shops .","the room hot drinks facilities was poor, not enough tea bags coffee & milk , we like a hot drink when we first get up and a hot drink in the evening when relaxing in the room before going to bed ."
united kingdom,comfort twin room,family,1,2024,6,10.0,enjoyed the stay,"appreciated the standards, just as expected.  good location.",no review
canada,comfort double room,family,2,2024,6,8.0,very good,the roof top restaurant.. amazing view and good(book in advance though).. the concierge team were very helpful..,"the rooms were very basic,no refill of water and not enough amenities.. the location takes 20 to 25 minutes walking to down town."
iceland,comfort king room,couple,3,2024,6,9.0,superb,no review,beds are a bit hard.
united states,comfort suite,group,2,2024,6,10.0,we had a great time at this hotel and i highly recommend it to others .,it was a clean place the view in the 17 floor was amazing .,no review
romania,comfort king room,couple,5,2024,6,8.0,very good,no review,"low quality breakfast due to very low quality of products like cheeses, salami, jams, honey, etc. which could be find at any cheap supermarket; comparing to the very good products made in portugal which we got at restaurants in town. omelette, only for 10 eur!! bad pillows."
ireland,comfort double room,couple,4,2024,6,9.0,excellent hotel; i'd stay again.,"lovely interior, handy location, and great staff.",no review
spain,comfort double room,solo traveller,4,2024,6,10.0,i have and will stay here again.,great location. helpful staff.,no review
saudi arabia,comfort double room,solo traveller,2,2024,6,10.0,exceptional,"they really care about the details, i had a late check in at night and 3 staff were expecting me. felt special and take care of. love the terrace as well",everything is perfect
united states,comfort king room,couple,3,2024,5,9.0,"lovely, large room with great bed and balcony, excellent breakfast & amazing staff","unbelievably helpful staff, everyone at the front desk and i am sorry i can only remember antonio's name - there was another gentleman and a very nice woman as well. very nice breakfast. lovely, spacious room with large balcony. the bed was very comfortable. location downtown was fine - some people mention concerns about it, but we felt safe walking and were directed to some great local restaurants nearby.","there was a volume limit set on the tv that made it almost impossible to hear unless you were standing next to the tv. also, just a warning, the tub enclosure is very high off the ground and you should use a lot of caution getting in and out. we never had a mishap, but we were paying really close attention."
united kingdom,comfort double room,group,2,2024,6,9.0,try that roof top terrace,"location, roof top terrace",nothing - our stay was excellent
united kingdom,comfort king room,couple,2,2024,6,8.0,fantastic hotel great location wonderful restaurant and bar.,amazing bar and restaurant. wonderful size room and incredible views. perfectly located.,nothing
united states,comfort single room,solo traveller,3,2024,6,9.0,superb,"loved the staff, the location.",the bed was a bit too hard for my liking
united states,comfort king room,group,5,2024,5,9.0,"great stay at a modern, clean and friendly hotel",the property was clean and modern. excellent breakfast with on outstanding selection of cold and hot choices. the front desk was very helpful with recommendations for dinner and sights to see. the restaurant on the top floor was so good that we had dinner two nights of our stay. outstanding view from the top floor bar. will definitely return should we go back to porto.,nothing. everything was perfect.
united states,comfort double room,solo traveller,2,2024,6,10.0,exceptional,"location, parking across the street.",no review
united states,comfort king room,couple,6,2024,6,9.0,well worth staying here,"their restaurant, 17, was exceptional",a/c made noise. hotel was willing to change our room.
germany,comfort single room,solo traveller,1,2024,6,9.0,amazing value for money,"very well located, the room was big and very clean.  i stayed only 1 night, but the night was very comfortable.",no review
new zealand,comfort king room,couple,3,2024,6,8.0,quality modern hotel close to city centre and good value,modern hotel located close to city centre,no review
portugal,comfort single room,solo traveller,1,2024,6,9.0,worthy stay!,"staff is friendly, structure is good, clean, with services and views. one of the best four stars i've ever stayed on in portugal.","my only critique is the common practice in pt tonput the minibar inside a cabined or wardrobe. it renders impossible to chill anything inside below room temperature, making it just a cabinet..."
austria,comfort single room,couple,7,2024,6,9.0,superb,no review,"wifi should be available for whole stay and not end 08:00 in the morning of the day of departure, free refill of coffee in your room without asking for it at the rezeption would be an improvement."
switzerland,comfort family room plus,family,4,2024,6,8.0,nice family room in porto center,the location is great - in circa 20 minutes til the river. the family room was clean and spacious with 2 separated doors  the roof top restaurant has a stunning view and the food was really good - not cheap though but you pay the ambiance. the breakfast buffet was good and a wide choice only the coffee was average. i enjoy a good coffee latte in the morning,the coffee at the breakfast buffet - maybe would be good to offer warm milk besides cold milk the wall of the shower in our family room looked pretty old with some small holes.
united kingdom,comfort double room,couple,4,2024,5,8.0,we thoroughly enjoyed our stay at this hotel! the staff were exceptionally friendly and helpful,"staff were exceptionally helpful and friendly, arranging taxi's for us, sourcing an iron and answering any queries we had  close location to the centre  modern, contemporary decor continental breakfast",cooked breakfast could have been better no milk for tea's or coffee's in the room
united kingdom,comfort suite,family,1,2024,5,10.0,perfect,"5 stars i've stayed here at the hotel dom henrique for the third time and this hotel is perfect, perfectly placed a short walk away from the train station the metro station, and the town centre, the hotel is well maintained with great facilities, and rooms are very comfortable and spacious, and the bonus is the rooftop restaurant and bar area with views of the city of porto and not last the very friendly staff. definitely would recommend",no review
united kingdom,comfort king double room with romantic package,couple,2,2024,3,8.0,nice hotel,"exceeded my expectation, not only provides excellent accommodations but also an unforgettable rooftop experience. the views from the top are absolutely stunning, offering a sweeping panorama of the city. i highly recommend it to anyone looking for a memorable stay with an added touch of elegance and breathtaking views",we liked everything :)
united kingdom,comfort king room,couple,5,2024,5,10.0,"we stayed 5 nights, lovely hotel and great views from the cocktail lounge.","our room was of a good size, comfortable, clean and quiet. good closet space, comfortable mattress and a nice shower/bathroom. breakfast was lovely, a good choice of meats, cheese, fruit, pastries, eggs and bacon.",nothing
israel,comfort double room,couple,3,2024,5,10.0,excelent hotel,"staff kindness and dedicated to help, breakfast, cleanles we were upgraded from double room to suite in the 14 floor",smell of the carpet in the room
luxembourg,comfort king room,couple,1,2024,5,10.0,"great service, great value for price and just walking distance from the center of porto","great location, just walking distance from the center. they have a bar in the 17th floor with a great view. and the room was better than we expected.","the breakfast is a normal hotel breakfast, nothing special. could be better."
united kingdom,comfort single room,solo traveller,1,2024,4,9.0,very good location,very convenient location. room was comfortable with nice views. excellent breakfast. good value for money,nothing
chile,comfort suite,family,1,2024,5,10.0,lovely stay!,location and restaurant in the top floor.,no review
united states,comfort king room,couple,3,2024,5,8.0,first class!!!,"the room was nice and the view is expectacular. the restaurant is amazing, delicious food with beautiful presentation.  a very nice experience.",no review
united states,comfort single room,solo traveller,1,2024,4,8.0,comfortable stay and good location to walk around one of the centers of porto,"appreciated the quiet atmosphere, the cleanliness and nice staff. the outdoor portion of the rooftop bar was a bit smaller than originally believed but still a good experience.",hallways were a bit dark and gloomy but the rooms were cozy and brighter.
spain,plus comfort suite,family,4,2024,5,10.0,"incredible hotel, staff and amenities brilliant",location was good a close to the centre 10 minute walk. rooms spacious and clean beds very comfortable and tv in many languages already set so easy to relax before bed and catch up on weather and news. buffet breakfast good selection of food available. only bad point i a sin gluten diet. and selection of breads and pastries was not very big.,bigger selection of gluten free breads and pastries would be excellent.but really not so much of a problem.
united kingdom,comfort double room,couple,4,2024,5,10.0,really enjoyed our time in porto staying at dom henrique,great location with main attractions within walking distance. comfortable room with great shower excellent breakfast,we were happy with all aspects of our stay - no complaints whatsoever
france,comfort twin room,family,2,2024,5,9.0,"comfort, kindness, nice location! perfect","the kindness of the staff, the location and the large room.",the quality of the breakfast (notably the bread and the croissants/pains au chocolat not really tasty).
germany,suite premium deluxe,solo traveller,2,2024,4,8.0,very good,no review,break fast not enough variety and salty dishes.
switzerland,comfort single room,solo traveller,2,2024,4,9.0,"great value, comfortable and comfortable in quiet area.","it seemed renovated and the lobby was really nice. the breakfast buffet was delicious with a lot of variety. the room i stayed had a balcony and the bed was comfortable. it was walking distance from the center, 15 minute walk to the cathedral and there was a metro station 6 min walking where you can take the metro to the airport.  the sao bento market was 2 blocks away and i ate in a really good restaurante 2 min walking (vaccarum).  would definitely recommend this hotel!!",no review
canada,comfort king room,family,4,2024,4,10.0,exceptional,"spacious room , lovely balcony. wonderful breakfast. courteous staff.",nothing
portugal,comfort single room,group,2,2024,2,8.0,very good,the hotel restaurant is very good and the staff was nice and polite,no review
iceland,comfort king double room with romantic package,couple,4,2024,4,9.0,fireworks  in,"the restaurant and the food, the servants were excellent and helpful.","when i woke up around 00,05 and there was fireworks  and bombs, and i couldn't go to sleep for 1 and 1/2 hour. i wish they had told me about a party before i went to the room, so i could have prepared myself, i went to sleep around 22:00, but the breakfast tables saved the day, thumbs up ."
iceland,comfort single room,solo traveller,1,2024,4,10.0,exceptional,"from the outside the hotel looks rather scary but do not fear. as soon as you enter you are welcomed by a friendly and professional staff and nice ambience. the hotel has been renovated and refurbished so everything inside is elegant, clean and new. the bed is very comfortable and the views exceptional (i stayed on the 15th floor). the breakfast buffet was good. the location is just great, close to the metro so very easy to get to from the airport and in walking distance from major attractions. the rooftop bar is amazing. highly recommend and if i come to porto again i will definitely go there again. good value for money.",no review
ireland,plus comfort suite,couple,4,2024,4,10.0,would highly recommend and would stay there again,professional staff and very welcoming. clean and comfortable. excellent views of the city. loved the rooftop bar and restaurant.,no review
united kingdom,comfort single room,solo traveller,5,2024,3,9.0,superb,"location within walking distance of main attractions and metro station which was easy to use to get to the beach for the day. wonderful cafe nearby for breakfast if not included in your stay, or popping into buy pastries on way back to hotel . hotel and room were very clean with all the toiletries i needed in the bathroom. wonderful views of the city from my room, and the top floor, where i sat outside one evening and watched the sun go down with a drink. breakfast selection extremely good, check in staff very helpful and friendly, although the bar staff could be a little more friendlier, but certainly were not rude. as a solo female traveller for 4 nights i felt absolutely safe at all times walking around (although i did not venture out once it became dark....too exhausted after a day of being a tourist!) highly recommend this hotel, had a wonderful stay here and would certainly book again without any hesitation.",nothing.....wonderful stay from the minute i walked through the doors.
spain,comfort king room,couple,3,2024,3,9.0,great option for city centre porto,"great location just a few minutes walk from the new food market and main city areas. the room was quiet, very clean and comfortable and the bathroom was a 10/10. the rooftop bar restaurant was very stylish and comfortable to hang out and unwind after a day walking around. we used the public car park across the street which looks a bit run down but was actually very safe and efficient.","nothing, would stay again"
malta,comfort king room,couple,5,2024,3,9.0,superb,very spacious room. bathroom equipped with all amenities.excellent staff very helpful. very central hotel near to most attractions. very good breakfast.,nothing to complain about.
romania,comfort king room,couple,2,2024,3,9.0,best value for money,"the location has good possibilities for parking on the street or in the overground parking silo, cross the street. the breakfast was great, serving amazing mini pasteis de nata. lots of fruits and pastries, fresh made natural juice! nice bar at 15th floor, with views over the city.",no review
greece,comfort king room,group,3,2024,3,10.0,exceptional,location,no review
spain,comfort king room,couple,3,2024,3,9.0,superb,central hotel and with panoramic views of porto. located a few meters from the trindade station that connects with the airport.,no review
united states,plus comfort suite,group,4,2024,3,10.0,perfect and awesome hotel in porto,"extra clean , comfort and excellent breakfast",no review
united kingdom,comfort twin room,group,2,2024,3,10.0,lovely hotel,"i loved the location, esp walking distance from the metro.  the room had adequate lighting, good soundproofing, and the bed was comfortable.","didn't think that after the first free coffee in the room, we should pay for replacing coffee daily. saying that it wasn't that important as you can just walk across to a cafe just across the road and breakfast can also be included in your booking if you prefer."
germany,comfort double room,solo traveller,2,2024,3,8.0,a good option where to stay when visiting porto.,"easy to reach by car, friendly staff, clean room, reliable wifi, public parking house just across the street. paistry shops and cosy pubs just around the corner. 10 min walk to the main square.","pretty small room, with narrow windows. the fragrance used in lobby, at reception, is too strong."
jersey,comfort king room,couple,6,2024,3,8.0,very good,location was perfect staff was very friendly the rooms are very clean the service was pleasant and welcoming we definitely will came back again,the breakfast should have more options on different days rather the same thing every day special if are staying for a week but have to say that staff were pleasant friendly and very efficient
united states,comfort king room,couple,3,2024,3,8.0,"overall, good stay",walking distance to everything,the lighting was really dark
portugal,comfort double room,family,2,2024,3,10.0,exceptional,"great hotel, confortable room, good amenities, good breakfast. the location is superb , in the city center. great rooftop bar.",no review
canada,comfort double room,couple,1,2024,3,8.0,very good location,n/a,hotel rooms could be updated
switzerland,comfort king room,family,2,2024,3,9.0,superb,very nice location. very comfortable rooms.,no complaints
australia,comfort double room,family,4,2024,3,9.0,superb,"loved our stay on the 6th floor, a lovely room with a generous size bathroom, great amenities, a really comfortable bed, and pillows. great towels in the bathroom with a walk-in shower and enough room for toiletries, etc.  great bar up tip, with a nice selection of food and drinks. the restaurant was next floor up. breakfast whilst not included in our tariff was good, plentiful, and enjoyable.  big shout out to housekeeping, language was difficult for all parties, but continually smiling, with great service.  overall, i highly recommend. it's not central but an easy uber ride away. weather was abysmal whilst in porto but still managed.",little way out of things but we organised a few day tours and all operators found us ok. was not really an issue.
united states,comfort family room plus,family,1,2024,3,8.0,good stay,good hotel with a nice restaurant on top with a great view.,it's still a walk from the hotel to the main attractions and we paid about 30 euros for the parking.
united states,comfort double room,group,6,2024,3,10.0,"location, location not much more to say!",location was great! it was about a 20 min walk to the main tourist ribeira area but if you like walking it was not a bad walk at all. a bit hilly on the return walk but again nothing unbearable. there was plenty of shopping and restaurants within close proximity to the hotel. nice room as well. all in all it was excellent and highly recommend.,no review
belgium,comfort single room,solo traveller,1,2024,3,8.0,very good,"very friendly staff, also in the restaurant and bar",no review
chile,comfort double room,solo traveller,2,2024,2,8.0,"nice building near metro, laundries, shoppings and main attractions","the facilities, the staff and the breakfast",i found some hairs in the sheets. but the other things were good!
united kingdom,comfort double room,couple,4,2024,2,8.0,excellent,"room was spacious, clean, great view, great location, great roof top bar available with great prices",no review
united kingdom,comfort double room,couple,3,2024,2,8.0,"comfortable room, central location by the main metro interchange and very good value.",very comfortable and good value hotel in good location. great rooftop bar.,surprised to find we could not be given any milk to go with teabags in the room.
united kingdom,comfort king room,group,3,2024,2,8.0,great value for money. lovely bar and restaurant.,staff were excellent throughout. very helpful at checkout in particular. bar and restaurant were comfortable and served lovely food. view from the top was excellent.,"location was a surprise. not really downtown! views overlooking a hideous car park were very disappointing, making a balcony room a waste. externally the building is dreadful but lovely inside."
portugal,comfort single room,solo traveller,1,2024,2,9.0,superb,"located close to trinity station, and also rua santa catarina comfortable",went to go to restaurant at 19h30 and was told it was already closed
belgium,comfort twin room,group,4,2024,2,9.0,definitely a good value-for-money choice!,spotlessly clean room with comfortable twin beds and nice view from the 12th floor. excellent buffet breakfast with personnel continuously busy cleaning tables and supplying food trays. nice rooftop bar with pleasant atmosphere. convenient location between bolhao and trindade metro stations.,no review
turkey,comfort family room plus,family,1,2024,2,10.0,feel free to book a stay at this magnificent hotel without any hesitation!,"the location of our hotel is right on the edge of the old town, up above. at first glance, this might seem negative, but it actually has a magnificent location. right as you step out of the hotel, you find yourself at the beginning of the liveliest two shopping streets in the city. you can stroll around until late at night. walking down from the hotel, you can effortlessly see all the historical sights. its location doesn't require any transportation; you can walk across the bridge to the farthest point on the other side of the river. if you get too tired, you can take an uber taxi back to the hotel for just 6 euros.  the most impressive part of the hotel is its cafe and restaurant located on the top floor. before heading out for the night, you can enjoy a drink and meal while taking in the magnificent panoramic view of the entire city. i believe it's one of the most beautiful spots in the city.  we stayed in the family room on the upper floor. i recommend opting for the panoramic view rooms; they're definitely worth it. when making a reservation, you might also consider adding breakfast; it's a lovely spread for the money. additionally, they offer luggage storage for early or late check-ins/check-outs. i would choose to stay here again without hesitation, so feel free to make a reservation.","if you're looking for negatives, you can always find something, but during our stay, we didn't encounter any negative situations."
united kingdom,comfort suite,group,4,2024,2,9.0,comfortable hotel with a really fun rooftop bar.,"comfortable bed, decent breakfast, really liked the top floor bar",no real problem
ireland,comfort king room,couple,3,2024,2,10.0,exceptional,would highly recommend this hotel for couples break away or for families. beautiful breakfast. great location,nothing
united kingdom,comfort family room plus,family,2,2024,2,8.0,"an old hotel that has been refurbished, but family rooms sadly lacking. nice enough but probably better value out there",general manager was brilliant after i complained and offered us 2 separate rooms on another floor. kids are 15 and 12 so it was ok for us.  location is fine. a bit further out than i would have liked and on corner of a busy street.   nice top floor restaurant and bar   breakfast was pretty decent (nothing outstanding). the breakfast room is small so prepare to wait for a table,booked the family comfort plus but would not recommend it. really tired. the photos of the rooms are misleading as the main room is twin beds. 2nd room is a very small double. no power points in the 2nd room and it was needing decorated. i was offered an extension cable to get power beside the beds to charge phones. general manager was great but took 3 complaints and asking for manage to get anywhere action.   we arrived 10am and got access to the room 4.20pm. id hoped they'd sort quicker but seemed to be in no rush. disappointing especially when the room was so poor and we ended up moving to rooms that would have been available earlier.   we opened windows as air con seemed quite inadequate. not an issue but may be hit in the summer as it's an older hotel refurbed. my sure if air con is great.
united kingdom,comfort double room,group,1,2024,2,8.0,a very comfortable and modern hotel with an upmarket restaurant and very professional staff.,"room: the hotel was not busy so we were upgraded at no cost from standard to a higher level room. it was very comfortable except that two lamps did not work and the tv channel selector did not function. however as we were only staying one night, that was not a problem for us. the bed, shower, coffee machine etc were excellent. breakfast: excellent continental breakfast with a range of fruit, bread, croissants, jam, honey etc and exceptional coffee and freshly squeezed orange juice. location: it was important that we could park our hire car next to the hotel, and the adjacent silo auto multi storey car park was perfect. also the hotel is located on the right side of porto for easy access to the airport, as well as the city centre. when passing through porto, it is a very option for us.","after a previous and very positive experience with the roof top restaurant, we reserved a table but by coincidence it was st valentine's day and instead of the `a la carte menu, there was only a set menu on offer. the food was high quality, tasty, but sparse and very expensive. next time i will check on other restaurants locally before reserving again."
portugal,comfort twin room,family,3,2024,2,10.0,exceptional,"i loved everything from the hotel to the restaurant. i have no complaints about noone or anything, 10 stars, i will definitely stay here again",no review
greece,comfort single room,solo traveller,4,2024,1,8.0,"excellent location and view from the terrace, single room on the small side.","location, view from terrace, breakfast.","small room, couldn't even open suitcase entirely."
netherlands,plus comfort suite,couple,5,2024,2,9.0,superb,the room was very comfortable. the breakfast was oke. location of the hotel was very central to the most attractions in porto.,the weather............. we were looking for the sun.
united kingdom,comfort double room,couple,3,2024,2,8.0,"a good standard hotel - not quirky or unique but decent quality, friendly professional staff.","staff were very friendly and helpful. enjoyed the bar on the 17th floor, good food. room was comfortable, although not huge. good bed. bathroom again wasn't huge but adequate, clean, shower was okay. breakfast had an okay selection, although would get boring if you were staying for any length of time as it was the same eac day. location was a little bit north of the centre (or felt it) but we liked where it was located. not far from a metro, buses outside the door, although we were happy to walk around the city.","safe didn't work in the room. room was a bit small, and although it had a balcony it was tiny, and due to the building design it was quite dark in the room. non-alcoholic sangria in the bar tasted just like orange juice so was disappointing."
united kingdom,plus comfort suite,family,3,2024,2,10.0,wholeheartedly recommend,"loved this hotel, spotlessly clean, comfortable and excellent location. beautiful room for our family of 3. lovely bar on floor 17 as well. will come back sometime and wholeheartedly recommend for a stay in porto",loved everything!
ireland,comfort double room,couple,3,2024,2,10.0,"wonderful, easy stay",we paid for a lunch and drinks which were lovely and the view from the bar was fabulous.,no review
portugal,comfort single room,solo traveller,2,2023,12,10.0,exceptional,perfect!,nothing.
ireland,comfort double room,couple,2,2024,1,8.0,great - have stayed before and found it poor - this time absolutely fantastic- mind you we did get a room upgrade,location - comfort - room,breakfast average
france,comfort single room,solo traveller,1,2024,2,9.0,nice and confortable. thank you!,"clean and good atmosphere, decoration, location, breakfast,","1- water pressure on faucets very low  2- coffee quality on breakfast hall was very poor. i asked weitress, she brought better coffee from another area, thanks to her."
united states,comfort double room,couple,2,2024,1,8.0,very good,the hotel staffing was very friendly and it is close to everything. the view from the twelve floor was amazing!,no review
south africa,comfort king room,family,2,2024,1,9.0,excellent hotel,"the hotel staff is very helpful and friendly. the hotel has good options for breakfast, and we particularly loved the checked out time. the view from our room during sunrise and sunset was amazing.","minor things, extra utensils weren't readily available during breakfast for when the staff clears your table while you're getting food. the carpet in the room was a bit stained, probably from use over the years. i would still use this hotel."
united kingdom,comfort king room,family,1,2023,11,8.0,very good,roof terrace was great,no review
switzerland,comfort king room,couple,3,2024,1,9.0,superb,"super staff and customer service. great breakfast and evening restaurant meals were exceptional. room was clean, very comfortable, lots of nice little touches, good wifi.",nothing.
netherlands,comfort double room,solo traveller,3,2024,1,9.0,good hotel. everything that i look for during a stay was fulfilled,clean and comfortable room with a small balcony that was a great boon for a smoker. the restaurant at 17th floor also dishes decent stuff.,no review
portugal,comfort king room,couple,2,2024,1,9.0,superb,great rooms and bar on the 17th floor,the ramp for a baby stroller was not very suitable.
united states,comfort double room,solo traveller,2,2024,1,9.0,"i enjoyed my stay. the staff were friendly, check in was easy. my room was so comfy.",everything looked exactly like the pictures which says a lot to me.,nothing
spain,comfort double room,family,3,2024,1,10.0,"perfect hotel near porto city center with great rooms, amazing staff and perfect service.","great hotel with amazing location (very near from the bolhao market and walking distnace from porto city center). the staff was great, the rooms are very comfortable and breakfast is good. and the views from the restaurant in the 17th floor are just the best!   a 10 / 10!",no review
brazil,comfort single room,solo traveller,4,2024,1,10.0,exceptional,"restaurant and bar on 170 floor, spectacular",no review
spain,comfort double room,couple,3,2024,1,10.0,very good quality! staff was very kind as well!,very good quality! staff was very kind as well!,no review
singapore,comfort suite,family,3,2023,12,9.0,"a great location, nice and large rooms. the bellmen were particularly friendly and helpful.",great location and nice and large rooms,no review
spain,comfort single room,solo traveller,3,2023,12,9.0,lovely stay! recommended!,"the hotel is situated close to bolhao underground station which is convenient if you arrive in porto from the airport. apart from this, the room was excellent and very clean. it's needed to mention that views from the bar are awesome and wonderful staff!",no review
canada,comfort double room,solo traveller,2,2023,12,9.0,holiday visit,the bed and the location of the hotel.,"the food. i ordered room service to treat myself for my birthday and i ordered the bacalhau special dish, a cheese sandwich and a dessert. the chocalate cake dessert was awesome. the fish dish was not at all to my liking. too many mixed up ingredients, and the sandwich was made from the cheapest most awful tasting bread. and the meal was expensive, as well. that part was not at all worth it."
united arab emirates,comfort family room,family,2,2023,12,9.0,great hotel,lovely roof top bar. great location. comfortable nights sleep.,we had to pay 40 euros for parking the car for 2 nights.
brazil,comfort double room,solo traveller,1,2023,12,10.0,"the staff are the best, very polite and attentive",incredible,i liked everything
switzerland,comfort double room,couple,2,2023,12,10.0,great place to stay.,location was great and the room was excellent,small tv without netflix and no parking related to hotel
united kingdom,comfort king room,group,3,2023,12,9.0,excellent hotel with great service. great value. recommended,"the location of the hotel was great. it is very close to the city centre and the river. lots of shops, bars and restaurants around the hotel. the room was very nice, spacious, warm, clean and comfy. the hotel staff were polite and helpful. the breakfast was very good. the views from the hotel rooftop bar are very nice.","minor issues only * our room was close to the lift shaft, so we could sometimes hear the lift going up and down throughout the night. there was also some noise and nuisance from the car park building adjacent to the hotel on our first night during the weekend.  * the cocktails in the rooftop bar were not very good."
luxembourg,comfort king room,family,2,2023,12,9.0,satisfied,i loved the view on the rooftop. amazing! the breakfast was also very good with different kind of food for all preferences.,our room smelled a bit strange.
canada,comfort king room,group,4,2023,11,10.0,exceptional,"in every aspect, this hotel was excellent. it is very well located - close to the market, to downtown and restaurants. it looked as if it was recently renovated; the room was spacious and nicely furnished. the breakfast was first class and hotel staff was attentive. i would highly recommend!",no review
italy,comfort king room,couple,3,2023,11,10.0,exceptional,"we had an unforgettable time at dom enrique! delicious breakfast, spacious and comfortable room (and bed!), kind and helpful staff. we travelled to porto to celebrate our wedding anniversary, and we were gifted of a bottle of sparkling wine and cookies. the hotel is at a decent walking distance from all amenities, however still in a relatively more quiet area.",nothing to complain about.
venezuela,comfort double room,couple,2,2023,10,10.0,comfortable and pleasant hotel in porto,"location, rooms and kindly attention",nothing :)
united states,comfort king room,solo traveller,1,2023,12,10.0,exceptional,center of porto,clean great stagg
united kingdom,comfort double room,couple,4,2023,12,10.0,excellent,great location & friendly staff,nothing
ireland,comfort twin room,family,1,2023,12,10.0,exceptional,great hotel,no review
gibraltar,comfort twin room,couple,2,2023,11,9.0,overall the stay was very good,nice hotel in a good location near the metro.,served potato crisps with dinner! not acceptable for a 4-star hotel. very disappointing.
slovakia,comfort king room,group,1,2023,11,9.0,superb,"comfortable spacious room, nice view from the window :)","place is a bit noisy, considering the location in the shopping area of the city."
serbia,comfort double room,solo traveller,3,2023,11,10.0,exceptional,"very helpful and kind staff! good location, close to the main metro station and a walking distance to various tourist points of interest.",no review
united kingdom,comfort double room,couple,1,2023,11,10.0,exceptional,welcoming . excellent location close to metro and city. comfortable room and bed. excellent breakfast.,no review
turkey,comfort double room,family,4,2023,11,9.0,nice hotel in a central area,the reception desk was very helpfull.they did all my restaurant reservations.the breakfast was delicous and the staff was very attentive.before any kind of food was finished they provided the new one.thqnk yoy,"i wish there was some milk in the room for the coffee.i was hoping that they would replace the tea i used ,but they did not.( even after i told the front desk)"
united kingdom,comfort twin room,group,4,2023,11,9.0,a welcome break from the pressures of life made very worthwhile,very good choice of food. good location for retail therapy! restaurant at the hotel was superb and the staff very pleasant and helpful.,nothing!
belgium,comfort double room,solo traveller,1,2023,11,10.0,exceptional,the room is nice  the location is perfect good breakfast,no review
poland,comfort family room plus,family,2,2023,10,8.0,very good,good breakfast and amazing views from the terrace in our room. the service is very kind.,no own parking  the hotel is old fashion
portugal,comfort king room,couple,1,2023,11,9.0,superb,room was clean and spacious. breakfast was superb. we dined in the restaurant on the top floor with panoramic views over the city.,no review
canada,comfort king room,solo traveller,2,2023,11,8.0,my stay was fairly good.,i like the breakfast.,i did not like it that the gym was closed during my 2 day stay.
canada,comfort twin room,couple,2,2023,11,9.0,superb,everything,no review
united states,comfort single room,group,2,2023,11,8.0,"don henique offered a comfortable, convenient location hotel in an interesting city","roof top restaurant & bar, good breakfast","small rooms, view, little help from lobby staff ( not desk people)"
costa rica,comfort twin room,family,3,2023,11,9.0,"great location, full delicious breakfast and amazing views of the city.","great location, excellent room size with beautiful city views, and delicious breakfast.",no review
united kingdom,comfort king room,group,3,2023,11,10.0,would thoroughly recommend this hotel,"room was amazing - clean, spacious, modern and quiet despite being on street side. amazing value for money. hotel staff were brilliant too.",nothing to dislike about our stay or the hotel
united kingdom,comfort king room,couple,4,2023,11,8.0,enjoyable few days in an interesting city .,breakfast was very good - plenty to choose from .  location was ok - a little too far to walk in the darker evenings to get to the centre for choice of restaurants.,no review
united kingdom,comfort single room,solo traveller,1,2023,11,10.0,exceptional,"everything, the hotel was excellent, restaurant served very good food, great room and facilities, good location",nothing
greece,comfort suite,family,2,2023,10,10.0,exceptional,"big spacious comftable room, great breakfast, friendly and helpful personel. bar with great view on the 17th floor. within walking distance (20-25min), from all the points of interest. overall, it was a very good hotel.",no review
united states,comfort family room plus,family,2,2023,10,10.0,we will back!,"excellent location, nice bar on roof top, the room was amazing the view to the city.",no review
united kingdom,comfort king room,solo traveller,1,2023,9,10.0,did the job perfectly,location,no review
spain,plus comfort suite,family,4,2023,10,10.0,i would definitely stay here again.,great location,very clean. had everything we needed.
south africa,comfort suite,family,1,2023,10,8.0,great location and facilities in the heart of porto.,"it was modern, neat with a great restaurant.",no review
canada,comfort king room,solo traveller,2,2023,10,10.0,great location. great views.,great views. nice staff,nothing
egypt,comfort single room,solo traveller,1,2023,9,10.0,exceptional,it is comfortable and clean. perfect location:),no review
united states,comfort double room,couple,1,2023,10,10.0,everything was very nice,excellent breakfast. amazing rooftop bar /resturant with view,no review
canada,comfort double room,couple,5,2023,10,9.0,superb,great location. easy access to all attractions. desk staff were very helpful.,staff at restaurant were indifferent
kuwait,plus comfort suite,couple,3,2023,9,8.0,very good,the rooftop lounge and restaurant were super,no review
france,comfort double room,solo traveller,1,2023,10,10.0,stars well owned ! excellent,"excellent service , delicious restaurant at the rooftop, serviceminded , rooms with a great view.",a little stiff on traditional codification
united kingdom,comfort double room,solo traveller,2,2023,10,9.0,"seamless, staff were courteous but not overly attentive. all services provided worked without issue.","the whole experience was very enjoyable. made even better by the upgrade to a king room, which was well presented. breakfast was fresh and plentiful. 17' restaurant and bar were good quality. all staff very friendly. would definitely book to stay here again.","very minor, the shower head was a little broken, but still usable."
france,comfort king room,family,3,2023,10,10.0,excellent hotel in porto,"our stay was perfect. we liked the location: easy to get to from the airport and great to walk around in the city center. our room was spacious and comfortable, with modern decoration, a king size bed, a big bathroom and a lovely little terrace which we really enjoyed. all the staff were friendly and very helpful. a packed breakfast was prepared for us because we had to leave quite early on our last day. we got great recommendations for restaurants and a little surprise for my husband's birthday which was totally unexpected and really appreciated. the room service meals were delicious! in summary, a great place to stay with excellent customer service and we would be happy to return.",no review
united kingdom,comfort double room,couple,4,2023,10,9.0,excellent hotel in good location.,location good for transport from/to airport. everything very clean. friendly staff. we got a room upgrade and this was excellent. liked the rooftop bar/terrace. breakfast was very good.,only one small thing - were given 4 complimentary coffee pods and then had to pay eur1 for any extra.
united states,comfort single room,solo traveller,2,2023,10,10.0,"didn't want to check out, very cozy room. would stay again!","i loved this hotel  great staff, room, and rooftop restaurant and lounge.",i liked it -- nothing bad to report!
united states,comfort family room plus,family,2,2023,9,10.0,exceptional,wonderful staff,no review
united states,comfort suite,family,1,2023,10,8.0,gear place to stay for downtown porto,"great location, clean and nice rooms. beautiful rooftop bar with great views.",was a very nice place but a little bit pricey
united kingdom,comfort twin room,group,4,2023,10,8.0,"lovely hotel , but a bit too far away from river and places you want to go",lovely big room with balcony,rooftop bar outside area is very small . no milk for tea in rooms.
united kingdom,plus comfort suite,family,2,2023,10,8.0,decent central accommodations in a retro high rise hotel,"accommodating front desk staff and bellhop, fairly central, original retro vibe intact, rooms were large and clean, great views, roof terrace.","the bar staff were obviously unhappy to be working the afternoon we went up to have a drink and nibbles.  quite unfriendly, service took forever despite there was hardly anyone up there. we actually had to organise our own service, no one approached us. once we were able to get some food and wine, it was quite good."
united kingdom,comfort single room,solo traveller,3,2023,10,10.0,perfect. thank you.,"location is very central. staff helpful, room clean with power shower and international tv. a good range of breakfast. the great thing is the view from the bar and restaurant of the city. they know how to make a proper gin and tonic. thank you.",no review
united states,plus comfort suite,group,3,2023,9,9.0,"very competently run hotel with a great restaurant on the roof, good value.","very pleasant staff, top rated restaurant, good breakfast. the location is pretty good, with a car park across the street, a metro stop nearby. the river is maybe 8-10 minutes away on foot. rooms were large and clean.",if i had a quibble it would be insufficient power outlets in the room. a couple more power outlets near the bed would make a big difference. decor felt a little dated but who really cares.
united states,comfort family room,group,3,2023,9,9.0,pleasant stay,not included in our reservation . for the rate breakfast should be included. location good.,breakfast should be included .
switzerland,comfort single room,solo traveller,2,2023,8,9.0,superb,"great location, comfy beds",no review
venezuela,comfort family room,family,2,2023,9,10.0,comfortable hotel,near downtown,very expensive the breakfast and many option near to the hotel
brazil,plus comfort suite,family,2,2023,9,9.0,great experience!,staff was amazing. the bar has a great view of the city. room was great.,an improvement point would be to have a first aid in the reception in case one of the guest needs.
united states,comfort king room,couple,3,2023,9,9.0,very nice hotel. worth the stay!!!,"very nice hotel. comfortable, very clean, great beds. great shower. had a fantastic view from our balcony. we had a small suite. some of the other rooms are quite small but fine if you are mostly sleeping. staff kind. great breakfast!!!",coffee pods in room were not replaced for free. once you use your two pods you have to pay 1 euro for every new pod. very frustrating and petty. we did not experience this in the two other hotels we stayed in.
germany,comfort double room,couple,1,2023,8,8.0,ideal for travellers by car,central location and easy to reach by car. the large public parking next to the hotel is a plus. good breakfast and friendly staff.,the bathrooms are dark and it is not very comfortable to enter in the bathtube.
portugal,comfort double room,couple,4,2023,9,10.0,great location and very nice hotel. staff was very helpful.,the room was very big and very quiet.,nothing to complain about.
netherlands,comfort king room,couple,2,2023,8,10.0,exceptional,"clean, cozy, amazing, beautiful. the view is adorable !!",no review
united kingdom,plus comfort suite,couple,4,2023,9,8.0,very good,"hotel in good position to see porto, bar area very good views from 16 th floor, in general nice hotel.","thought it very strange to be charged for milk when tea and coffee supplied in the room also only 4 coffee capsules supplied for the four nights we stayed for the coffee maker, meal in the restaurant 1st night steak very tough sent it back, replacement was much better, but very nice surroundings."
united states,comfort single room,solo traveller,1,2023,8,8.0,very enjoyable.,clean and comfortable.,nothing.
malta,comfort double room,couple,2,2023,9,10.0,great experience,roof top terrace and lounge bar,nil
iceland,comfort twin room,group,3,2023,9,9.0,superb,breakfast was excellent,no review
united kingdom,comfort family room plus,family,2,2023,8,10.0,super,"i like everything in this property. great location, very modern hotel, super clean . staff is so polite and helpful. amazon view from the rooms and great rooftop in the top of the building with a bar . fantastic",nothing
spain,comfort double room,solo traveller,4,2023,8,9.0,"great bed, nice rooms","great bed, nice breakfast, kettle in the room, fast and enough elevators, great in house bar and restaurant.",no ramp at the entrance
italy,comfort double room,group,2,2023,8,9.0,strategic position with an amazing view over the city,"position and the roof top, even if we expected it was bigger ...",no review
spain,comfort double room,family,2,2023,8,10.0,exceptional,location was excellent and facilities were great,no review
australia,plus comfort suite,couple,2,2023,8,8.0,very good,restaurant and bar. view from the room. spacious room.,no milk for tea and coffee making
portugal,comfort single room,group,1,2023,8,9.0,very comfortable rooms; perfect location; nice breakfast,very comfortable rooms; perfect location; really nice breakfast,the room was on the first floor and had no view
germany,comfort double room,solo traveller,4,2023,8,9.0,superb,the room was well maintained and cleaned. the hotel is well located for sightseeing in porto.,the drain flies in the bathroom.
germany,comfort single room,solo traveller,3,2023,8,9.0,lovely well located spot!,great location and very modern bathrooms!,gym was very tiny.
germany,comfort double room,group,3,2023,7,8.0,very good,great location. in a quite area with close proximity to the metro and central location. comfortable rooms.,no review
united states,comfort single room,solo traveller,3,2023,7,10.0,exceptional,everything was wonderful,no review
united states,comfort double room,family,2,2023,8,10.0,exceptional,the room was comfortable quiet updated and well situated also everything needed for a comfortable and relaxing stay,if i could give it six stars i would have. great location everything was excellent.
australia,comfort double room,family,3,2023,7,10.0,wonderful family stay,"great location, views and hospitality",nil
poland,comfort double room,family,2,2023,8,9.0,very nice hotel,bar and restaurant,na
romania,comfort family room plus,family,1,2023,8,10.0,great!,family room excelent for a family with 2 kids. excellent breakfast ! the roof top bar also great. the view was nice from up there.,it was quite expensive and not so centrally located as i thought!
south africa,comfort suite,family,4,2023,8,9.0,a very pleasant hotel - a little further out than we thought but still manageable. lovely staff xx,friendly people,it was as expected
italy,comfort double room,solo traveller,6,2023,8,9.0,superb,"the room is quite big and my room has a balcony, i loved it. the rooftop is a gem. the position of the hotel is pretty good. i really enjoyed it staying there.","the wi-fi seemed a bit slow. i would change the shower head, the water flow was a bit slow."
united states,comfort double room,couple,1,2023,8,10.0,"perfect location, and a very nice boutique hotel!","closeness to everything, decor of room","bed could've been a little more plush, and ac stronger"
united kingdom,comfort double room,solo traveller,1,2023,5,10.0,lovely and spacious. wish i had a bit more time to spend in the hotel,amazing room! super comfy bed and a gorgeous bathroom with cool toiletries and a fabulous balcony with a view of porto!  the roof top cocktail bar is a must visit during dusk,loved everything
south africa,comfort family room plus,family,3,2023,6,9.0,superb,location was brilliant,no review
switzerland,comfort suite,group,2,2023,8,9.0,perfect place : good location & great cocktails,"friendly staff, nice room well equipped, great terrace and yummy cocktails.",nothing. just missing a power plug in the lounge/extra bedroom
belgium,comfort double room,couple,1,2023,7,10.0,fantastic and comfortable.,"all was great. staff were very helpful, welcoming and accommodating. we felt very comfortable and at home.",all was good
united states,comfort king room,couple,3,2023,7,9.0,superb,great hotel close to bulhao for shopping and eating. room was spacious and clean. great view from the 17th floor restaurant. hotel is away from the busy areas and is a slight walk uphill. highly recommended.,no review
belgium,plus comfort suite,family,4,2023,7,9.0,superb,very nice breakfast. hotel close (walking distance) to the tourist area and city! very happy with it.,nothing
united states,comfort double room,family,5,2023,7,10.0,this was our second stay and we absolutely love your hotel! the restaurant is amazing and your staff is awesome,"location, view, staff",n/a
qatar,plus comfort suite,solo traveller,9,2023,7,10.0,exceptional,the staff are awesome.,nothing
australia,comfort family room plus,family,3,2023,7,10.0,our visit to porto was fabulous staying in this excellent hotel,"so clean, excellent location! very good size room for a family! loved the rooftop restaurant",no parking
united kingdom,comfort twin room,family,4,2023,7,10.0,wonderful friendly and attractive hotel!,the breakfast was great and set us up for the day. something for everyone and all fresh. staff very attentive. the 17th floor was great. although we didn't eat in the restaurant we did have snacks and drinks in the bar area which we loved. we missed the dj as too late and we were shattered but great atmosphere and views. twin beds very comfortable and lots of cupboard space. a few more hangers would be appreciated.  we were upgraded when we arrived to have a larger room and a balcony so very pleased with our large room and views. we even loved the swifts nesting around our balcony. they gave us endless entertainment with their speed and flying skills ... a real bonus to us but not sure everyone would appreciate them!,location good for station and shops and bars but a bit of a trek to river. although for good tips from hotel reception on route to take to minimise the steep walk back. would have been nice to have milk in room to make tea (as not coffee drinkers) and with high standards i would have expected dressing gowns and would have been appreciated.
united kingdom,comfort single room,solo traveller,4,2023,7,10.0,"great location, incredibly clean and comfortable.","cleanliness, comfort and safety",no review
germany,plus comfort suite,couple,2,2023,7,9.0,great stay in porto with view,"the view was amazing, also the food and service. the staff was great!",the rooms are not that modern
romania,double room - disability access,solo traveller,4,2023,7,8.0,very nice,"quite good eggs could be made to order no fish for breakfast too much meat,",no review
canada,comfort double room,couple,3,2023,7,10.0,exceptional,no review,too dark in the hallways on the 14th floor
united kingdom,plus comfort suite,group,3,2023,7,9.0,perfect for our long weekend in porto,spacious room for 3. lovely balcony. great location. tasty breakfast. ideal for our girls weekend in porto.,nothing we didn't like
united kingdom,comfort double room,couple,3,2023,7,8.0,very good,breakfast good  location not as downtown as i expected,no review
united kingdom,comfort king room,couple,4,2023,6,9.0,superb,great location,no review
united states,comfort double room,family,1,2023,6,9.0,"park, check in and you are on the go","nice large hotel, great location with walking distance to the river and most attractions of the city. good breakfast and clean rooms. large parking structure for long term parking right a cross the street, very convenient for travelers with a car. beautiful view of the city from the room balcony.",no review
australia,comfort king room,couple,2,2023,6,10.0,very good in all counts,"very nice hotel , roof top bar and restaurant amazing, food so good",nothing
united kingdom,comfort double room,couple,3,2023,6,10.0,would highly recommend,outstanding restaurant,all good
united states,comfort twin room,couple,4,2023,6,9.0,very pleasant base to explore porto,friendliness of staff comfortable accommodation  great rooftop bar and restaurant,no review
united kingdom,comfort twin room,group,2,2023,6,9.0,superb,"great location, clean tidy hotel with friendly helpful staff. great breakfast",all good
ireland,comfort double room,couple,4,2023,6,8.0,very good,nice clean hotel,no review
united kingdom,plus comfort suite,couple,6,2023,6,10.0,let down by booking.com but highly recommended hotel,"great location, v comfy bed, good views and decent breakfast",just the letdown by booking.com who offered free airport transfer but failed to deliver on their offer. hotel was excellent
ireland,comfort suite,group,1,2023,6,9.0,lovely large room,lovely large room - seperate sitting room with sofa bed. ideal for three people. lovely buffet breakfast with great choice. very helpful staff - allowed us to leave our luggage for the day. it was very close to trindade metro station,it was a very hilly walk up to hotel from the river - but i think that is the same for a lot of hotels in porto
united kingdom,comfort king room,couple,5,2023,6,8.0,good,"bedroom and bathroom were great, had 2 balconies.","breakfast service, plates, full cups of coffee taken away when we went up for fruit! later in the week someone clearing tables constantly whilst still eating!"
dominican republic,comfort suite,group,1,2023,6,9.0,excellent,everything,nothing
latvia,comfort double room,solo traveller,5,2023,6,9.0,"if will be next visit to porto, i will book this hotel again",perfect all,no review
united states,comfort family room,family,2,2023,6,9.0,an amazing experience,"the location it was excellent. the hotel it was very clean and comfortable, smelling amazing. we enjoyed our stay there and definitely we will recommended to others",nothing
ireland,comfort double room,couple,2,2023,6,9.0,a lovely stay,"we loved our stay at hotel dom henrique. the hotel is centrally located in a quiet area. we were upgraded to a superior room and it was gorgeous, so spacious with a massive bathroom. hotel was quiet at night, staff were lovely and very helpful. the bar on the 17th floor was just stunning. you can get cheaper hotels elsewhere but hotel dom henrique is well worth it.",no review
luxembourg,comfort king double room with romantic package,couple,1,2023,6,9.0,wonderful and totally recommend.,"good location. rooms are spacious, clean and you get nice view is you are on higher floors. all facilities were great and we got a champagne as welcome drink. the rooftop bar is nice place to chill and relax and the cocktails were wonderful. i would definitely recommend this hotel.","i tried to make a reservation for dinner and request for birthday cake on same day around noon but it was too late :( just was not expecting this for a 4-star hotel. in case you are planning such things, then inform hotel in advance and all will be sorted as they are very nice and helpful."
united states,comfort family room,group,1,2023,6,10.0,2,"great location, roof top, nice and helpful staff.",breakfast was so basic.
denmark,comfort twin room,solo traveller,1,2023,6,9.0,"great value, convenient and comfortable stay in porto",this is an extremely comfortable hotel with large size rooms that are well equipped. modern and convenient. i actually found the location very slightly away from the old town to be a relief from the intensity of the centre - but you could be back in the thick of it again within a 10 minute walk. plenty of good restaurants and convenience stores in close proximity. rooftop bar as well on fridays and saturdays as entertainment.,"nothing, this was a really good choice and good value."
canada,comfort single room,solo traveller,1,2023,6,10.0,just great all the way.,"great and sumptuous breakfast, great staff, great location.",no review
ireland,comfort king room,couple,4,2023,6,8.0,added to a good holiday,good location. bed very comfortable,small space in bathroom
united states,comfort king room,couple,3,2023,6,9.0,"a delightful, multifaceted hotel in an excellent part of porto.","the staff were excellent, as were the facilities, overall. the rooms were large with wonderful, panoramic balconies, though the interior lighting was rather dim. good location. fair price. very nice restaurant and lounge. parking in a massive care park 1 block from the hotel. we'd definitely return on another visit.","dim interior lighting. bathroom was adequate, but cramped given the size of the room."
united kingdom,comfort suite,couple,2,2023,6,9.0,more expensive than our usual choices but very pleased with this hotel for a first visit to porto and portugal,"excellent location for metro links at trinidad and onwards for car hire (europcar). great breakfast, spectacular rooftop bar, very helpful staff when things go wrong (flight cancellation).",no review
unknown,comfort king room,couple,3,2023,5,10.0,"great location, comfortable, spacious, clean rooms, above & beyond staff","the hotel dom henrique was perfect. the rooms were spacious and clean, the bed was very comfortable and the location was very conveniently located without the noise to interrupt a good nights sleep. the television station availability was superb, covering a wide variety of options. we could easily walk to local markets, restaurants, avenida dom afonso henriques to meet the hop-on hop-off buses and sao bento train station. the staff was more than accommodating for various requests, their restaurant recommendations were spot on, they really went above and beyond, very helpful & knowledgeable. lastly, their breakfast was extensive and delicious, more like a brunch. we knew little about this property prior to our stay but would highly recommend the stay.",no review
hungary,comfort king room,couple,4,2023,5,8.0,"good location, clean and beautiful view from the room.",the terrace restourant is a unique place. coffee machine is in the room.,the extra coffee capsule cost money.
united states,comfort king room,couple,4,2023,5,10.0,"comfortable, clean, great location, wonderful staff, and great food in hotel restaurant.","excellent hotel. our room was very large with a great balcony with a beautiful view of porto. the bedroom and bathroom were modern, clean, and comfortable. the breakfast was delicious with a lot of variety. staff was friendly and helpful. great location for activities all over porto. fun rooftop bar.",all was great.
united states,comfort king room,group,3,2023,5,10.0,exceptional,excellent location and super clean facilities! highly recommended.,no review
united kingdom,comfort king room,group,4,2023,5,10.0,great hotel with fab breakfast would stop here again,great view from the top with bar,nothing really
azerbaijan,plus comfort suite,family,2,2023,5,8.0,very good,"location, room was great and view",breakfast can be better to my option
united kingdom,comfort king double room with romantic package,couple,1,2023,5,8.0,"really nice location, easy to get around via bus, train or taxi.","central location, close to local attractions.",no review
france,comfort double room,group,1,2023,3,8.0,a great option for a short business stay in porto.,"a comfortable modern hotel that was very well situated for a business stay. it is easy to access by car, outside the busy and historic centre of porto, but within a comfortable walking distance. the rooms were comfortable and the bonus is the amazing roof restaurant and bar with a spectacular view over porto.","although it is next to a very convenient parking garage, the price was not included as a hotel guest."
canada,comfort single room,solo traveller,2,2023,4,9.0,superb,"great location, helpful staff, beautiful hotel and phenomenal rooftop restaurant. amazing views of porto and very walkable area.","when i booked the hotel, the description said there was parking. it wasn't until i got there that i realized there wasn't parking at the hotel. next door there is a parking garage which is very convenient however, they should work together to provide a more reasonable rate for hotel guests to park."
hungary,comfort double room,solo traveller,3,2023,5,8.0,very good,great breakfast and kind staff,no review
united states,comfort king room,couple,4,2023,5,10.0,we loved to stay here!!,"the property was clean, well take care of and the tv pack was great!",no review
canada,comfort king room,couple,5,2023,5,10.0,beautiful hotel in downtown lisbon.,"the hotel was very clean and comfortable. the staff were attentive, and the bar/restaurant upstairs was delicious. the bathrooms are well stocked, and had comfy robes and slippers. although it's centrally located, it was very quiet for sleeping in the evenings.",no review
united kingdom,comfort double room,family,1,2023,5,10.0,excellent place to stay,"i thought this hotel was excellent. good size room and bathroom, nice balcony and it was very quiet. temperature was easy to control, and i had a great nights sleep. the shower was strong with lots of hot water and a bottle of water left in my room. taxi was organised for the airport the following morning with no problems. this hotel is well placed for the main shopping street",nothing
united states,comfort king room,couple,1,2023,5,10.0,perfect in everyway!,"spectacular view from our room, day and night! quiet, clean, fabulous bathroom and shower. breakfast was everything you could possibly want: eggs, bacon, breads, pastries, melon, fresh fruit, coffee, cappuccino, assorted juices, pancakes, waffles, yogurt. probably one of the nicest rooms we have ever stayed in.",we liked everything
spain,comfort double room,solo traveller,1,2023,4,9.0,superb,good view of top floor restautant!,no review
portugal,comfort single room,solo traveller,1,2023,5,9.0,"very central, always good.",good breakfast,no review
poland,comfort double room,solo traveller,3,2023,4,9.0,superb,"great localisation, nice view from the restaurance, deliciuos breakfast & dinner",no review
ireland,plus comfort suite,group,3,2023,5,8.0,very good,"the rooftop bar offers great views but its a very tight area that may not suit non-smokers. stayed in a comfort suite which was very well laid out as we were 2 friends sharing, although the lighting could have been a bit brighter in the bathroom and lobby area. we opted for room only rate and went to a lovely local cafe 1 min walk away with a mouth-watering selection of savoury and sweet pastries and great coffee at a more than reasonable price, probably eur4 pp","the hotel is a good 25 min up hill walk from the main ribeiro area so if you don't like walking ensure you get taxis. additional pods for the coffee machine were by request and chargeable, c'mon a 4 star hotel and 4 star prices? i think the hotel is overpriced for location"
ireland,comfort double room,family,1,2023,5,9.0,superb,great views from bar,not a great area for eating out alone
united states,comfort double room,couple,4,2023,5,9.0,superb,rooftop bar,"rooms are small, but typical"
ireland,comfort double room,group,3,2023,5,8.0,pleasant hotel and nice facilities. 20 minute walk to river passing lots of interesting places.,airy room with open door to small balcony. good shower and plenty of space. breakfast was buffet style - very fresh food and nice portuguese flavours.,complimentary bottle of water was welcome but pringles/nut bar left on table was not complimentary and should have been called out more clearly or stored in fridge where people expect goods that are used are paid for. replacement coffee capsules were also charged - i don't drink coffee so didn't bother me personally.
united states,comfort twin room,group,2,2023,4,9.0,superb,"room was spacious, attractive, clean.",no review
canada,comfort double room,solo traveller,2,2023,4,10.0,exceptional,it is an excellent hotel. it is close to everything and has the best views of the city.  room was spacious and clean. definitely would stay here again if i get the chance to go back to porto!,nothing
united states,comfort twin room,solo traveller,2,2023,3,8.0,"good location, nice view at top level restaurant floor.","the location is good, not far from tow metro stations. the hotel top restaurant floor offers very nice porto city view. the breakfast is good too (not at hotel top restaurant floor) .","not like other 4* rated hotels, the hotel only offers complimentary water at the arriving date."
united states,comfort double room,couple,1,2023,4,10.0,comfortable,amazing breakfast,no review
united kingdom,plus comfort suite,couple,2,2023,3,9.0,superb,great roof top bar & restaurant with friendly staff,no review
portugal,plus comfort suite,family,2,2023,4,10.0,i loved every second of my stay at hotel dom henrique and i plan on coming back!,"rooms very spacious and clean, staff very nice and friendly, phenomenal view from the rooftop bar of the whole city of porto! the hotel met all the expectations if you're planning to stay a few days exploring porto. breakfast was also delicious!",no review
poland,comfort double room,solo traveller,3,2023,4,10.0,great,location,no review
germany,comfort suite,family,4,2023,4,8.0,very good,"location, space full room, great shower","noise level from the cars on the streets around, room a bit to bright for a perfect sleeping."
united kingdom,comfort king room,couple,5,2023,4,9.0,superb,friendly staff. very helpful and polite.,no review
australia,comfort king room,family,3,2023,4,10.0,exceptional,"clean and spacious room, entry foyer for room.",n/a
ireland,comfort king room,couple,4,2023,4,10.0,nice hotel in good location,rooms very big and spacious,no late check out option
united states,comfort twin room,couple,4,2023,3,9.0,overall great place to stay with convenient location,"the room was great!! very spacious, nice closet, comfortable beds, air conditioning worked and nice bathroom. no problems. lobby and common areas were nice too. we enjoyed the lounge on the top floor.",the hallway was very dark which made the hotel seem low budget and sketchy. that was strange because the lobby and rooms were really nice. they just need more light in the hallway to make it brighter and more welcoming. also the wifi had to be reconnected constantly.
qatar,plus comfort suite,family,13,2023,3,10.0,exceptional,awesome staff and awesome location,no review
qatar,plus comfort suite,family,7,2023,3,10.0,wonderful afternoon drinks watching the sunset.,location is prefect for the office and the city. the staff are wonderful. will be staying with you guys again. thank you so much. my dad also had an awesome time.,some of the other guests would come back in the early morning and be really loud and inconsiderate on the hotel floor and wake people up. nothing to do with you guys. people- ugh!
united states,comfort single room,family,4,2023,3,9.0,good value well run.,very clean and new. professional friendly staff. great bkfst.,further away from waterfront than desired.
united kingdom,deluxe panoramic suite,couple,3,2023,3,8.0,overall we thoroughly enjoyed our stay.,we had a shiite with fabulous panoramic views. the rooftop restaurant and bar was great.,the loud music playing until the early hours on saturday night that we could hear in our suite whilst trying to sleep. no milk for coffee in the room. had to pay extra for coffee pods in the room after the first day. breakfast offering was not overly impressive. decor could do with an update in the room.
united kingdom,comfort king double room with romantic package,couple,2,2023,3,9.0,a perfect place to stay with great city views,views from room were amazing. breakfast was good. staff were friendly and helpful. good location to reach main tourist areas by foot.,didn't receive welcome drinks as advertised but not a major issue.
spain,double room - disability access,couple,3,2023,3,10.0,exceptional,everything,nothing
canada,comfort single room,solo traveller,3,2023,3,8.0,already said what needs to be said,the very friendly stuff. the breakfast choices. the clean room inc. the bathroom,"the price for breakfast, the pillows were uncomfortable, the bed was a bit small."
singapore,comfort twin room,group,2,2023,3,8.0,a short but enjoyable stay.,"very convenient location, walking distance to the main tourist spots. the rooftop bar and restaurant is also a plus, great view of the city. also appreciate that we are given a room with a amazing terrace view of the city.",no review
united kingdom,plus comfort suite,family,2,2023,3,9.0,superb,"the breakfast was very good, the location just right downtown, waking distance to all the attractions it was my son's bday the hotel organized the cake for him. lovely rooftop restaurant with dj on friday night  beautiful view from our room! i must say the hotel staff is kind and very helpful. overall, we had a great time!",nothing really
denmark,comfort family room,group,4,2023,2,9.0,it was perfect!,the sweet staff. the breakfast. the aesthetic of the hotel.,we had been looking forward to go on the rooftop but unfortunately we were not allowed. but no worries;)
belgium,comfort double room,solo traveller,4,2023,3,10.0,great hotel close to the center!!,"very good location. to the center there is nice walk of 15min. close by to the metro, where you have direct connection to the airport. hotel is great! rooms are very clean. i got originally room next to the lift (which i do not recommend, because of the noise the lift makes), but after asking for new room i got this great, much bigger room and it was great!! staff is very nice. breakfast was also great! nice experiance.",no review
united kingdom,comfort double room,solo traveller,3,2023,1,9.0,"fantastic city to visit, couldn't fault the hotel, will be back.","location is fantastic situated at the top of the old town, walkable distance to all city attractions. fantastic restaurants within 5 minutes of the hotel.  hotel itself was very clean, quiet and comfortable. my room overlooked the street but i did not hear any outside noises. the bed was so comfortable the best i've slept in, in a hotel in a long time. the breakfast was perfect, great selection, fresh and tasty. all staff were friendly and went out of their way to be helpful. definitely pay a visit to the bar, beautiful view of the city, day or night. will definitely be back.",no review
malta,comfort double room,couple,4,2023,3,9.0,superb,"location is not exactly center but well within easy walking distance. excellent room on upper floors, clean and well kept with fantastic views from mountains to city and distant ocean",it could have better control on lights inside room. could not switch off ambient lighting even at night without removing card from main switch
netherlands,comfort double room,couple,3,2023,2,9.0,"very good, luxurious and value for money hotel in the center of porto.","the rooms were clean, everything worked and the design was exquisite. the hotel building stands out above the surroundings due to its height and design. the breakfast was also very good!",the breakfast room felt a bit too small for the number of people simultaneously visiting for breakfast.
canada,comfort king room,couple,3,2023,2,9.0,"very good,loved the staff,beautiful view from the top,a bit far from centre","the staff,comfort,view at the top",charge for extra room coffee
germany,comfort single room,solo traveller,1,2023,2,9.0,perfect,"-very good located. close to the center and metro station -hotel interior/rooms are modern and classy  -staff at the reception was very friendly -breakfast was perfect, lots of options -rooftop view is unbeatable",-not really soundproof. especially from the level above i could hear almost every step during the night. also there's some really annoying noise which i couldn't locate. maybe from the elevator or some engins.
italy,comfort king room,couple,3,2023,2,10.0,exceptional,"close to the center of the town, elegant, nice with a incredible rooftop. staff really kind",no review
united kingdom,comfort double room,solo traveller,1,2023,2,8.0,a good modern hotel,nice comfortable room and convenient location. nice bar with great views,breakfast not early enough for my (early) departure
spain,comfort king room,couple,1,2023,1,8.0,very good,breakfast was superb.,the hotel doesn't offer a parking. you can park you car in a parking right in front of the hotel that is pretty expensive.
portugal,comfort double room,couple,1,2023,1,10.0,exceptional,very dog-friendly hotel! good staff!,nothing
italy,comfort double room,couple,3,2023,1,10.0,exceptional,"welcoming staff, comfortable bedroom, great view",no review
romania,plus comfort suite,family,3,2022,12,9.0,superb,location,nothing to comment negatively
ireland,comfort single room,solo traveller,7,2022,12,9.0,superb,location,english film channel disconnection
armenia,comfort king room,couple,1,2022,12,10.0,exceptional service! loved it!,"the location, staff and overall the whole service was eccentric!",no review
turkey,comfort suite,group,2,2022,12,10.0,centrally located and decent hotel,"the facility and location were nice, only the morning breakfast was very poor",no review
philippines,plus comfort suite,couple,3,2022,12,10.0,perfect,location,none
singapore,comfort double room,family,4,2022,12,9.0,sensible hotel choice for porto,"excellente location, at the fringe of the old city, a stone throw from trindade metro station, so super convenient to go anywhere (5mins walk to st catarina for all the shopping). building outside is quite old (70s/80s) but rooms have been fully renovated so very clean, very comfortable (rooms are big) and excellent bed. our stay was in winter and heater was well tuned for optimum comfort. also excellent restaurant on 18th floor with superb view . this ""modern"" hotel does not have the charm of the old buildings, but offers an excellent compromise location, comfort, convenience","tv quite small, breakfast very standard with standard quality (but extremely attentive staffs)"
israel,double room - disability access,couple,2,2022,12,9.0,superb,it's a fence hotel that not expensive in this time of the year.,no review
greece,comfort double room,family,2,2022,12,10.0,a hotel with excellent views,"wi-fi, room size, very clean, good breakfast, polite staff, fabulous view from the roof top",old carpet in the room
united kingdom,comfort king room,couple,2,2022,12,10.0,exceptional,"the room, the service, the food at the minibar, it was the perfect hotel",no review
united kingdom,comfort single room,group,1,2022,11,9.0,"really enjoyed my stay, very comfortable room, would recommend.","lovely room for a single traveler, great breakfast. superb roof bar with great views and good service.",nothing to dislike!
israel,comfort suite,family,1,2022,11,8.0,very good,".good breakfast, we had a large room with a bedroom and a living room and a balcony with a beautiful view of porto the hotel is located in the center and with a short walk to some of the main sites","we ordered a room with 3 separate beds, so the beds where comfortable but the sofa bed was not comfortable at all, it was at an angle that made it hard to sleep"
canada,comfort double room,couple,1,2022,10,10.0,"we were upgraded at to charge to a suite, view was exceptional!","location was excellent, easily walkable to restaurants and sights.",no review
israel,comfort suite,family,1,2022,11,8.0,very good,"excellent location, very comfortable with car parking near by the hotel . just walk around from the hotel no metro needed.",everything is good
ireland,comfort twin room,family,3,2022,10,10.0,great location and comfortable accommodation,"this was the best room i stayed in during our time in portugal. great size, comfortable beds and was very clean. i really enjoyed visiting the bar on the 17th floor which had a fantastic view of the city. hotel was close to the city centre and bars/nightclubs. would definitely stay here again, if i ever returned to porto.",no complaints.
united states,comfort single room,solo traveller,2,2022,10,10.0,,no review,no review
united states,comfort twin room,couple,3,2022,9,10.0,comfortable hotel in beautiful porto!,we loved our balcony and the room was good sized with plenty of convenient places to put things. the rooftop bar was great both inside and outside. the inside bar is very comfortable after a long day enjoying porto. it's also just a short walk to the subway. the porter was very helpful and nice.,nothing
australia,plus comfort suite,couple,2,2022,10,10.0,we're looking forward to our return visit.,"such a spacious, comfortable room.",no review
australia,plus comfort suite,couple,2,2022,10,10.0,thoroughly menjoyed.,enjoyed our very comfortable stay. good location with great food and breakfasts.,face washers  .
united states,comfort double room,couple,1,2022,10,9.0,we had a pleasant stay in porto.,"the rooms are very nice and comfortable, the staff is very helpful, and the location is great.",no review
united states,comfort king room,couple,4,2022,10,9.0,superb,"lovely, spacious, comfortable room, balcony.",no review
united kingdom,comfort single room,solo traveller,2,2022,8,8.0,excellent hotel in a convenient location with professional service and a top tier restaurant,free water in the lobby was a really nice touch as it was extremely hot when i visited. loved the proximity to the airport train and to the sights. pleasant neighbourhood that felt safe day and night. the hotel restaurant was excellent and i enjoyed a fantastic lunch in a dining room with amazing views,no review
malaysia,comfort double room,group,4,2022,10,8.0,very good,breakfast average quality and selection. rooms are very old and tired and in need of renovation. they were small with small beds.,the room and breakfast.
united kingdom,comfort single room,group,2,2022,10,8.0,a very decent standard,"i had a compact but clean single room with a comfortable bed. ac and wifi worked well. the breakfast was good, with hot and cold food and fresh orange juice. the hotel is in a quiet area close to the city centre.",i wish i had just one more towel (i had two).
canada,comfort king room,solo traveller,2,2022,9,9.0,lovely,"the room was very clean with all the amenities required for a great stay and the bed was comfortable. moreoever staff was very pleasant and friendly, my only complaint was the number of smokers near the entrance but the hotel has no control of this. i am highly sensitive to certain odors and cigarette smoke really bothers me.",i would prefer that smokers smoke farther away from the main entrance but i'm certain not everyone is bothered as much as i am by cigarette smoke
united states,comfort double room,family,1,2022,10,9.0,"great value, great room, great restaurant!","restaurant and lounge were awesome with great city views. the menu was exceptional especially for me, a vegetarian.",would have liked a little closer in location
united kingdom,comfort twin room,group,2,2022,10,9.0,excellent hotel in a really great area,the hotel was excellent. lovely staff and really big rooms,the service in the roof top bar was too slow. no fault of the staff who were trying their best just not enough of them.
india,comfort double room,couple,2,2022,9,10.0,it was a very comfy stay. great rooms and very good staff,"hotel was very comfortable, big rooms and the staff was very welcoming.  hotel have a bar at the roof top which is probably the highest point in the city and have an amazing view over city.",nothing
israel,comfort twin room,group,1,2022,9,10.0,exceptional,"the hotel is amazing, very comfortable and clean. there is a really close parking place which is very convenient.",the location is a bit far from the city center. around 20-25 minutes walk
united states,comfort double room,couple,1,2022,9,8.0,"it was pleasant, comfortable","efficient, well managed",production atmosphere due to big groups coming through
united states,comfort king room,couple,1,2022,9,10.0,amazing location and rooms are very clean,the location is great!!! we walked everywhere!!! staff was very nice as we had our flight got cancelled and they accommodated changes for us!!! we definitely recommend and will go back!!! you can park in the street at no charge until 9am!,no review
canada,comfort king room,couple,5,2022,9,9.0,superb,"large room with separate area for bathroom and entrance. only 5 rooms on our floor. quick elevators. good breakfast, with freshly squeezed orange juice.",unable to check in early even though they had empty rooms.
australia,comfort twin room,couple,2,2022,9,10.0,we loved staying at the dom henrique and would return again.,the hotel was perfectly situated and the view from the balcony was perfect. our room was spacious and very clean and the facilities were excellent. breakfast was great and the service was first class.,no review
united states,comfort king room,couple,3,2022,9,9.0,wonderful hotel well located with an excellent staff.,outstanding breakfast. the staff was attentive and very helpful in several situations.,no negatives.
germany,comfort single room,solo traveller,2,2022,9,8.0,"nice for a short stay, in the center, but quiet","the room was clean, very basic, for a 4* hotel i'd expect a bit more. breakfast was ok, but the eggs for example were never really warm. i liked the coffee very much, strong and good.  i am happy that they didn't change the towels every day (despite i always leave them hanging, meaning i don't want them changed daily, other hotels usually do that). i also liked that despite the hotel is close to the main shopping street, it was very quiet.","the room could be a bit bigger with a bit more storage place. the table was also very small, it was kind of hard working on it."
united states,comfort suite,family,2,2022,9,9.0,superb,location and customer service,bed and the colors of the hall and rooms were too dark for my taste. gives an old look
united kingdom,comfort twin room,family,2,2022,9,9.0,superb,no review,service in the bar on the 17th floor. it. was slow and inattentive
canada,plus comfort suite,group,1,2022,9,10.0,exceptional,rooms were comfortable and clean. the rooftop view and bar were stunning . great location,no review
netherlands,comfort single room,solo traveller,2,2022,8,10.0,exceptional,"the rooftop bar and the kind personnel. the breakfast was good, and the room was cleaned nicely after returning from my city trip.",no review
united states,plus comfort suite,solo traveller,2,2022,8,9.0,amazing hotel - everything was beautiful and fresh. amazing food on rooftop restaurant,"the location was great, the staff knew english (amazing for us yet not expected) and were very kind and helpful. the breakfast food was great, the whole hotel was clean and the lobby had an amazing smell. the rooftop restaurant was amazing - delicious food, the best steak i have every had, attentive and friendly waitors, beautiful view, everything was really just so amazing, probably the nicest restaurant including all factors i've ever been to. we had a suite and everything in there was great (except the bed), we had a beutiful view from our balcony, the bathroom was great, beautiful shower with great water pressure, large counter space w/second counter (amazing), everything was clean.","the only downfall was the bed, it was a king but it was as hard as a rock - but we were so tired both days that we slept just fine. the sheets were clean and comfy"
united kingdom,plus comfort suite,couple,4,2022,9,8.0,great place to stay breakfast very good staff very helpful,very clean and staff very helpful,room very noisy with wind howling all night so did t feel rested ... know they are not responsible for weather but maybe look at extra insulation
united kingdom,comfort king room,couple,7,2022,8,8.0,"great location, view and staff.","great location, view from a room and balcony, the same as from restaurant. outstanding front desk staff - they were very helpful, nice and kind.","few things require refreshment. in our room that would be balcony and carpet ( it was smelly? nothing bad but noticible). if you are looking to do some workout and use the gym in the hotel - don't bother. it is a very small room for 1-2 people, very poorly equipped. i would not call it a gym."
united kingdom,plus comfort suite,group,3,2022,9,9.0,brilliant,"great location! it was very easy to get to and from places. lovely room, lovely hotel in general. the staff were friendly, welcoming and accommodating.",breakfast could have had a little more variety.
pakistan,plus comfort suite,family,4,2022,9,8.0,very good,good location staff were help full  clean property,no review
united states,comfort king room,couple,2,2022,8,9.0,a nice hotel with rooftop views.,"the room was a nice size and clean. the breakfast buffet was quite extensive, with lots of choices.","the hotel is a little distant from the main part of porto frequented by tourists, but the center was not a long walk. uber was also a good choice to get around."
united kingdom,comfort single room,solo traveller,4,2022,9,10.0,my best holidays ever,"very friendly and helpful staff, very clean and centric with wonderful views of the city.","nothing to say here, i only have positive comments"
australia,comfort twin room,family,2,2022,8,8.0,enjoyable,"large rooms ,good variety at breakfast , great rooftop bar /views",adult son left his passport with reception for security . with change of staff they had no idea where to find it as system was lacking
austria,comfort twin room,solo traveller,2,2022,8,10.0,"overall, excellent stay!","rooms are spacious, beddings are very comfortable, with the most comfortable pillows, and room is very quiet. service of staff was excellent. everyone was very helpful and accommodating. plus water, fruits and bedroom slippers. the bathtub was a real bonus!","at around 10am, there's a drilling in the buulding that's going on that kept waking me up. these repair works should be done mid afternoon, or at least the guests should be notified."
united kingdom,comfort single room,solo traveller,1,2022,8,10.0,exceptional,"as always i had a fabulous 1 night stay at hotel dom henrique. the staff are super helpful and friendly. location is great and room views exceptional, will definitely come back",no usb ports in the room. i had to charge my iphone on the tv usb port which meant leaving the tv on all night.
czech republic,comfort double room,couple,4,2022,8,8.0,very good,no review,bad breakfast.
united kingdom,comfort double room,couple,3,2022,8,8.0,very good,hotel staff were very helpful,no review
united states,comfort family room,family,1,2022,8,10.0,exceptional,the rooms spacious and clean,the staff was very nice and accommodating
united kingdom,comfort double room,family,2,2022,8,9.0,superb,the room was great and had a little balcony. everything was clean and it was good to have a kettle to make my own drinks.,the towels for the bathroom were very small. there was only hand size towels and no bath towels. it would be good if larger towels were supplied.
united states,comfort family room,family,1,2022,7,10.0,exceptional,location was perfect for walking or taking public transportation. off street parking was easy,no review
united states,comfort single room,solo traveller,2,2022,8,10.0,"lovely facility, helpful staff",great location,no review
canada,comfort double room,couple,3,2022,8,9.0,"excellent downtown hotel, book the restaurant a couple of days earlier, avoid the breakfast.","it has a wonderful bar and restaurant on the 17th and 18th floor. with a panoramic view of oporto. we couldn't get into the restaurant the first two night as it was fully booked, so we booked for the third. unhappily, we had to cancel that but we did eat in the bar. the food was very good, with a reasonably sized bar menu.","the breakfast. i believe it was an option on booking.com and i selected. once i did it became breakfast included and couldn't be changed. too bad. while it was a quite standard breakfast for portuguese hotels and b and bs, it was badly cooked. runny scrambled eggs, hard boiled eggs with black yolks, powdered decaf coffee."
slovakia,comfort single room,solo traveller,1,2022,8,9.0,superb,"this hotel is very closed to the metro station trindade - about 200 metres. hotel is clean, stuff is helpful. there is a restaurant with terace on the 18 th floor. you will have wonderful view from there especially in the evening.",no review
ireland,comfort king room,couple,3,2022,8,9.0,"lovely hotel, breakfast, friendly staff and near everything.",within easy walking distance of the old town. fabulous rooftop bar overlooking porto,no complaints
denmark,comfort king room,couple,1,2022,7,9.0,convenient,no review,failure offering room for smoker
australia,comfort double room,solo traveller,2,2022,8,10.0,great place to stay while in porti,"great amenities, clean and fresh great breakfast options and friendly ataff",nothing
poland,comfort single room,solo traveller,4,2022,7,10.0,"absolutely fantastic, easy recommendation for people travelling alone!","i really liked the interior design of the bathrooms, the service was great.",fitness room was a bit dark
portugal,comfort twin room,couple,1,2022,7,10.0,exceptional,"everything, including late checkout",no review
canada,deluxe panoramic suite,couple,2,2022,7,8.0,okay,nice suite and great view,restaurant food sparse..ordered the rib steak with asparagus!!!steak was ok but 2 shriveled up pieces??not worth the price??
canada,comfort single room,solo traveller,3,2022,7,8.0,very good,"clean, good location, had gym.",no review
germany,comfort king room,couple,4,2022,7,10.0,absolutely a fantastic hotel!,everything. great location. super breakfast. friendly staff. large room. very clean.,nothing
germany,plus comfort suite,family,2,2022,7,10.0,highly recommend.,"spacious, location is perfect. right outside the hotel is the bus stop 502 taking to beach.",none.
united kingdom,comfort double room,solo traveller,1,2022,6,8.0,short but great stay!,the location of the hotel was great within ealing distance to the stations and starting point for tours. breakfast was ok and staff lovely especially at the bar upstairs. bathroom had a proper window that opens which made me so happy. staff was very friendly and knowledgeable about the area and extremely helpful. very enjoyable short stay.,"my room was next to the elevators which i wasn't happy about but as i was there for one night, i opted to remain in it. shower filled up to the back instead of emptying which was odd. room a bit small. breakfast could be better and cater for non-dairy consumers."
united states,comfort double room,solo traveller,2,2022,6,9.0,great place to stay be prepared to walk a lot or take the bus but the hotel is nice,great hotel with excellent buffet and comfy beds what else can you ask for,location could have been better but it's actually not that bad - mostly a good idea to take the bus
united states,comfort double room,couple,1,2022,6,9.0,great value and excellent service,"the staff is friendly and professional. good breakfast, comfortable and clean.",the location was ok
cyprus,comfort single room,solo traveller,1,2022,7,9.0,very nice hotel,it was clean and the location is perfect,no review
italy,comfort single room,solo traveller,4,2022,7,8.0,very good,no review,the room was small
canada,plus comfort suite,family,2,2022,7,9.0,wonderful location. comfortable and friendly front desk.,breakfast was fine nothing to brag about. staff seemed to have trouble keeping up with fresh refills.,rooftop staff. we waited to order a drink with no acknowledgement. my sister even approached the bar but no one cared to even say hi. so we left without ordering a drink
australia,comfort family room,family,2,2022,7,10.0,"great location, polite, professional service, clean, comfortable rooms.","location, service, comfortable clean rooms.",the breakfast location was cramped and the breakfast quality was average.
united states,comfort family room plus,family,2,2022,7,10.0,exceptional,"very clean, nice staff, room was quiet",no review
united kingdom,comfort double room,couple,3,2022,6,10.0,lovey short break,the choice was good,no review
germany,comfort single room,solo traveller,1,2022,7,9.0,superb,very helpful staff,immediate area is so-so
ireland,comfort double room,solo traveller,5,2022,7,10.0,best place to stay in downtown porto,the staff are so professional and go out of their way to ensure that you enjoy your stay.,the breakfast was the same each day.. my single room was small with a tiny window but when i complained i was upgrated to a bigger room with a balcony.
united states,comfort double room,couple,2,2022,7,9.0,superb,"clean, friendly staff, very confortable",no review
united states,comfort double room,couple,3,2022,7,10.0,exceptional,location,doors would not lock. had to double check
united kingdom,comfort single room,solo traveller,1,2022,7,10.0,exceptional,"everything so clean, easy to find easy to enjoy!",no review
cyprus,comfort king room,couple,2,2022,7,9.0,"good location, friendly staff, fabulous top floor bar.","bed size, room size, location, breakfast. excellent coffee!",the shower room was very difficult to get into and out of with the sink so close to the door.
united states,comfort double room,family,3,2022,7,9.0,porto days !,"the breakfast was plentiful and good. the room was adequate and the water pressure was great with clean fluffy towels everyday. the staff was exceptional! the location was fantastic with a very popular restaurant ""bulha"" nearby.",the first day the shower flooded the bathroom but the staff took care of it right away. there were a lot of birds squawking outside the window. the curtains didn't close all the way!
spain,comfort king room,solo traveller,3,2022,7,8.0,good business option in porto. stunning rooftop views,"great location and amazing views from the last floor. very comfortable bed and good bedroom's size.  facilities pretty fine, but lack of working space/area. rooftop bar only opens at 12h00 not being possible to work from there.  good hotel, recommended.",breakfast correct but simple. could be improved. room amenities pretty simple.
ireland,comfort king room,couple,7,2022,7,8.0,good location for a great city stay,"great breakfast, extra large bed modern and clean room . roof top bar for end of evening drink was really nice.",hard to fault it was what we were looking for.
jordan,comfort double room,couple,1,2022,7,10.0,exceptional,they gave us free champoin for our honeymoon and two free drinks on the trace.,no review
croatia,comfort double room,family,1,2022,7,10.0,exceptional,"location, 17th floor bar",no review
united states,comfort family room plus,family,2,2022,7,9.0,very very nice,"the location, the. staff the room",no review
united states,plus comfort suite,family,1,2022,6,9.0,superb,the roof bar was a pleasant surprise,no review
united kingdom,comfort double room,family,1,2022,7,9.0,"good clean hotel, friendly staff good location","good clean hotel, friendly staff good location",no review
switzerland,comfort suite,group,1,2022,6,10.0,anytime again,perfect location very close to center amazing view from the rooms and from the rooftop,nothing
united states,comfort double room,couple,1,2022,6,10.0,excellent hotel,"great, modern rooms. the staff were fantastic and accomodating. the breakfast was wonderful and we enjoyed the variety offered. the rooftop bar and pool were great places to kick back and relax.","it was not really a problem for us because we don't mind walking, but it was a good little hike to the popular tourist areas and it was a lot of up and down hills."
united kingdom,comfort king room,couple,3,2022,6,8.0,"lovely hotel, great location with stunning rooftop bar for views across porto",no review,breakfast could be improved and the gym was quite poor
united states,plus comfort suite,family,1,2022,6,8.0,lovely place good food and great location,the view from the room and from the 17th floor restaurant.,the breakfast location. it should have been served upstairs on the 17th floor.
spain,comfort twin room,group,2,2022,5,10.0,profesional staff and nice hotel,"very comfortable room, nice breakfast, good location.",no review
unknown,comfort double room,family,4,2022,6,10.0,perfect,"delicious breakfast, friendly staff, comfortable room.",no review
united states,comfort single room,solo traveller,1,2022,6,10.0,a wonderful stay. had the best night sleep in weeks. the staff was amazingly helpful.,loved everything? the rooftop bar was a bonus!!,no review
united kingdom,comfort king room,couple,4,2022,6,9.0,general review,"we liked the location of the hotel. it had a very nice rooftop view of the city from outside, restaurant seating area. outside bar area on 17th floor was also nice but miniscule in size! hotel was clean and tidy. there was a variety of things to eat for breakfast. our room was very spacious and the bed was really big and comfortable they had a variety of tourist information at reception, in the form of maps. staff were also very helpful. you could also buy the 48 hour, yellow bus pass there which included 2 hop on hop off routes, a port cellar visit and river cruise voucher - eur30",assistance handle on the bath had come away from the wall and had i leaned on it properly it could have caused a serious accident. liquid shower gel was fixed in an awkward position so it was hard to press the lever on it. they could have also done with a bottle on the lower level for the bath!
united kingdom,comfort twin room,couple,1,2022,6,8.0,well appointed central hotel,"location, breakfast, rooftop bar.",coffee from machine not great
romania,comfort twin room,group,1,2022,6,8.0,too expensive,no review,no slippers in the room
iceland,comfort double room,couple,3,2022,6,8.0,very good,"location was good, big room",it is a little old but other then that good
united kingdom,comfort king room,couple,2,2022,6,9.0,"wonderful staff, perfect room, great all round","wonderful staff, super helpful in every manner. the room was wonderful.","it is at the top of a hill, haha no this is the only downside if you choice to walk around"
ireland,comfort single room,solo traveller,2,2022,6,10.0,it was very pleasant,very clean and very helpful staff,breakfast could improve a little bit!
spain,comfort suite,family,2,2022,6,9.0,hood,restaurant excellent,decoration of the room very modern but for women a headache : not a single mirror placed in such a way that one could possibly fix make up !
netherlands,comfort double room,solo traveller,9,2022,5,10.0,hightly recommended!,"for me, excellent in all aspects. i will be back for sure. kind regards. personnel excellent and a magnificient vue !! marie-jose plaza","for me, it is all right everything is clean and they respect the savety of the cluents having a mask on, regarding the situation of now. very good !!!"
united kingdom,comfort king room,couple,6,2022,5,8.0,this is a great hotel to stay at with an excellent location and amazing staff.,"the hotel is well positioned being close to the metro, shops and bus stops. breakfast was great but it got very busy at times.","our room was a bit tired, carpets stained in a few places. the bed was too firm for me personally but that's the only negative thing really. oh and it's a tad pricey but it's porto and a lovely popular city..."
malaysia,comfort double room,couple,2,2022,5,8.0,very good,"room size is good, bed is comfortable",no review
united states,comfort single room,solo traveller,1,2022,4,8.0,good. no complaints.,a bit of a walk to the old city but otherwise fine.,hotel restaurant seemed a bit standoffish.
united kingdom,comfort double room,group,4,2022,4,8.0,a good hotel for stop and sleep.,"comfortable room, spacious and clean",all good for what i expected
serbia,comfort single room,solo traveller,1,2022,5,8.0,very good,service is really on high level.,breakfast. it's standard but below the average level.
united states,comfort king room,couple,4,2022,5,9.0,comfortable place to stay in porto.,location was good whether walking to the river or using the metro at trinidade.,food on the 17th floor restaurant was middling. service was superb. would like to see more variety for breakfast.
united arab emirates,comfort suite,group,1,2022,5,8.0,very good,"rooftop bar, accommodating staff",no review
united kingdom,comfort double room,couple,5,2022,5,10.0,fab,really comfortable and quiet room. location perfect for getting around the city and out to the coast. staff were really helpful and friendly - got a great welcome. bar and rooftop restaurant a real treat,all great
iceland,comfort king room,couple,6,2022,5,9.0,glad i picked this hotel,"i liked how the staff was all extremely lovely and polite. they notice their guests and greet. breakfast was so nice and i give them applause for not to big breakfast, less food thrown away. the room was big, cozy, comfortable, and clean. all falicties worked and it was exactly as the picture on the booking showed. the location was perfect for us. upper central or outskirt central. shopping street 2 streets away. lots of restaurants around and also small grocery stores. one of the best hotel i have stayed on. next time i will see if i can get sunny balcony.","there was nothing i didn't like. but if there is something that i could say could be better is: on my balcony were small old table and chairs that was not good to sit on except for fiew minits at a time and i think a heavier person would not sit on it at all.. also beside the hotel entrance is a perfect spot to have a cozy chairs or sofa for guests to sit out and enjoy life..when i think about it that is probably what i missed the most because in the morning i like to sit outside with a coffee, read a book and enjoy the sun but there was nothing except a hard bench situated side ways. and beside it a huge advertising ribbon that made a sound like a flagg in the wind."
portugal,comfort double room,couple,2,2022,3,9.0,"i don't know if i'll be back, i believe the experience is valid for dinner at the hotel and visiting the rooftop","excellent location, bar and restaurant with an amazing view and good service","a bit of negligence from the reception like offering a mask, a water as we arrived at the hotel early, or having our breakfast and making us comfortable should have been more hospitable"
canada,comfort twin room,couple,3,2022,5,9.0,enjoyable.,"roof top patio, nice linens and comfortable beds, clean and updated room and bathroom","handheld shower and 1/2 glass enclosure got water everywhere. roof top patio too small, restaurant too pretentious, not many options close by to eat."
portugal,comfort single room,solo traveller,5,2022,5,10.0,exceptional,everything,no review
italy,comfort single room,solo traveller,1,2022,5,10.0,"good option, to be considered for future travels","nice hotel, clean, modern and with a very gently staff. parking is just near by the hotel.",if you want to eat at the restaurant on the top floor you need to make a reservation. i was not informed about that and i had to choose another option for the night.
united kingdom,comfort twin room,group,3,2022,5,8.0,very good,the rooftop bar is fabulous. i recommend eating in the hotel restaurant as the food was delicious,no review
united kingdom,comfort king double room with romantic package,couple,5,2022,5,8.0,porto is the place to visit,breakfast very good with plentiful supply of fresh items. staff very helpful and courteous and prepared to 'go the extra mile'. level of cleanliness and room servicing. very high restaurant on 17th floor is a must to visit with excellent views and good prices.  good bar area at reasonable prices for a hotel .. lots of trips available.,more of a business than tourist hotel. a bit of a trek to the main areas / old town. porto is a lot larger than we expected and very much 'uphill and down dale' for walking. cabs plentiful and competetively priced
india,comfort double room,group,5,2022,4,10.0,i stayed there like home and very safe and main think is near for our indian resturant.,very nice breakfast,i had all items very nice
israel,comfort twin room,couple,2,2022,3,9.0,superb,location,nothing
spain,comfort family room,family,2,2022,4,10.0,exceptional,no review,breakfast needs improvement
united kingdom,comfort king room,couple,3,2022,4,9.0,"recommend place, friendly staff","clean rooms, roof top bar, close walk to the centre",no review
united kingdom,comfort double room,couple,1,2022,4,8.0,"a nice hotel for stop and sleep, perfect for exploring the city.","comfortable, clean and spacious. enjoyed the rooftop bar",no review
spain,comfort double room,family,1,2022,4,9.0,great but would not recommend the food at the restauramtz,most of the stuff,"restaurant, food quality is not so good."
portugal,comfort double room,couple,3,2022,4,8.0,not perfect but a good stay,"location, room, staff, 17 bar","not possible to make coffee in the room, only tea"
denmark,comfort king room,couple,7,2022,3,8.0,excellent location in a beautiful city,"location was excellent, close to the main train station and several bus stops that made the sigh seeing and enjoying the city super easy. breakfast were good as well - they had gluten free and lactose free options even.","the guests before us had used the mini fridge and the staff did not check that before our arrival, and we found several empty items there upon our check-in. it took a bit of time to sort that out."
united kingdom,comfort family room,family,1,2022,4,9.0,excellent value for money. would definitely stay again.,"very spacious, rooms were clean, bedding was immaculate and the views were lovely.",no lock on the bathroom door!
united kingdom,comfort king room,group,2,2022,4,8.0,very good,no review,was asked to wait at the door for breakfast there were plenty seats available but we had to wait 10 minutes the friends we traveled with were already in having breakfast and had kept a seat at their table for us  unfortunately they were almost finished by the time we were allowed entry this was a bit disappointing  there was also an empty biscuit box that was laying just under the bed in our room so was missed by housekeeping  also having the bar and restaurant on the 17th floor was not suitable for me or anyone else who can not go into a lift so we i couldn't use it and the friends we were with had to go up to the bar to bring a drink down to reception area it would have been useful to offer something/someone for guests who can't go to the bar or restaurant 17 floors up
united kingdom,comfort king room,couple,2,2022,4,10.0,two most enjoyable days.,bar and restaurant well worth a visit. rooms were good size for city hotel and very comfortable.,nothing
ireland,comfort twin room,group,1,2022,4,10.0,exceptional,no review,noisy location
united states,comfort single room,solo traveller,1,2022,4,8.0,"good stay, but if you want a nice breakfast get there early or be left with scraps.","i like the wonderful view of the city, and i received a free room upgrade.","i didn't like the breakfast because at 7:45 there were only boiled eggs, and no bacon, there were plenty of pastries, lunch meat and cheese, and coffee."
greece,comfort single room,solo traveller,2,2022,4,8.0,very good,"location of the hotel , comfort of the room","the breakfast was not so good comparing with the level of the hotel , no variety and no fresh juice"
united states,comfort double room,couple,2,2022,4,9.0,perfect stay in porto! lots of restaurants nearby!,"clean, awesome rooftop and restaurant",no review
malta,comfort double room,couple,3,2022,2,9.0,great city stay!,the hotel is clean and rooms were quiet as expected. breakfast was also great and its location is just next to a metro station which can take you easily to the airport. the staff are very helpful!,no review
finland,comfort single room,solo traveller,2,2022,4,8.0,very good,"i needed the hotel with 24 hour receptcion as i had very late arrival. that worked perfectly, i had no problem checking in at middle of the night. staff was very helpful and bathroom was really clean and everything worked well.  i also liked that you can see atlantic ocean from window as your room is above other buildings.",i found that the hotel was somehow old-fashioned and worn-out. you can feel that the hotel was built in the seventies. also i think that for a 4-star hotel room was smallish.
united kingdom,comfort twin room,group,5,2022,4,8.0,had a brilliant short stay,the lounge area for drinks was beautiful and relaxing hotel was really clean,there was tea making facilities but when i asked for milk they said we should go to breakfast for drinks. we bought our own milk and teabags which wasn't a problem
denmark,plus comfort suite,couple,4,2022,3,9.0,"overall really good, good roms and friendly staff",close to city and the staff was great!,the cocktails was very bad. not up to the stander of modern cocktail bar
united states,comfort king room,couple,3,2022,3,10.0,we came for 3 days and staying 6,every thing,no review
ireland,plus comfort suite,group,3,2022,3,10.0,great stay in dom henrique,"breakfast was good, enough choice to set you up before you go exploring the city, and 17th floor bar and restaurant was both lovely for an afternoon wine and dinner in the evening, food in restaurant delicious, fresh and fab views, location also great",couldn't fault anything
netherlands,plus comfort suite,group,3,2022,3,9.0,excellent porto getaway in the heart of the city!,"a great porto-getaway at a superb location right in the heart of the city. our room had a balcony which was very convenient. within walking distance to lots of sights, shops and restaurants. great bar at the rooftop. clean and spacious rooms, fine breakfast! will be back",no review
spain,comfort twin room,couple,1,2022,3,10.0,"short trip, great spot.","the location was great, furthermore i found a perfect spot for croissants just on the same street. double match.",all good.
belgium,comfort king room,couple,1,2022,3,8.0,very good,great location and wonderful restaurant and bar,need some refurbishment
ireland,comfort single room,group,3,2022,3,10.0,delightful,"the breakfast was amazing as was the 17th floor restaurant, delicious food. we stayed in a triple room which was huge.",there is nothing we didn't like about this hotel.
canada,comfort twin room,couple,5,2022,3,10.0,exceptional,"location perfect, restaurant, and rooftop beautiful with delicious food and top-class service. the room with balcony clean and housekeeping excellent. i would recommend it highly. the staff helpful and knowledgeable. truly enjoyed the stay.",no review
united kingdom,comfort king room,couple,7,2022,3,8.0,"lovely week ,city was great,if a little hilly. hotel was just right and reasonably priced.","location was spot on ,breakfast was plentiful, very clean. bar had wonderful views of the city.breakfast was served until late.","no milk in the room,not enough t-bags in the room. even on the 8th floor the noise from outside was quite loud early in the morning."
finland,comfort king double room with romantic package,couple,2,2022,3,9.0,superb,"lovely room, great view, very spacious bathroom. quiet and peaceful.","there was a kettle and tea in the room, but no instant coffee. when i called the front desk, they said they were unable to offer instant for the rooms, which seems a bit odd."
united states,comfort twin room,group,1,2025,3,1.0,not a pleasant experience.,location was ok.,"the staff was not friendly, nor particularly helpful. for example, when we asked for a recommendation for dinner they did not even bother to tell us they had a rooftop restaurant."
colombia,comfort king double room with romantic package,couple,7,2025,1,7.0,a bit pricy but comfortable stay with great location.,breakfast was tasty with fresh orange juice and several pastry options. bed was very comfortable.,"the ventilation system in the bathroom didn't work well. in the 17deg restaurant, one female waitress had a grumpy face the whole time (maybe it was just a bad day), but it certainly cut the mood of the dinner. the male waiter was kind and helpful."
italy,plus comfort suite,family,2,2025,1,6.0,"only nice position, don't worth the price","position is excellent, can easily walk to downtown and ribeira area","hotel already from outside looks old run-down. inside is dark, dark brown is predominant also in the hall and hallway to the rooms. water and coffee is given complimentary only for first day (!!!). it's 4 stars hotel, however it deserve no more than 3 (although we paid as a 4 stars..)"
denmark,comfort single room,solo traveller,3,2024,12,5.0,passable,the room size was very decent for a single. the staff was nice and the bar on the 17 floor was good,significant lack of sockets- only 1 in the bathroom and 1 at the desk. room very dark. all was painted in a brown colour and not enough light
united kingdom,comfort double room,group,4,2024,11,7.0,nice enough stay.,nice rooftop bar and restaurant. decent location.,we stayed for 4 nights and there is a coffee machine in the room but they do not replenish it. ran out of coffee after first morning. no milk for coffee. rang down for some but would have cost 4 euros.
united states,plus comfort suite,family,2,2024,10,6.0,not a 4 star hotel but a great restaurant.,the dinner on the rooftop was fantastic. we had a plus comfort suite and the seating area was nice and the balcony was nice. the bathroom was huge but it had an awkward setup. there was one gentleman who was not behind the desk that was some kind of a customer service who was very pleasant and always very nice to us.,all of the outlets in the sitting room had lights plugged into them and you couldn't unplug them so there was nowhere to sit with your laptop and charge it. there was same problem in the bedroom with every plug being taken and there weren't even enough plugs for both the coffee maker and the tea kettle. so there weren't any left over plugs to charge your phone.   we went to the front desk and asked the woman a question and she was snippy with us. there was an issue with one of the machines at the gym (the treadmill was dangerous) and when we told her about that she blew us off.   there was no vent in the bathroom so the floor became wet with humidity and was slippery and dangerous. there was no grab bar in the shower. there was a dripping noise coming from the vents when we are trying to sleep at night.   overall it was a very unpleasant stay and we wouldn't stay there again.
netherlands,comfort double room,solo traveller,1,2024,10,6.0,pleasant,nice room.,i had to pay an extra 10 (!) euros to get an omelet for breakfast. i find it out of place to ask this money for an extremely simple omelet. i go often to porto for work and this is a reason to stay in another hotel next time.
united kingdom,comfort family room plus,solo traveller,2,2024,10,6.0,"it was pleasant and comfortable, but not exceptional or excellent as previous reviews had indicated","the room was pleasant, if slightly old fashioned","the price of the room for just one person was very expensive. when i first looked at the room the price included breakfast, when i booked it breakfast was not included. i was travelling for work and the room was much more than the allowance (although generous) so i did not have breakfast."
united kingdom,comfort double room,group,2,2024,7,6.0,nice view but could be not worth for the price paid,very good location easy to find.,it's old building need renovation to bring the building into proper condition. the breakfast was basic limited choice only offer english breakfast
denmark,comfort king room,couple,3,2024,9,7.0,"we love porto and will be back some other time, but we will look for another hotel next time.",nice rooftop bar,surroundings were not very nice. the staff at breakfast were slow and not very srvice minded.
greece,comfort single room,solo traveller,1,2024,9,7.0,ok for one night but generally overpriced,the hotel is ok for a one night stay. the rooftop has amazing view. the room was clean and had a nice view of the city. the staff is friendly.,the room was really small. there were no sockets next to the bed which was an inconvenience. the locker was much smaller than almost every other hotel i've stayed and as a result my laptop couldn't fit in. there was no stand for the luggage. they charge 1 euro for refilling the coffee capsules which is unacceptable given this is a 4-star hotel.
united kingdom,comfort single room,group,3,2024,9,5.0,passable,"the staff were great, the hotel was nice.",the bed was beyond uncomfortable. only gripe about the hotel!
united kingdom,comfort twin room,group,3,2024,9,7.0,good hotel but some way out if the centre,the hotel and room were clean and spacious. the reception staff were friendly and helpful. the rooftop bar was a great addition as the hotel is some way from the main restaurants and riverside,"the rooftop restaurant was a great addition but the bar staff and waiters were very sullen and less than friendly. when you went to the bar there was no acknowledgement that you were waiting, ever just a i will be with you shortly. the service really let it down."
portugal,comfort double room,couple,1,2024,9,6.0,pleasant,"the breakfast was ok. although people were nice, i'm allergic to dairy and the staff didn't know much to help me.",the room was extremally small and the shower had no pressure at all.
israel,comfort double room,family,3,2024,9,7.0,good,the location was great and the rooftop is amazing,small room. old facilities
united kingdom,comfort twin room,group,4,2024,9,7.0,good hotel fir a short stay in porto,comfortable room and common areas,"the manager of the bar was not very pleasant to my friend, rather dismissive. all the other staff were great though"
lithuania,comfort suite,group,5,2024,8,6.0,value not worth the money,the location was good. nice terrace on 17 floor.,"old fashioned hotel needs major renovation of furniture (uncomfortable beds) and bathroom (leaking bide, clogged sink). poor breakfast, even espresso was not good"
united kingdom,comfort king room,couple,3,2024,8,7.0,good,was ok. not special.,they charge you for extra coffee in your room. really poor.
south africa,comfort double room,family,4,2024,8,7.0,good,location,smell of sewer in the room
hong kong,comfort king room,couple,4,2024,8,6.0,lovely hotel but disappointing customer service,"lovely quiet, spacious room with a balcony in a great location, ideal for a first time visit! away from the busy city centre, perfect for couples and families. the rooftop bar was great, however very small so be sure to get there early!",unfortunately we had to change our leave date to one day earlier as our airline cancelled our flight at the last minute. this meant that we had to to leave porto one night earlier than planned. we tried to message the hotel on booking.com to ask for a refund for one night but were met with an automated reply saying that our request had been declined. when we arrived at the hotel we tried to speak to numerous members of staff including the manager to explain the situation however no one could help us. we understood that our booking was non-refundable however booking.com said it was up to to hotels discretion and the hotel said it was up to booking.com therefore leaving us in the middle. we felt that no one understood our situation or offered a listening ear which was disappointing as the hotel was lovely.
canada,comfort king room,couple,4,2024,7,6.0,pleasant,no review,the bed was bad
canada,comfort king room,couple,4,2024,7,5.0,passable,no review,the mattress was old and not comfortable at all
united kingdom,comfort king room,couple,2,2024,6,7.0,a short walk to the centre of porto,the location was convenient to central porto. the hotel staff were friendly and helpful. the view of lisbon from the 17th floor was great.,"our bedroom and many areas within the hotel were dark which was a shame. when we went to our bedroom the first time, we walked in on a guest in the room which was very embarrassing and not a good start. although we received an apology, we didn't really get a good enough upgrade because we had requested a king size bed and there was apparently only one room available with this. the room was basic and dim. the view from our room was a car park, which was not good."
united states,plus comfort suite,family,3,2024,7,6.0,"great location, but hotel needs a major update.","the location was perfect, walking distance to almost everything. the staff were very friendly. we had a terrace room with an amazing view!","the property is very dated, the rooms need a facelift. the hotel is very stingy - they only give you two coffee pods for your room coffee machine - but will charge you eur1 for each additional. we had a suite with a pull out couch and listed that there will be a 3rd person with us, they never put sheets or towels for the 3rd person until we complained."
united kingdom,deluxe panoramic suite,couple,5,2024,7,6.0,good stay,"very big room, having an additional lounge was fabulous. amazing views !  very clean","the staff could smile more - some, especially the women in the bar, not very friendly ! it is a bit dated.   not a dislike but to be aware ! if you arrive at night, the area looks dismal and not as close to things as actually is - don't worry !!"
united kingdom,comfort double room,couple,4,2024,6,7.0,lovely hotel in a great city!,"lovely hotel, we got a free upgrade! really lovely rooftop bar with great views on a clear day.",room was only cleaned if we asked.
spain,comfort twin room,family,2,2024,6,2.0,they're desperate to charge money for non sense.,the location is ok despite not being very downtown.,"we booked a twin double room with two single beds. upon arrival, they wanted to charge us a 30 euros because they believe i didn't explicitly state that on the reservation. how can someone order two single beds to show up alone? this is a scam. watch out."
switzerland,comfort double room,family,3,2024,6,7.0,good location and comfortable but noisy,staff and comfort,noise even if the windows are closed !
united kingdom,comfort double room,family,1,2024,5,7.0,good,got a free upgrade to a bigger room. hotel was very modern and clean  rooftop bar had great views and was very reasonably priced staff were really attentive,bed was solid - really hard to sleep area is a bit far out if you want to see the real porto
portugal,comfort double room,family,1,2024,3,7.0,"old charismatic hotel, nice location and amazing bar",amazing bar and restaurant on top floor,"room outdated, needs some renovation and was a bit small."
ireland,comfort double room,solo traveller,5,2024,3,6.0,pleasant,almost everything,no milk in room as part of tea/coffee making facilities
slovakia,comfort suite,family,1,2024,3,6.0,pleasant,no review,"carpets are very dirty,very cold in the room,we couldn ' t close properly the window .average hotel definitely not worth for 4*,need to be renovated. breakfast ok.nothing special. in the bath we found hair - not good cleaned."
united kingdom,comfort suite,group,1,2024,2,7.0,frienly staff and a good value stay.,good location and staff were friendly and helpful and good value for money.,outside rooftop bar looked like it needed some love and was the room looked a bit dated.
united kingdom,comfort king room,couple,2,2023,12,7.0,good,no review,the light bulb near the mirror in the bathroom kept blinking. this continued even after the room was cleaned. and there was something wrong with the tv remote control. maybe the batteries were dying. but in general everything was fine.
ireland,comfort double room,couple,2,2023,10,7.0,good,the room upgrade was good.,no review
united states,comfort double room,group,3,2023,10,5.0,passable,no review,hotel is old -- needs a makeover. dark and outdated.
united states,comfort double room,group,3,2023,10,7.0,it was ok.,staff was great! it was good to have the rooftop bar and it was very nice. and very welcome in the horrible rain!,"rooms are shabby and need renovation. carpeting looks very old, lighting was too dark. no robes!"
france,comfort king room,solo traveller,1,2023,10,7.0,good,no review,room service : club sandwich a sa plus simple expression
united kingdom,comfort suite,family,2,2023,10,7.0,"lovely stay, great rooftop bar with view","good location, helpful staff",coffee machine in room didn't work and flooded table despite reporting fault
united kingdom,comfort double room,couple,3,2023,10,7.0,average,it was clean and tidy,no hotel information in the rooms. no local facilities or places of interest information in the room. bar staff impatient unless you spoke portuguese . didn't feel like a traveller friendly hotel.
turkey,comfort single room,solo traveller,4,2023,10,7.0,i can't prefer to stay when back to city .,the reception personal are kind . the roof tap was nice .,my booking reservation price is so high then today hotel booking price .although i made reservation approx two months ago . i informed booking and hotel but i didn't replied yet . i didn't like the location i preferred to stay near the river or middle of the city . in the nights back to hotel from silent streets as single traveler is difficult. the personal in the breakfast room aren't so kind . especially the man serving breakfast hasn't professional behaviors . there is only one electrical outlet in the room .
ireland,comfort double room,family,3,2023,10,7.0,good,breakfast was good with lots of variety,"comfort rooms are anything but... these rooms are situated between three lifts. the lady on reception was obviously sick having the same conversation about noise. eventually, i was able to pay more to upgrade the room. be very careful booking this category of room.  reception staff seem tired and not overly friendly - a smile now and then wouldn't go a miss! average stay for a 4 star."
united kingdom,comfort king room,solo traveller,2,2023,10,7.0,good,struggled to obtain milk for the tea. would recommend having some milk cartons either in the mini bar or the uht style,no review
united kingdom,comfort king room,couple,3,2023,9,7.0,a pleasant stay in a convenient location.,room was very comfortable with good views over the city. a good location - in a quiet area but an easy walk down to prime attractions.,"reception, although efficient, could have been a little friendlier. giving out internet access codes on printouts which were vey complicated and difficult to read. even the receptionist could not read them easily."
ireland,double room - disability access,couple,3,2023,9,7.0,overall good value,breakfast variety good /could do with television in foyer .,corridors very dark on floors where bedrooms are/needs to brighten up  areas a bit outdated
netherlands,double room - disability access,couple,2,2023,9,1.0,not worth 4 stars but 3 stars,location and breakfast is good. room was spacious. nice restaurant and lounge on the 17/18th floor,"when we would a shower, the bathroom would became a swimming pool. there is a small tv with no casting possibilities."
israel,comfort family room plus,group,6,2023,9,2.0,going back in time to the 60th: dark hotel with unpleasant and unwilling to service staff.,i liked the location and the view.,"decoration of the 60th. dark brown corridors, everything in the room is gray. low illumination. dirty room, disgusting bathroom (dirty floor and visible mold). not enough power sockets and not in the right location. very unfriendly workers. central air conditioner, in which you cannot really select the temperature. it is also noisy, so you cannot use it overnight. small tv (smaller than my pc monitor). the amendities are not replaced. one small soap for all people for all stay. they say that there is a coffee machine in the room, but we got 3 capsules for 3 people for 6 nights. they refuse to refill! poor breakfast: poor coffee, very small variety and low-quality products. breakefast room was always noisy and overcrowded. at 8:30 the door was closed, and i was told that all tables are occupied, and i have to return after half an hour. they did not let me in for just a coffee."
italy,comfort double room,couple,1,2023,9,5.0,nice old hotel with a too tiny room!,the roof bar,we had the worst room in all the 18-floor building. (maybe it was a single room with a big bed ??) very small bathroom and a tiny open balcony with the window not lighting much the sad room. i never imagine that such a nice hotel had a basic room so unappropiate.
indonesia,comfort double room,couple,3,2023,8,5.0,the location saves this accommodation .,excellent location! neat clean tidy.,"just a large hotel, breakfast was awful."
australia,comfort double room,couple,1,2023,8,6.0,pleasant,cleanliness - great breakfast,too far away from river and big walk to get to that area
united kingdom,comfort double room,couple,4,2023,8,7.0,fantastic location and nice simple rooms. not much else. ideal if you'll spend most your time exploring the city.,rooms were fresh and good. location of hotel brilliant and the bar is nice.,staff not too helpful at times. also has a very low cost feel to it for a 4 star hotel. tea and coffee included in room but no milk as you have to pay? breakfast also somewhat poor.
united states,plus comfort suite,group,3,2023,7,4.0,grateful we did not spend much time there,the area,beds were like sleeping on a rock. staff did not go out of their way to make us more comfortable. the entire property is very outdated included the restaurant upstairs. the rooftop bar only seats about 10 people and is not nearly as large as photos would make you think.
switzerland,comfort double room,solo traveller,3,2023,6,6.0,pleasant,"breakfast is very small and limited. quality of food not good enough. room for breakfast is super small and gets super crowded in the morning, to the point it's impossible to get food","breakfast, bed wasn't comfortable"
france,comfort single room,solo traveller,1,2023,6,6.0,pleasant,no review,"the location of the hotel is not very good, the room is very small; breakfast just soso but expensive"
united kingdom,double room - disability access,couple,2,2023,6,4.0,good location and comfortable but terrible bathroom,no review,"we seemed to have a room with disabled access, main problem was being able to take a shower, this flooded the whole bathroom and the shower itself could not be raised - making it virtually impossible to shower without knocking the shower lever temperature or having the ability to get your head under it."
ireland,comfort double room,group,8,2023,6,7.0,overall an enjoyable stay,"room was spacious and very comfortable. staff were friendly and very helpful. about 15 minutes from tourist attractions, which in a hilly city can be a lot but public transport access exellent.",although good selection at breakfast there were some surprising things missing e.g. cornflakes and fried eggs. in the 17 bar they really need some proper beer mats. as hot weather and glass tables just mean drips everywhere. these are small things but would make a big differnce. i'd still go back though.
united states,comfort king room,couple,2,2023,6,7.0,good,no review,"the breakfast was fair, should be better."
poland,comfort single room,solo traveller,2,2023,5,3.0,hotel does not deserve 4 stars,very nice location,"unfortunately the hotel does not deserve 4 stars. on the first day, it turned out that there are no cosmetics in the bathroom, and no bottle water in the room. of course, this was quickly replenished, but the used coffee or bottle water was not refilled during room service the next day. the gentleman from the luggage service was nice on the first day, he helped with the luggage transfer, but when he didn't get a tip for it, during check out i had to carry my suitcase alone, and he looked at it calmly. the ladies from the reception are averagely nice, they wait to be told the first good morning. breakfast poor for 4 stars, small choice of dishes, terrible espresso."
united kingdom,comfort double room,couple,1,2023,5,6.0,was a little disappointed to be honest.,"hotel was very central, staff were very helpful, breakfast was great.",bed was extremely hard and we both slept badly because of this. our room was between 2 lifts and was noisy as you could hear the mechanisms. everytime the room above flushed their toilet it sounded as if water was running down the wall behind us.
ireland,comfort double room,solo traveller,3,2023,4,7.0,really enjoyable,location is ideal for walking,quiet when i visited
united kingdom,comfort king room,couple,4,2023,5,7.0,a good hotel to use as a base for a city break. a 10 minute walk to the historic centre of porto.,"the room was excellent, good facilities and spacious. the breakfast was typical international breakfast, no different to previous experience of portugal and madeira. perhaps it could be name mire portuguese.",the lighting in the corridors and lifts was gloomy. in the lifts it was a struggle to read the floor numbers. the breakfast area was a bit small for the size of the hotel
united states,comfort king room,couple,1,2023,4,1.0,awful,the view from the 17th floor,"the bed was the hardest bed i have ever experienced. the rooms were small the bathroom was a closet. the room needs to be remodeled, the carpet was sun faded. the food at the restaurant was horrible. i ordered soup thinking it would be safe and it was not edible. the reviews on the booking site are completely misleading and i have not experienced this in the past. be careful, a small amount of research would have revealed what we found. the bellman was not available to load our bags into the taxi nor did they come out to retrieve our bags when we arrived. there are many great choices for hotels in porto, this is not one of them."
australia,comfort king room,group,1,2022,10,5.0,disappointed. the room was reasonable but facilities disappointing.,we booked a suite which was nice and spacious and had a balcony and a good-sized bathroom. there was a small fridge in the room so we were able to store some of our medicines. the restaurant is comfortable and we all enjoyed a nice meal.,"the carpet was marked in both bedroom and sitting room and needed cleaning or replacement. there was only one regular teabag per day to be shared between each couple - how stingy! we also had to pay an extra 2.5 euro for milk to go in our tea, none is supplied. we decided to have a drink in the bar and used the table buzzer for service, after about 15 minutes we decided to wait no longer, they seemed to be very short staffed. the same problem at reception, at times only one staff member on and if the person in front of you requires information normally provided by a concierge it can be a long wait."
united states,comfort king room,couple,3,2022,10,7.0,good,size of the room. large bed. location.,no review
mexico,deluxe panoramic suite,family,3,2022,9,5.0,"photos are deceiving, you can get better deals from hotels near av. dos aliados.",the views from the panoramic suite are amazing. the balcony at the suites are big.,"this looks like a hotel that used to be a 5 star back in the day. looks dated and the exterior lacks maintenance.  staff at concierge, front desk and cleaning are polite, well prepared and speak different languages fluently but, restaurant staff lacks preparation, kindness, and overall knowledge of the menu and drinks."
luxembourg,comfort suite,group,2,2022,9,7.0,good,nice rooftop bar with an amazing view over the city and decent cocktails.,the hotel is located in a busy area trafficwise and quit
united states,comfort double room,family,2,2022,9,3.0,not good. i will never reserve here nor recommend it to anybody.,nothing. it is very dated. hallways are dark and scary.,"due to family emergency, i had to cut my trip short and the hotel still charged me for the nights i did not stay there. i've stayed at hotels where they actually charge the nights one stays in them. it is arbitrary and a steal."
united arab emirates,comfort king room,group,3,2022,9,6.0,ok,the view and location are good.,the price is too high for what you get. 200 euros per night with breakfast is too expensive.
unknown,comfort king room,family,1,2022,9,7.0,good,we liked our stay but disappointed that we were told we could park on the street and we got a parking fine.,we were given the name of a restaurant by the front desk girl and she said we didn't need a reservation and when we got there we were told we needed a reservation and the earliest time was an hour later.
united kingdom,comfort double room,solo traveller,2,2022,9,7.0,good,"great location. friendly, helpful staff. excellant views from the rooftop terrace. excellant breakfast: variety of food and drink.",bathroom could be cleaner - especially the shower floor
australia,comfort double room,couple,2,2022,8,7.0,good,no review,"despite being informed they were non-smoking rooms, the room still stunk of smoke. we had to keep the window open all day for fresh air."
germany,comfort king room,couple,1,2022,8,7.0,good,"the hotel has a nice sky lounge with a lovely view. overall, it was clean and service ok.","the interior of the room was a bit so so. yet, clean and comfortable."
portugal,comfort single room,solo traveller,2,2022,8,6.0,fair,no review,excessive noise from the transit
morocco,comfort twin room,couple,3,2022,7,7.0,for a night or 2,"location was okay . we had a city view with balcony .  room is spacious , balcony was big too .",very poor breakfast . coffee is from the express machine disgusting taste . no much varieties.  unfortunately we couldn't have the local food . very limited . carpet room was dirty and smelly .
croatia,comfort twin room,couple,1,2022,7,7.0,good,"location is fine, room are ok",breakfast was very poor
austria,comfort double room,family,1,2022,7,7.0,excellent location. good service and breakfast. amazing restaurant with views,excellent location. friendly staff. restaurant exceptional and to be recommended . lovely new bathroom,"tiny room between service and guest lifts... did expect more from the photos. i guess these are the "" special "" rooms as my in-laws got the same room one floor higher. i do hope that the normal rooms are a little bigger"
portugal,comfort double room,couple,2,2022,7,6.0,"lovely room, but too noisy from internal mechanics",great views from the hotel room.,the room was smaller than advertised. there was a constant knocking sound through the whole nights we were there
italy,plus comfort suite,couple,3,2022,7,5.0,not worth it,the breakfast staff only comfortable beds,rude staff at reception  overated restaurant at the rooftop.food nothing special but overpriced. no gym facilities and old dated hotel.
israel,comfort double room,couple,3,2022,6,7.0,"the staff were very kind and friendly, and the location was good.","the location is good, and the staff were very willing to help and give advice. the site of the bar on the 17th floor and restaurant on the 18th is a nice place to be.",the hotel looks tired and old and certainly could do with being updated.
france,comfort single room,solo traveller,2,2022,6,5.0,good staff but nothing was working and furnitures need to be refreshed,staff was very nice and helpful. the hotel is well located just 5 minutes away from the metro station linking to the airport.,"choice for breakfast is poor and the quality could be improved : instant coffee in the coffee machine, juice doesn't taste like freshly pressed, tasteless scrambled eggs... probably because i was in a single room but the furniture is outdated with holes in the bedhead. the tv, the music in the shower, the hairdryer, everything didn't work in this tiny room. could hear the neighbors. a disapointed for a 4 stars."
united states,comfort double room,couple,3,2022,6,6.0,pleasant,no review,dark hallways
ireland,comfort double room,couple,3,2022,6,7.0,well located comfortable hotel staff helpful but breakfast bad,room was really nice with spacious bathroom,"the breakfast was really disappointing-the hot breakfast was processed poor quality bacon, scrambled eggs were lumpy and flavourless, the food kept running out and customers were waiting.area for where guests had to queue for food was very small and clients kept bumping into each other. some fresh fruit was served but most of it was tinned very unsatisfactory breakfast for a 4 star hotel"
spain,comfort double room,couple,2,2022,6,6.0,ok. would not go back there.,people were helpful and friendly.,location was off the beaten track. difficult to get around without a taxi or else the metro.
estonia,comfort double room,group,4,2022,6,6.0,pleasant,great service at the reception. good geolocation. comfortable beds. good laundry service.,terrible view from the window overlooking the parking lot and street where was a lot of noise. very small windows in the hotel. didn't like the service in the restaurant on the 17th floor. the lady administrator didn't speak english well and behaved in an arrogant manner but the manager solved the problem so i am glad that the comments and wishes of the guests are taken seriously. breakfast was the biggest disappointment. meager selection of food.
united kingdom,comfort twin room,couple,3,2022,6,7.0,won't be back,as expected,"bar was not very good, english not spoken but that's not a fault of yours but more ours for not understanding your language. english tea was poor, if you want to attract english tourists you need to offer english tea and breakfast"
denmark,comfort single room,solo traveller,1,2022,6,5.0,"nice hotel, would stay again.",reception staff was friendly and the view from the room was great.,"breakfast was crowded and there were no glasses for the juice, had to go and ask the staff. the staff seemed busy arranging the things and making sure everything was straight, but overlooked the juicebar. i would recommend the hotel to look at other hotels how they are managing their breakfast area, especially in regards to optimizing the ""flow"" through the area from where you start. example: bread -> topping (jam, meat, honey etc) -> juice/coffee and not like the current flow at the hotel: fruit, yoghurt, topping (jam, honey), bread, hot food, coffee, topping (meat), juice.  optimize your flow so that the guests are not walking back and forth, causing a congestion."
canada,comfort double room,group,3,2022,5,5.0,"the staff was very rude, ice was 4 euro, i thought it was uncomfortable bed",location was fine - did not get breakfast,i liked the bar at the top of the hotel
united kingdom,comfort twin room,family,3,2022,5,2.0,could have been a lot better,the views from the bar and restaurant were nice.,"firstly, the room was not cleaned one of the days that we stayed at the hotel. when we mentioned this to the receptionist at the time, she seemed to insinuate that it was our fault and that we should of put out a sign requesting for our room to be cleaned. we did not have to do this the previous day and our room was cleaned. also, if this is the procedure then this should have been explained when we checked in to the hotel.   secondly, there was never sufficient tea for 2 guests, we were only ever left with 1 tea bag.  thirdly, we dined in the restaurant and my mother's food was almost inedible, when it was taken back to the kitchen to be re-done, i had to eat alone and then as did she because i was finished by the time her food was returned to her. the food was not of better quality when returned to my mother. we did complain at the time, but nothing was done.  finally, and perhaps most importantly, on the last day, a large metal panel fell from the ceiling of our room. this narrowly missed my head and could have resulted in a serious accident. we did inform the hotel at the time and whilst the hotel did enquire about my well-being, nothing else was done. this is a serious health and safety concern and i feel the event should have been dealt with in a more serious manner.  as a final note, i have given this feedback to the hotel, who have chosen not to respond."
united states,comfort twin room,couple,5,2022,5,7.0,ok hotel in a great location. am sure you can do better.,the hotel's location was very good. the front desk staff were quite friendly and helpful. being on an high floor made for a quiet room.,the bar on the 17th floor was very overpriced. the bathroom was small and it had a pretty bad smell. we had to often open the window to air out the room. it seems that the hotel is host to many bus tourist groups.
netherlands,comfort king room,family,7,2022,4,7.0,"great location, would book again.",the location was amazing.,"the room lacked personality. despite it being a no smoking room there were cigarette holes in the curtains, stains on the carpet and the headboard which had some sort of leather covering was peeling quite badly. i also booked s room with a bath but the room did not have one. i asked politely at reception and they said that it was subject to availability and no other rooms are available. i wish that this was mentioned whilst booking and then i would not have bought products for a bath."
united kingdom,comfort twin room,couple,2,2022,4,7.0,as you'd expect,"the receptionists were efficient. the breakfast was comprehensive though the bread on freedom day was stale, perhaps because it was a public holiday. the prices at the 17th floor restaurant were not extortionate, though the skyline view is not paris or london, obviously.","the wifi code had to be renewed during our stay. there was no spare loo roll. unlike everywhere else we stayed at in and near porto, we were not offered a welcome glass of port. the basin was slow to drain. much better value is b the guest downtown."
united kingdom,comfort single room,family,1,2022,4,7.0,nice hotel but tiny rooms. value for money was not great.,staff were very friendly and the rooms were very clean.,tiny single room with very small bed and expensive for what it was. no room in the bathroom to even put a toiletry bag. the hotel is nice but it was expensive. the single room was tiny and it didn't even include breakfast.
portugal,comfort family room,family,2,2022,2,7.0,good,top floor restaurant,lower floor room and no parking included
united kingdom,comfort double room,couple,1,2022,3,6.0,pleasant,good location and nice staff,"very old property, terrace restaurant is overpriced and not very good"
israel,comfort suite,solo traveller,1,2022,3,7.0,good,room size,needs renovation with updated design
united kingdom,comfort king room,couple,3,2022,3,7.0,good,"good location (nice bakery on the street too), quiet and spacious room. nice bar at the top and helpful porter/concierge (in red coat).","room insanely hot, air con poor and floor 10 was like a furnace. left key card in to try cool room down while we were out and housekeeping took the card. no coffee or milk in room & only 1 of each teabag type. on asking for a couple more teabags housekeeping came to our room to give the teabags and insisted on entering the room rudely to see what we already had. male housekeeping staff also entered room hours before check out time while we were still in bed. surely they can check what rooms have left already."
germany,comfort double room,group,1,2022,3,4.0,"would not recommend if you are looking for a 4* hotel, only location is good",the location and we didn't have the chance to see the restaurant on the 17th floor.,"room was super small, bed very uncomfortable and small, balcony somewhere in the corner, no toiletries apart from all in one shampoo/shower gel and a soap. the breakfast wasn't great. not even tomatoes... presentation super standard. we have stayed the entire week before in a 4* hotel, but this one def is not a 4* we checked in at noon, they kept our luggage and we came back around 9pm. lady at the reception wanted to take our ids again and check us in again - seemed very confused and took her some time, until she finally found the booking.  the material on the top of the bed was all scratched and broken... really not a great impression."
ireland,comfort double room,solo traveller,3,2022,3,6.0,pleasant,no review,noisy lift next to my room
qatar,comfort family room plus,family,1,2022,2,6.0,pleasant,"easy check-in, good breakfast, friendly staff","building is old, although rooms have been renovated."
united states,comfort king room,couple,1,2022,3,3.0,poor,location,everything else
united kingdom,comfort king room,group,5,2023,8,8.0,wonderful,"clean, modern, good location and rooftop bar amazing. staff professional and courteous.",would have like a balcony but understand it's a downtown hotel.
germany,comfort single room,family,2,2023,1,9.0,superb,very nice bar and restaurant at the top.  we got a free room upgrade from the hotel to a higher category.  nice bathroom. good location.,the carpet should be cleaned with vanisch. then the colours will shine more again.
united states,comfort king room,couple,1,2022,10,10.0,wonderful- will book to stay again,helpful staff pedro daniel sergio,not generous with room supplies like soap free water for the room and lack of printer in business room
united kingdom,comfort suite,family,2,2022,8,7.0,enjoy,very spacious and comfortable,everything is okay
brazil,comfort king room,group,5,2025,3,10.0,i reserved for my children and in -laws. it had already stayed there. they are wonderful. everything is perfect,all . they are wonderful,no review
belgium,plus comfort suite,family,1,2025,3,8.0,very good because close to everything,very nice room  the terrace  the hotel look (art deco)  the staff,cocktails not very to the point  breakfast (very narrow place and product quality)
italy,comfort king double room with romantic package,couple,2,2025,3,10.0,exceptional,"excellent location, kind and helpful staff, excellent breakfast",no review
poland,comfort family room,group,3,2025,3,10.0,i recommend it to everyone!,"hotel, service, its location, cleanliness - everything was really perfect! cosmetics in the bathroom top shelf! fresh juice of squeezed oranges - without limit during breakfast!",everything was perfect
france,comfort family room,family,2,2025,3,9.0,decouvert from porto,location and listening to staff. very clean chamber.,nothing
italy,comfort suite,family,3,2025,3,9.0,superb,"position, breakfast, cleaning, friendliness and the restaurant on the 17th floor",no review
portugal,comfort double room,group,1,2025,2,10.0,exceptional,all great,no review
brazil,comfort double room,couple,5,2025,3,9.0,great cost benefit!,spacious and silent room!,breakfast is always the same !!!
france,comfort king room,family,3,2025,3,10.0,exceptional,"proximity to the city center, near the main artery resort of trindade metro. pleasant and available staff.",no review
italy,comfort double room,family,3,2025,3,10.0,all right,hotel located in a strategic position: convenient for the subway and to go to the center of porto. perhaps we would have liked an extra smile by the reception staff (suitcases ). room on the 15th floor . good and abundant breakfast. we recommend them .,no review
netherlands,comfort king room,couple,6,2025,3,10.0,exceptional,location staff and the clean rooms,no review
italy,comfort double room,solo traveller,4,2025,3,9.0,superb,"renovated structure of ricente, very large room top breakfast, strategic location to walk the city on foot.",no review
portugal,comfort double room,couple,1,2025,3,10.0,very pleasant,exceptional.,nothing to point out.
italy,comfort suite,family,2,2025,3,9.0,superb,breakfast both sweet and savory perfect. the location 10 minutes from the center. excellent restaurant. available staff.,no review
belgium,comfort double room,family,4,2025,3,9.0,top view.,excellent location with beautiful views. nice varied breakfast. recommended.,no review
switzerland,comfort double room,family,3,2025,3,10.0,fabulous !,"everything was perfect: the good smell in the entrance hall, the size and cleanliness of the rooms, the large bath linen, the comfortable duvets and cushions, the very good quality breakfast! the exceptional rooftop with its view, the bar and the restaurant are a real plus!",maybe the lack of seats in the breakfast room.
spain,comfort family room,family,2,2025,3,10.0,suite familiar,all great. better than in the photos. all super care. the perfect suite for family travel.,no review
belgium,comfort family room plus,family,3,2025,3,9.0,excellent!,friendly welcome. spacious neat rooms. nice and extensive breakfast.,no review
spain,comfort double room,group,1,2025,3,10.0,a convenient hotel in porto,"the room, the silence the super bed",very dark halls and the very small window
brazil,suite premium deluxe,family,3,2025,3,10.0,it was perfect and we will come back more often,"the hotel is very well located, allowing everything to do everything on foot. impeccable service and staff. we arrived a few hours before check-in and were kind to allow us to enter early. spacious room, always very clean and tidy. excellent breakfast (it's expensive but it is worth).","not having an agreement with parking... although it is easy to park in the surroundings or very large parking lot in front, it would be interesting to provide this convenience to guests."
portugal,comfort single room,solo traveller,1,2025,2,10.0,exceptional,no review,the best spot to stay in the city of porto
spain,comfort suite,family,1,2025,3,8.0,good quality - price to visit porto,"super wide, comfortable, clean, large and functional bathroom, bar/ restaurant with views.",it has no parking although there is one next door.
france,comfort king room,family,2,2025,3,9.0,superb,simply perfect,no review
spain,plus comfort suite,family,2,2025,3,9.0,superb,"wide room, with everything necessary, very clean, spectacular views of the city and very good breakfast. very close to the station that connects directly to the airport.","now i have hostels to climb slopes, but they will happen to me."
spain,comfort double room,family,3,2025,3,10.0,"great, i'll repeat","the hotel is very well equipped, it's 50 years old and is renewed and new. the boy who attended us at a very attentive reception. the room very clean, has coffee maker and water heater, the comfortable bed, even the pillow. we were in the 701, interior and no noise, the very varied breakfast. as for the location the best site, 2 minutes from santa caterina street, in the bolhao market, 10 minutes from the cathedral. we did not take any transport. if i return i will repeat",no review
austria,comfort suite,group,2,2025,2,8.0,very good,suite was nice and spacious and pleasant,no review
france,comfort suite,family,4,2025,2,9.0,superb,the view to the city  the suites are superb breakfast is correct,that the internet network is more fluid
brazil,comfort family room,group,3,2025,2,10.0,excellent,"as we were in family, 4 people, two bedrooms in a single apartment was wonderful.",no review
switzerland,comfort single room,solo traveller,2,2025,2,8.0,very good,the place well placed next to the station which brings us directly to the airport  cordial staff and ready to help us  a big thank you to the short hair girl who had arrived and allowed me to settle in my room before the time because i was not well yet thank you,i just missed a few portuguese brioches  but otherwise very good
spain,comfort family room,group,2,2025,2,9.0,superb,"the kindness of staff, excellent breakfast, very central and great to have restaurant-bar on the 17th floor.",no review
brazil,comfort double room,family,3,2025,2,10.0,great hotel,hotel well located and comfortable. excellent breakfast.,no review
netherlands,comfort double room,couple,2,2025,2,8.0,lovely hotel in a great city of porto,"large room, bar on 17th floor, public large parking garage right next to the hotel, blonde lady in breakfast space.",the small breakfast space where tables are far too close to el kaar.
portugal,comfort double room,group,3,2025,2,10.0,excellent,the attention was great and the room very beautiful,no review
austria,comfort double room,couple,3,2025,2,10.0,location and equipment top,the hotel is 5m from the metro and in 15 minutes you will walk to the douro!  the roof terrace in the 17th floor with a view of porto is excellent! the breakfast was completely sufficient and there was always enough places!,no review
portugal,comfort double room,couple,2,2025,2,9.0,4 star hotel well located with good breakfast.,"hotel with good location, friendly and helpable staff, spacious room with good condition, excellent breakfast with good variety. fulfilled expectations.",nothing relevant to mention.
france,comfort double room,couple,3,2025,2,8.0,very good,the spacious room we were out of date in the top in the 15th floor a superb view,the a little tricatel average breakfast and the bathroom with the old -fashioned bathtub
portugal,comfort double room,couple,2,2025,2,8.0,very good,"excellent breakfast, the room corresponded to the images, nothing bad to point","nothing to point out, it was an excellent stay"
france,comfort double room,family,2,2025,2,10.0,exceptional,clean and friendly well located,no review
spain,comfort king room,family,2,2025,2,10.0,exceptional,hotel very highly recommended reception super attentive there are a buttons that limits your bags in particular my room the 1204 super large clean it looks like a bullring with 7 floors 17 euros per day but it is worth it because parking around it will come out very expensive to repeat hotel without a doubt very happy the truth,no review
portugal,comfort double room,couple,1,2025,2,8.0,very good,"highly helpful, educated and friendly collaborators",no review
germany,comfort double room,solo traveller,3,2025,2,10.0,three wonderful days in a great hotel.,just everything!,nothing.
brazil,comfort family room plus,family,6,2025,2,10.0,excellent,wide and clean,one of the rooms had not taken - fourth family  don't have parking
israel,comfort twin room,family,3,2024,12,9.0,good hotel with good facilities,the hotel location is very good.,the entrance to the hotel is crowded and although there is a public parking lot to it less good
spain,comfort suite,group,3,2025,2,10.0,gran hotel in a big city!,"the hotel is simply fantastic, perfect location, service and cleaning of 10, room of 20 (floor 11, movie views) ... in short, we are looking forward to returning !!!","nothing (maybe they could put kleenex and increase bath lighting, especially to make up)"
chile,comfort family room,family,3,2025,2,8.0,good hotel,"the room very comfortable and clean. the location of the hotel, very close to the bohlaos market and other attractions such as the chapel of the soul, and the cleric tower.",breakfast could be better.
chile,comfort double room,couple,3,2024,11,9.0,very nice.,grateful environment,i don't think you can ask for more for the price paid.
austria,comfort suite,family,3,2025,2,10.0,exceptional,great location. all sights near walking (15min),no review
germany,comfort double room,couple,3,2025,2,8.0,gladly again,"breakfast very good and something for everyone. large room, clean, beds are too hard. friendly staff and a great restaurant on the 17 floor.",no review
brazil,comfort double room,couple,2,2024,12,8.0,organized and welcoming environment,morning cafe and restaurants,no review
italy,comfort family room plus,family,2,2025,2,8.0,very good,quarto do hotel,weak breakfast and few shots in the bedroom
brazil,comfort double room,couple,7,2025,1,9.0,wonderful !,"wonderful breakfast and i loved the birthday gift, a sparkling wine and cookies",no review
italy,comfort double room,couple,2,2025,1,9.0,good structure,"very good and abundant breakfast, the welcoming and clean room.","non -central location, ten minutes from the metro"
netherlands,comfort double room,family,2,2025,2,8.0,good and centrally located hotel,"beautiful location, near the metro, bar on the 17th floor",noisiness
portugal,comfort twin room,group,1,2024,12,9.0,superb,"location, price/quality and kindness of employees",of the pillows that are always too soft and hot
brazil,comfort single room,family,2,2024,12,10.0,exceptional,"we really enjoy the hotel, employee service, installation and also restaurant.",we like everything.
puerto rico,comfort king room,group,4,2025,1,9.0,superb,good location,no review
portugal,comfort family room plus,family,1,2025,1,9.0,superb,no review,not have parking.
brazil,comfort double room,family,4,2024,12,9.0,superb,"excellent morning coffee, good accommodation",no review
spain,comfort family room,family,1,2025,1,9.0,superb,"good location, friendly staff, excellent breakfast and large, clean rooms.",no review
spain,comfort double room,couple,3,2025,1,9.0,genial,the staff is very attentive. very good and complete breakfast and the room very good.,no review
spain,comfort single room,solo traveller,1,2024,12,9.0,superb,and,no review
brazil,comfort double room,family,7,2024,12,9.0,superb,employee's request to solve a small problem. breakfast.,shower with little pressure.
turkey,comfort king room,couple,3,2025,1,10.0,exceptional,"the location of the hotel, the quality of the room, delicious breakfast with everything was perfect. we were very pleased. if we come to porto again, we will stay here. thanks",no review
portugal,comfort double room,couple,1,2025,1,8.0,very good,i loved the restaurant (place and landscape) i loved the food friendly employees.,no review
reunion,comfort double room,family,3,2025,1,9.0,the situation of the hotel allows you to spend a stay in accordance with the discovery of the city,an ideal situation and excellent comfort,no review
brazil,comfort king room,family,3,2025,1,10.0,"very good, i recommend and will be back!","very good beds, dark room, heater working very well. excellent bathroom and bath, as well as a beautiful view of the city.","breakfast value (although very good), and the same breakfast value for children."
brazil,comfort double room,couple,7,2025,1,9.0,excellent,location  comfort  breakfast  reception service,"important to clean the bedroom panels, they are dirty"
italy,comfort double room,couple,3,2025,1,10.0,excellent stay. structure that has satisfied all my expectations,excellent location.,i liked everything
colombia,comfort family room,group,3,2025,1,10.0,"excellent hotel, i highly recommend it.","gran hotel, very comfortable large quarter, good location",no review
italy,comfort double room,couple,2,2025,1,9.0,a stone's throw from the center ....,"breakfast, location, cleaning and size of the room","the restaurant has a magnificent view, but in my opinion the quality/price ratio is not worth; useful gym room but out of use treadmill (but this is truly a small detail)"
colombia,comfort suite,family,3,2025,1,8.0,good hotel but must be more concrete in services,no review,"he said he had a parking lot and for 3 nights it cost eur 50, it is not correct"
france,comfort double room,solo traveller,5,2025,1,9.0,good stay,"the bar staff is very friendly, especially the young waitress, adorable and professional !!!",no machine for chocolates or candies for the desires of sweets haha   but it is a detail
portugal,comfort king room,couple,1,2025,1,9.0,elegant hotel,location and room space.,"the bed is king, but we found the mattress very hard, i had difficulty sleeping."
spain,comfort king room,couple,2,2025,1,8.0,very good,no review,the bathroom is nothing practical
armenia,comfort suite,family,1,2025,1,8.0,very good,"great hotel, located near the center, on foot to all attractions can be reached in 15-20 minutes  good breakfast","for me, the mattress was tough"
spain,comfort double room,couple,3,2025,1,8.0,it is a good hotel. very fair price quality.,the terrace with views,nothing
sweden,comfort king room,family,7,2025,1,8.0,very good,"nice staff. several lifts, small wait to go up/down to the room. good and wide range of breakfast. cool bar at the top, nice view.","a little worn, but still fresh. toiletries were not filled automatically, but it was no problem to get more on request."
austria,comfort king room,couple,5,2025,1,9.0,great hotel with advantages.,"the hotel terrace is very inviting with a great view of the city. the location is also very central. the shopping street r. de sa da bandeira is less than five minutes away, as well as the market hall in bolhao.",no review
portugal,comfort family room,family,1,2025,1,8.0,very good,the room size is great. good breakfast,the bed is uncomfortable
france,comfort suite,family,3,2025,1,9.0,very pleasant hotel,"very good breakfast  large bedroom, beautiful bathroom",lack a bit of decoration on the walls no french channels
portugal,comfort double room,couple,2,2024,12,10.0,it was wonderful,i really liked the location and convenience of the room,nothing
portugal,comfort family room,family,1,2024,12,10.0,i recommend it !!,hotel location,of the constant noise that heard from the water passing in the pipes. we stayed in a room facing the hotel.
france,comfort double room,family,7,2024,12,8.0,very good,"we appreciated the quality of the reception of the staff, the breakfasts, the bar.",we did not appreciate the non -renewal of the water bottle in bedroom (7 nights). the christmas meal was expensive for a very average menu.  no possibility of connecting our netfix subscription in the room
reunion,plus comfort suite,family,3,2024,12,8.0,i got better for a 4 star but overall nothing well placed,no review,the channels should be international and for a 4 star damage that the rooms are not made every day. exaggerated and not justified stay taxes.
france,comfort double room,couple,4,2024,12,9.0,stunning,very generous breakfast with a choice of good products and the kindness of the staff.,a false note the noise of elevators all day a truly unpleasant noise which fortunately did not take place at night.
portugal,comfort double room,group,1,2024,11,10.0,very pleasant,very friendly employees,no review
czech republic,comfort double room,family,3,2024,12,8.0,very good,"very pleasant staff. breakfast also ok, there was a lot to choose from. pretty silence. quality accessories in the bathroom.",pillows. we slept badly. we are used to others.
germany,comfort double room,family,3,2024,12,9.0,superb,everything war prefect,no review
italy,comfort double room,family,3,2024,12,10.0,elegant hotel in the city center,"central location, splendid terrace overlooking the city.",nothing
france,comfort double room,group,2,2024,11,8.0,successful stay,"hotel pure, a position from the center a little off the beaten track",there is always something to improve
brazil,comfort double room,group,2,2024,11,9.0,adorable,great room and great breakfast. rooftop had a beautiful view.,no review
mexico,comfort family room,group,4,2024,12,8.0,very good,"good in general, location and facilities","the male staff of the very little friendly restaurants, women very well, reception well"
spain,comfort double room,couple,3,2024,12,10.0,excellent experience.,"the perfect room. they put us king size because there were no what we had requested and super good. the treatment of very pleasant staff. the excellent location, there is a parking lot that for 50 euros you can have the car 4 days and enter and leave the times you want. breakfast very healthy and varied. the room had spectacular views. we had dinner at the restaurant and everything was delicious.",everything was perfect.
portugal,comfort family room,family,2,2024,12,9.0,superb,"the environment is very good, very welcoming. excellent location. very friendly employees. very clean.","the family room had no view, as the floor was very low and the windows had matte film. nevertheless, it was quite comfortable and natural light came in."
portugal,comfort double room,couple,1,2024,12,9.0,superb,"location, very central. staff sympathy.",no review
france,comfort king room,couple,3,2024,12,10.0,"everything was perfect for reception through the staff, niquel room!","location, service, reception",no review
portugal,comfort double room,couple,1,2024,12,9.0,superb,location,no review
portugal,plus comfort suite,family,2,2024,12,10.0,excellent accommodation. i advise you lively.,hotel comfort and cleaning,of the low light in the halls of the floor where i was housed.
portugal,comfort double room,family,1,2024,12,10.0,exceptional,of everything in general.,no review
spain,comfort family room plus,family,3,2024,12,9.0,beautiful views,visits from the terrace of plant 17 it is worth seeing it by day and night,no review
spain,plus comfort suite,group,3,2024,12,9.0,rich breakfast,"the accommodation has good facilities, the very delicious and abundant breakfast, they have natural and newly squeezed orange juice, very rich and recent pastries",i liked everything
spain,comfort suite,family,3,2024,12,8.0,perfect for stay 2-3 days in porto,"in general, we liked everything about the hotel. quiet room, spacious, refurbished ... the very correct breakfast the restaurant, located in the attic, also highly recommended generally, i would recommend the hotel to a family member / friend.","it cannot be changed, however, the situation could be better."
france,comfort double room,family,2,2024,11,8.0,i recommend,positive in every aspect,there is no such thing
spain,plus comfort suite,family,2,2024,12,9.0,i will repeat,location,no own private garage
france,comfort family room plus,family,1,2024,12,10.0,exceptional,"we had an exceptional we. everything was perfect. the welcome, the smile and the availability of the staff. festoring breakfast buffet. as for our double room, what a nice surprise, just wow. a huge thank you to yuri of the bar (on the 17th floor) for the very special attention to our request. i highly recommend this hotel.",no review
spain,plus comfort suite,group,2,2024,12,10.0,excellent,"i was not waiting for the incredible cleaning in the room, he left us surprised. the beds were super comfortable and no noise was heard from inside the room, so we could rest very well.  the buffet breakfast was incredible and very varied, from natural juices of all types to very elaborate food and desserts. without a doubt when we return to porto, we will go to this hotel again",no review
spain,comfort family room,family,2,2024,12,10.0,to repeat,i loved everything,everything was perfect
france,comfort king room,family,3,2024,12,8.0,very good,"well located, the restaurant is a plus. very good staff.",no review
italy,plus comfort suite,group,2,2024,12,10.0,to be advised to those who want to go to porto,"excellent welcome at the reception, a really large room, for 3 people, overlooking the city. excellent location! abundant breakfast full of everything.",no review
spain,comfort family room plus,family,4,2024,12,10.0,exceptional,comfortable hotel with good breakfast and very friendly people .. the comfortable and spacious family junior room (12 magnificent views). to travel as a family ... hotel well located to visit the city of porto.,no review
spain,comfort suite,family,2,2024,12,10.0,exceptional,"broad, comfortable and well -sounded room despite touching us on a first floor. the location is excellent, just minutes at the foot of almost all porto tourist interest sites.","the wear and age of some elements of the bathroom were noticeable (more than anything the shower), but it is a minor detail and that the rest of the room compensates."
france,comfort king room,couple,3,2024,12,8.0,three well,proximity to the historic center we made the visits on foot,the temperature of the icy room when we arrived air conditioning on 10 degrees
spain,comfort king room,family,2,2024,12,10.0,reference hotel for our visits to porto,"you have fulfilled our expectations. since our arrival, the hotel staff has been very attentive, with help with luggage, reception, breakfast, cafeteria. comfortable and impeccable rooms. perfect location. we will return safe.",i have nothing to add.
france,deluxe panoramic suite,couple,4,2024,12,9.0,excellent stay,"very nice establishment  the beautiful panoramic suite,","the bathroom of the panoramic suite, a walk -in shower is missing, the bathtub is not practical"
spain,plus comfort suite,family,2,2024,12,10.0,perfect,all perfect,no review
france,comfort double room,couple,4,2024,12,8.0,very good,hotel very well located. magnificent point of view.,the bar is a bit expensive
switzerland,comfort king room,couple,2,2024,12,8.0,alright,"the location is great, nice staff, i could come back.",the street opposite is very busy.
romania,comfort double room,solo traveller,3,2024,12,9.0,superb,no review,"i booked a room with a view, but instead i received a room with sight at their inner courtyard."
france,comfort double room,couple,3,2024,11,9.0,superb,location in the city center the nearby parking  exceptional breakfast,no review
france,comfort double room,couple,3,2024,11,10.0,exceptional,bedroom  dinners,room lighting
spain,deluxe panoramic suite,couple,4,2024,11,10.0,we will return to the beautiful city of porto and the gran hotel dom henrique):. we'll be back to the beautiful city of porto,"almost everything :). excellent location, very friendly staff, impressive views from our panoramic room, excellent restaurant on the upper floor also with excellent views.  almost everything :). excellent location, the vray friendly staff, stunning views from our panoramic room, excellents restaurant at the top floor also with great views.","breakfast is fine but quite basic, it could be a little better.  the breakfast was good, but a bit basic, could be a bit better."
italy,comfort suite,family,3,2024,11,9.0,excellent,"the structure is in excellent location, well maintained, spacious rooms, super restaurant. excellent staff and breakfast",nothing
spain,comfort twin room,family,1,2024,11,10.0,"good room and facilities, incredible location, friendly staff and fantastic breakfast.","incredible location, a huge parking is right next to what you have no parking problem. you can walk to the most tourist points in porto. we booked a double twin and gave us a free upgrade to a suite on the 10th floor. very spacious and with incredible views. in addition, both sheets and towels are very soft and of good quality. as courtesy they give you a free water bottle and bath amenities also had were of very good quality. finally, breakfast is very good. it is a tiny buffet but it has a variety and all of good quality (newly squeezed natural orange juice, good food, bread, pastries ...). i will undoubtedly reserve here again every time i have to go to porto.","to put some paste, it is true that it does not have a very modern design, but i still liked it. i must also mention that in the morning the wind was heard a little from inside the room (i must indicate that we were on a 10th floor, in the corner and it was a day that there was temporary for strong winds)."
spain,comfort king room,couple,6,2024,11,10.0,perfect,everything has fulfilled the expectations. perfect situation. very good attention,the time nothing else
italy,comfort twin room,group,1,2024,11,8.0,comfortable,overall a good structure,breakfast
portugal,comfort double room,couple,1,2024,11,10.0,excellent stay,"in addition to the location, the room was fantastic. they were so kind to us that they offered us a ""free upgrade"". very comfortable room, with all the amenities, a king size bed and two balconies, with a fantastic view of the city.  very clean and spacious space. excellent bathroom too. the 17* floor restaurant is a refined place with good food and wonderful view that also provided us with excellent dinner and deserves a visit.",absolutely nothing to mark.
spain,comfort family room plus,group,1,2024,11,10.0,fully recommended,"all. the impeccable room, treatment, breakfast, location ...",nothing
brazil,comfort double room,couple,4,2024,11,9.0,hotel with excellent cost benefit,"hotel with excellent facilities and a great breakfast. very good location. small gym, but serves well.",there is nothing that you didn't like.
spain,comfort double room,couple,2,2024,11,9.0,superb,the location,no review
czech republic,plus comfort suite,group,3,2024,11,8.0,very good,"place, view, bar, staff, room size for 3 people, balcony",a little older interiors
brazil,comfort king room,couple,3,2024,11,9.0,superb,no review,"at checkin, the employee passed the wrong information, that my reserve would only be available for two days. so we need to reprogram ourselves to visit in porto in two days. when we went to check out, the employee said i had another day of stay.  a absurd."
saudi arabia,comfort double room,group,1,2024,11,10.0,exceptional,"wonderful hotel, close to the center",nothing
sweden,comfort family room plus,family,3,2024,11,8.0,"hotel clean, worth recommending","breakfast on heat every day the same, the rest of the breakfast is all ok.",no review
france,comfort double room,couple,4,2024,11,9.0,superb,"location, restaurant and bar on site",nothing to say everything was perfect
spain,comfort king room,couple,2,2024,11,8.0,very comfortable and well located.,"big and clean rooms, very attentive staff, very breakfast complete and good.",there was a party in a nearby building and music was heard until 11pm.
tunisia,comfort king room,solo traveller,1,2024,11,10.0,exceptional,"super welcome, go have a drink on the 17th floor! the view is incredible",no review
argentina,comfort king room,couple,2,2024,11,10.0,excellent,very good stay perfect,no review
turkey,comfort double room,couple,3,2024,11,10.0,"if i go to porto again, i will stay again","comfortable, clean, close to the city center and breakfast is very good there is a very nice restaurant in the roof beri. i recommend it for dinner",no review
italy,comfort twin room,family,2,2024,11,9.0,superb,"very spacious rooms, a strategic structure to move on foot for the city and very quiet as a street, which was not crowded at all. excellent and varied breakfast.",presence of the carpet in the rooms
france,comfort double room,couple,2,2024,11,10.0,beautiful hotel,the spacious room and cleanliness,no review
brazil,comfort king room,couple,2,2024,11,8.0,very good,"good location with parking next (paid), great breakfast.",no review
portugal,comfort double room,family,2,2024,11,8.0,very good,"nice hotel, friendly personnel, good location. normal hotel level rate and its location. it was a reference for the future.",no review
belgium,comfort king room,couple,3,2024,11,9.0,"good hotel, well -located and very beautiful city. a must.","breakfast was very good, varied!","outdoor terraces of bar and restaurant are small, but fun"
brazil,comfort twin room,group,4,2024,11,10.0,exceptional,the room is very comfortable and breakfast is very good,no review
israel,comfort king room,family,3,2024,11,10.0,exceptional,an excellent and recommended hotel very close to santa katrina street. a good breakfast great dinner on the high floor with food and excellent service and overlooks an amazing view. very comfortable rooms. answer our expectations. suitable for a 5 -star hotel. are sure we will come back,nothing
israel,comfort twin room,family,7,2024,11,10.0,exceptional,"a lovely team a good located hotel, there is a little walk to the center, but there is a huge parking in front of the paid hotel. the room is clean good breakfast and completely satisfying",no review
france,comfort double room,group,3,2024,11,9.0,very good stay,"location, lunch, top room. just a small detail, bad configuration of tables and buffet for lunch poorly arranged installation",development of the configuration of the breakfast room; very badly has the tables far from the buffet
france,comfort double room,couple,3,2024,11,10.0,very well placed and good quality hotel,breakfast restaurant location,nothing
italy,comfort double room,couple,3,2024,11,10.0,excellent hotel. friendly staff.,excellent location near the trindade station. the top floor bar offers a wonderful view. the chamber and common environments very clean and well -kept.,nothing
spain,plus comfort suite,family,2,2024,11,10.0,family trip,"we loved, family trip and everything very well. the very big and clean room, the friendly staff, the nearby to the center is fine, and the views from the bar and restaurant where you make a break of the day is phenomenal. if i returned to porto, i would repeat without a doubt.",no review
spain,plus comfort suite,family,2,2024,11,10.0,exceptional,"everything has been great - the location, the staff, the room, the cleaning, the breakfast. i recommend 100%. the staff is very friendly. the room is wide and the beds very comfortable. the restaurant on the 17th floor is spectacular. the food is very rich. the view from above is beautiful. if you arrive before check -in and the last day you have the flight afternoon, they keep your luggage at the reception. that is very comfortable. so you can go for better and quiet port, without backpacks, without suitcases. the metro station for the airport is very close. we have been very satisfied with our stay at the hotel and in porto.",no review
spain,comfort suite,group,2,2024,11,10.0,exceptional,"all perfect, central, very friendly, clean personnel. if i return to porto, i surely repeat the hotel.",all perfect
portugal,comfort double room,couple,2,2024,11,10.0,wonderful !!,"i liked the sympathy of staff, room comfort and excellent location",nothing to point
spain,comfort family room,group,1,2024,11,10.0,excellent,"location, personal kindness, comfortable rooms, breakfast",all perfect
portugal,comfort family room plus,family,1,2024,11,9.0,excellent.,the service was great and very comfortable.,no review
france,comfort double room,family,2,2024,11,9.0,weekend in porto,"the hotel situation, direct metro line from the airport. in addition, quick access to the rua santa catarina pistrene which descends to the heart of the city. very professional hotel staff. superb panoramic restaurant and varied and generous breakfast.","room next to the elevator, a little noisy. the desserts of the le 17eme restaurant are not of great interest, not in terms of the hotel's standing."
spain,comfort family room,group,1,2024,11,10.0,never disappoint,"the location, views and rooms",i have nothing to contribute
spain,comfort twin room,family,1,2024,11,10.0,exceptional,perfect location.  impressive views. spectacular   100% recommended,no review
brazil,plus comfort suite,couple,2,2024,11,9.0,very good hotel!,spacious room and bathroom too,there was no change of towels
germany,comfort twin room,couple,2,2024,11,10.0,great location on the edge of the central old town,"the room on the 8th floor was surprising, with a balcony and beautiful view over the city. the rootop bar is very good on the 17th floor, the restaurant on the 18th floor was awarded.",no review
netherlands,comfort double room,couple,3,2024,11,10.0,it was a wonderful stay in a top hotel.,"nice, practical room with everything that is desirable. very friendly and adequate staff. nice restaurant and lounge with a view over the city.","the only point was that the heating/air conditioning makes a continuous buzz sound, which was slightly annoying. but that may not be possible."
belgium,comfort single room,solo traveller,4,2024,11,8.0,very good,emplacement,poor breakfast
poland,comfort twin room,group,4,2024,10,8.0,return to beautiful places ...,"the room was quite nice, good size, comfortable beds, roomy wardrobe, table with armchairs, also a desk, a kettle and an express for coffee for capsules (capsules additionally paid), there was a balcony, but due to the weather we did not spend time on it.","the bathroom, the color of the walls looked dirty (the painting method aimed at looking old), but it was also acceptable, the worst was also in this color and it was very difficult to enter it and came out of it - for the elderly even dangerous."
italy,comfort family room,group,2,2024,11,10.0,exceptional,"amplitude rooms, cleaning and courtesy staff",no review
spain,comfort double room,group,2,2024,11,9.0,pleasant,i didn't try it,the room could have been a little bigger
spain,comfort suite,family,2,2024,11,10.0,a dream stay.,"all perfect, staff and facilities. to return again.",i liked everything.
portugal,comfort king room,couple,1,2024,11,10.0,boa,the amazing view.,at night i heard some strange noises
spain,comfort king room,couple,1,2024,11,9.0,ideal,"very friendly staff, big and comfortable room with very good views.",no review
mexico,comfort double room,couple,2,2024,10,10.0,a wonderful stay!,"the location, breakfast buffe is spectacular !! the bed is very comfortable, the bathroom and service is wonderful !! i would return without a doubt!",everything is perfect !!
italy,comfort king room,couple,2,2024,11,8.0,maybe a little expensive,"the structure was in a strategic position to visit the city, not far from all the main points to visit.  the view from our room (14th floor) and from the terrace to the 17th were fantastic, especially at night.  the very large and comfortable room, large bathroom and with the bidet (not taken for granted abroad).  the very good restaurant the good breakfast with the availability of gluten free products.","the hotel, from what we have been told, does not have the aspiration in the bathroom in the czech baths.  we also noticed small things that are not too careful about cleaning (a few fur and hair on the bed, the stained bedspread)."
france,comfort king double room with romantic package,couple,3,2024,9,9.0,fabulous !! wonderful top staff !! an exceptional stay !!,"everything was perfect! the welcome, the very friendly and attentive staff, we liked when we arrived the bottle of wine with cupcakes served in the room, the lady who brought us was very smiling and kind. we were reserved for a suite, the very comfortable, very clean and well-equipped bedding, the hotel is very close to the city center, the very generous breakfast with a lot of choices, the exceptional rooftop to admire the city of porto. a very big thank you to the staff !!! we highly recommend +++++",no review
brazil,comfort king room,couple,2,2024,9,9.0,it was good,"wonderful morning coffee, and excellent location.",the service of some employees!
argentina,comfort family room,family,3,2024,10,9.0,good experience,good location.  excellent breakfast. very varied and of great quality.,no review
switzerland,comfort king room,couple,2,2024,10,8.0,primos weekend 2024,central location large room comfortable bed,nothing
netherlands,comfort king room,couple,3,2024,10,9.0,finer home within walking distance of the center,nice spacious rooms and a good breakfast. the staff is also very helpful and friendly.,no review
spain,comfort king room,couple,1,2024,8,8.0,very good,no review,"it has nowhere to park the car throughout the room, it does not even have one concerted"
austria,comfort double room,family,7,2024,10,9.0,superb,very good location. comfortable room. friendly staff. we would book here again.,no review
germany,comfort single room,family,3,2024,10,9.0,"hotel in top location, super friendly staff with great roof top bar/restaurant","great location right on bohao and rue santa catarina, very friendly and attentive hotel personal, roof top bar and restaurant was very good and outlook great!","outside of the breakfast room/winter garden, the radiant heaters were not on, it was too cold in mid -october"
israel,comfort double room,family,3,2024,10,9.0,an excellent hotel that provides a very good response to a great location in the city.,excellent location.  net.  excellent service,the showers are slightly small and dense
italy,comfort single room,solo traveller,3,2024,10,8.0,very good,"cozy room, very clean, complete with kettle and coffee machine. beautiful view from the room and from the bar to the 17th floor.","offered by the hotel 1 capsule a day of coffee, a herbal tea and a single sachet of sugar. other capsules available at 1 euro each."
ukraine,comfort double room,couple,3,2024,10,10.0,a good hotel,"i liked everything. clean spacious room, comfortable bed, quiet. wonderful landscape, friendly staff",no review
brazil,comfort king room,couple,4,2024,10,8.0,fantastic location and very good breakfast!,"fantastic location and very good breakfast! the very spacious room with two balconies, a fantastic view of the city.","after checking the checkout we noticed that we had forgotten a mobile phone charger in the taking of our room, but by requesting by phone to the reception staff that rescued to us, we were informed that they did not find. in short, someone caught and did not return us, we were very upset about what happened because the hotel category does not match such occurrences!"
angola,plus comfort suite,group,1,2024,10,9.0,very good. let's go back,very good breakfast and restaurant.,"the ceiling of the room has fixing problems - we opened the balcony door and part of the hall ceiling loose it, we had to replace it."
italy,comfort king room,couple,1,2024,10,9.0,superb,great room and spaces well located comfortable bathroom really beautiful and suggestive with incredible panorama,i don't know .... only he has no parking and in the center with the car is not the best
portugal,plus comfort suite,family,1,2024,10,8.0,very good,no review,"only 1 note to improve in the future:  1 client who is only 1 night cannot be agreed by the cleaning employee at 9:20 am opening the bedroom door. i didn't put the paper ""not disturbing"", but so just being cleaned when i was sure of my check out."
spain,comfort family room plus,group,1,2024,10,9.0,i would repeat,"the rooms are very spacious, comfortable and modern, very well isolated acoustically. the beds, very comfortable. we loved the restaurant. it has spectacular views of the city. dinner was very rich. to put a but, they did not finally reserve a table next to the window, although i expressly asked for it two months in advance.",no review
spain,comfort family room,family,1,2024,10,10.0,a very good option near the center of porto,"we were housed in several rooms at the hotel during a weekend, to also have dinner at the restaurant in a family celebration. the treatment of the staff is exceptional. they allowed us to leave the luggage before check-in and after check-out, which made it very easy to visit the city during the day. the rooms were impeccable and the beds and pillows, very comfortable. dinner at the restaurant also exceeded our expectations. breakfast is very complete with a wide variety of sweets and salty. in short, the hotel loved it.",nothing to object. we liked everything.
netherlands,comfort twin room,group,3,2024,10,9.0,lovely hotel for visiting porto,beautifully renovated rooms and the hotel is close to the center,no review
venezuela,plus comfort suite,family,1,2024,10,10.0,excellent location and good atmosphere,location and comfort,no review
brazil,comfort suite,family,1,2024,10,10.0,"the hotel is perfect, pity we only take rain","yes, we like it",all great
brazil,comfort king room,couple,1,2024,9,9.0,"privileged location, comfort and convenience.",the comfort of the room and the location of the hotel.,"the bathroom stall/bathtub, as it is difficult to reach and can cause an accident when entering or leaving, especially if the person is elderly and with some movement limitation."
spain,comfort twin room,family,2,2024,10,10.0,exceptional,super friendly staff. we went to celebrate our anniversary and when we arrived we had a bottle of champagne and pasta. big surprise! the 10th restaurant !!,no review
brazil,comfort single room,solo traveller,3,2024,8,9.0,excellent stay,breakfast,no review
belgium,comfort king room,couple,4,2024,9,10.0,exceptional,there is no effort too much to meet your questions. always friendly and polite. breakfast was very well cared for and wide choice. a top location.,there was nothing against us.
portugal,comfort double room,couple,1,2024,9,8.0,very good,"refurbished installations, location close to the main sights",no review
france,comfort king room,couple,4,2024,9,10.0,super,breakfast and restaurant,no review
portugal,comfort double room,family,1,2024,9,8.0,very good,no review,there was no twin room availability.
mexico,comfort double room,group,3,2024,9,8.0,good hotel. bad service,the location,"the dining room staff. very rude, unkly and poorly faced with all diners."
portugal,comfort double room,solo traveller,3,2024,9,8.0,pleasant,the bathroom,the size of the room
italy,comfort double room,couple,2,2024,8,10.0,beautiful experience,"it would deserve 5 stars! beautiful, central, well -clean structure, in the elevator there are even uvc rays. from the roof, excellent dinners, spectacular view of the city. very professional staff. convenient parking in front of the hotel.  i highly recommend !!!",no review
spain,comfort king room,group,2,2024,9,9.0,superb,and,no review
spain,comfort double room,couple,3,2024,8,10.0,exceptional,"the views, the treatment of the staff, both of the hotel and the restaurant. cleaning the room and common areas.","he had a host that made a lot of noise. he pulled the windows at any time, mainly at dawn. the scare that hit me was tremendous. i think the walls are very thin"
switzerland,comfort double room,couple,3,2024,9,9.0,recommended hotel for a weekend in porto,"friendly staff, beautiful rooms (we even had a small balcony), comfortable beds, everything very clean. location good, subway station nearby (a few minutes footpath). many sights can be reached by foot. small rootop bar on the 17th floor with a great view over the city. breakfast okay (plus point for the freshly squeezed orange juice).",we had expected the rootop bar a little larger (but we were always lucky to get a place outdoors).
brazil,comfort double room,couple,3,2024,9,10.0,exceptional,"large spaces, comfortable and tasteful decoration. excellent morning coffee. requested and prepared employees. panoramic view of the bar and note 10.",no review
germany,comfort double room,group,3,2024,9,9.0,a perfect hotel for a city trip to porto,very good breakfast. beautiful top roof roof terrace.,no review
belgium,comfort double room,couple,3,2024,9,8.0,ideal hotel to explore porto.,"extensive breakfast buffet, fresh fruit juice, various sandwiches, sweet pastries, hot and cold toppings, fresh fruit, coffee automatic, ... everything regularly supplemented! smooth clearing. bar with panoramic views over the city!","restaurant: far too long waiting time, food was delicious!"
sweden,comfort single room,solo traveller,5,2024,9,9.0,"friendly and central, good location, convenient..farscht!","the location, close to everything in the center of postage!","my safety box, ceased to work on several occasions!"
netherlands,comfort suite,family,1,2024,8,9.0,nice hotel,"very clean and modern, large room with air conditioning. great breakfast.",nothing
france,comfort double room,couple,3,2024,9,9.0,perfect hotel for a stay in porto,bedroom perfectly arranged with very comfortable bedding. very complete breakfast. quiet hotel. very little noise in the corridors. listening staff.,no review
portugal,comfort double room,couple,1,2024,9,10.0,incredible,"i loved the stay, the employees are very attentive and friendly. i placed a special request and were amazing. thanks!",no review
switzerland,comfort twin room,couple,2,2024,8,8.0,welcome and very good services.,perfect excellent orange juice i would have liked more french baguettes.,not much
portugal,comfort king double room with romantic package,family,1,2024,8,10.0,point to the best,"cleaning, comfort, sympathy",absence of parking
france,comfort king room,couple,2,2024,9,9.0,superb,"the location was ideal for visits, the room was very well level size, and cleanliness. very complete breakfast, always well busy. very pleasant staff",no review
portugal,comfort single room,solo traveller,1,2024,9,10.0,exceptional,"i liked it, although the location of the consumables is neither clear nor logic",only what i mentioned above
united kingdom,comfort single room,solo traveller,2,2024,7,8.0,delicious breakfast,the breakfast was exceptional! the cleaning service was very good and the person in charge of cleaning was very kind.,the room was a bit small
france,comfort single room,solo traveller,8,2024,9,9.0,a hotel close to the old town with attentive staff,the very friendly and speaking french staff,nothing
netherlands,comfort double room,couple,8,2024,9,8.0,very good,the restaurant on the 17th floor,no review
portugal,comfort suite,family,2,2024,9,9.0,hotel to repeat,i liked the kindness of employees and everything in general.,no review
germany,comfort family room plus,couple,2,2024,9,8.0,very nice and successful stay,"good location and especially room with balcony. in addition, a bar on the 17th floor with outdoor area and also a restaurant with an outdoor area. insane view!","get something old, but still ok!"
spain,comfort family room,family,5,2024,9,10.0,"it has been a wonderful stay, i had a great time.","the location was fabulous, the breakfast very good. i loved the attention of the staff.",no review
portugal,plus comfort suite,group,1,2024,9,10.0,excellent room with a large balcony that provided a beautiful sunset and reliable view,the room is excellent,no complaint
belgium,comfort king double room with romantic package,couple,2,2024,9,8.0,nice,very comfortable and a lot of attentions but the bof district.... but it changes,a little too old
spain,comfort double room,family,7,2024,9,10.0,exceptional,"the hotel is very good. they gave us a very wide and comfortable room, even with terrace. breakfast very good, perfect cleaning. if situation in a very good neighborhood. attention of the staff of 10. when i return to porto i will stay here without a doubt.",all ok
spain,comfort family room plus,family,2,2024,8,8.0,very good,the room for the 4. very wide and allowed us to have some independence. breakfast tb was very good. variety and product quality.,the seagulls in the early morning ... very noisy and dirty.
spain,comfort family room plus,group,1,2024,9,9.0,superb,"the exceptional room, incredible, central views",no review
spain,comfort double room,couple,3,2024,8,8.0,confortable,terrace 17,own parking
spain,plus comfort suite,family,1,2024,9,9.0,superb,"everything, the current but very comfortable decoration",no review
guadeloupe,comfort king room,couple,3,2024,8,9.0,superb,restaurant on the roof,parking in the street
brazil,comfort twin room,couple,4,2024,7,8.0,i'll be back soon,"very good breakfast, all very well done!",i lost a cell phone charger i left in the room.
germany,comfort double room,couple,2,2024,9,8.0,great location for portoura women,"great bar with a view of postage, windows for ventilation can be opened, spacious bathroom, bakery and local dirket next to the hotel. parking garage with good prices next to it (albeit ugly than the night ...)",room between 2 elevators was not really quiet
spain,comfort double room,family,1,2024,9,9.0,perfect,orange juice.,i wanted to pay breakfast barely between and they didn't charge it to me. then when i'm having breakfast they come to charge me what i think is inopportune
canada,comfort king room,couple,3,2024,9,9.0,a superb experience,lunch and courtesy,nothing
spain,comfort double room,couple,3,2024,9,9.0,very good location and comfortable,the best location. it was only 5 minutes walk from the center. although it has no parking lot in front there is a very comfortable public parking (eur 50 days) very good breakfast,regular cleaning. we found a bottle of water from the previous clients hidden among the curtains.
italy,comfort double room,couple,3,2024,8,9.0,superb,"hotel in a good location to visit the city large and welcoming room, friendly and professional staff. good value for money. overall he respected my expectations",no review
netherlands,comfort double room,group,7,2024,8,9.0,wonderfully accessible hotel with a super location!,beautiful view over the city,missed a balcony
france,comfort family room,family,1,2024,9,10.0,top splendide,very nice clean hotel room at the top,nothing
netherlands,comfort double room,couple,2,2024,8,8.0,nice hotel in a practical location!,"room was fine. nice bed and a spacious bathroom. location was also good, 20 minutes of walking to the river where there is the most to do. parking is easy next to the hotel. you can buy tickets here separately for 48 hours, then you pay 35 euros. to do this, go to the reception of the parking garage itself.",the breakfast was not super. little choice and actually not worth your money. tip is just to have breakfast outside the door.
spain,comfort king room,group,2,2024,8,8.0,perfect location to travel porto on foot,"the location, excellent !!!","the facilities are quite old and although they are modernized, something lacks"
spain,comfort double room,couple,2,2024,8,9.0,superb,very comfortable and clean room. great breakfast,among the services he says that there is parking and when we asked at the hotel and sent us to the parking lot in front but paying
portugal,plus comfort suite,family,5,2024,8,8.0,very good,a little  excellent breakfast  very good service 5,of the prices on the last floor at the bar
italy,comfort double room,couple,2,2024,8,8.0,optimal!,the view from the bar of the 17th floor! clean and welcoming rooms. excellent breakfast.,the mattress ... not very comfortable.
spain,comfort double room,couple,4,2024,8,10.0,excellent in general lines,all excellent,breakfast a bit lazy
spain,comfort double room,family,1,2024,8,10.0,all perfect,the kindness,no review
spain,comfort double room,couple,2,2024,8,8.0,very good,very complete buffet,all good
spain,suite premium deluxe,group,1,2024,8,10.0,exceptional,"all in general. breakfast, the bar the bar and its attentive waiters",you need to modernize the rooms
italy,comfort family room,family,2,2024,8,8.0,very good,no review,the view from the room to the 2nd floor with window on the back very ugly
brazil,comfort double room,couple,2,2024,8,9.0,it was a good stay!,"of the hotel wind and attentive staff, the location, i found it calmer that is in ribeira, where i was always.",i found the room that we got small. and the bath i thought the shower comes out little water.
germany,comfort family room,family,3,2024,8,9.0,great location for refueling for discovering tours in porto,generous and well -kept family room with very comfortable beds very attentive and friendly staff let the day in the bar on the 17th floor end with great view.  i felt very comfortable and would love to come back.,no review
spain,comfort double room,couple,3,2024,8,10.0,exceptional,location and the dimensions of the room. and a very professional staff.,nothing
spain,comfort family room plus,family,2,2024,8,10.0,very good hotel.,"the very good and very varied design, very attentive personnel",no review
spain,comfort double room,couple,1,2024,8,9.0,"all good, charming staff",the excellent outer terrace. the very good reception,no review
italy,plus comfort suite,family,2,2024,8,9.0,superb,the triple room with 2 bedrooms and a fantastic view.,the location too far from the center
poland,comfort double room,couple,2,2024,8,10.0,exceptional,"very good breakfast, a wide selection of dishes. comfortable beds. spacious room. available kettle in the room. very kind service. great location. view from a bar with a terrace on the 17th floor. very fast elevator.",there was a brighter than the lamps by the room lighting bed
italy,comfort double room,group,2,2024,8,8.0,great location and good food,excellent location excellent restaurant overlooking the city,no review
spain,comfort double room,family,4,2024,8,10.0,ideal,"the location, comfortable and silent room, ideal bar on the 17th floor with excellent cocktails and views and a magnificent attention of all staff.",nothing
italy,comfort suite,family,1,2024,8,8.0,good 4 -star hotel with spacious rooms. excellent location 5 minutes from the center. car parking at 25 meters,location and terrace bar,old rooms and furnishings
italy,comfort family room,family,3,2024,8,8.0,"excellent location, very satisfactory hotel ..... attention to the parking lot ....","rooms, breakfast and location of the hotel very comfortable",absence of internal parking and absence of automatic agreement with the possibility of automatic reservation in public parking placed in front of the hotel. upon our arrival there was no availability of any parking in the area.
brazil,plus comfort suite,family,4,2024,7,10.0,refinement and comfort.,impeccable. comfortable accommodation for 03 adults. large bathroom. breakfast absurdly wonderful (there was kombucha and kefir).,very expensive parking
spain,comfort single room,solo traveller,2,2024,8,10.0,very good accommodation.,"the comfort, very attentive staff and the recommended whatever breakfast.",perhaps the area where the hotel is located to park is very complicated.
spain,comfort family room,family,1,2024,8,10.0,quality- price accord,it is quite good,no review
brazil,comfort suite,family,1,2024,8,9.0,superb,"great room, comfort!",no review
italy,plus comfort suite,family,3,2024,8,9.0,superb,central location. beautiful rooms,it does not have a parking lot and to find it available in the silo car in front of the hotel i waited for three hours after parking the car 1km away. it must be said that the city was full of tourists.
spain,comfort suite,family,1,2024,8,10.0,exceptional,everything but to highlight the comfort of the bed,no review
kuwait,comfort family room plus,group,3,2024,8,10.0,"the residence was exceptional, as all the great housing features from the center met to the hotel to wide, arranged rooms","the look is exceptional, the location of the hotel is excellent, very professional and kind workers",nothing
switzerland,plus comfort suite,family,3,2024,8,9.0,very pleasant.,"empowerment, personal, very pleasant and very good breakfast.","nothing to say, everything was perfect"
portugal,comfort family room,family,1,2024,8,8.0,very good,great location. spacious and very comfortable rooms. all very clean. i loved. when i return to porto i will definitely return to this hotel.,no review
mexico,comfort twin room,family,3,2024,7,9.0,"a beautiful view, and a very good commfort","very rich breakfast, the hotel is very nice",i don't remember something notable
france,comfort family room,family,1,2024,8,9.0,superb,rooftop. rooms and quality of service,soundproofing. we heard the elevator and the corridor noises
germany,comfort family room,family,1,2024,8,9.0,nice hotel for city visit,"we had booked a room with 2 separate bedrooms and 1 bathroom - the size of the rooms was very good. on site we got an upgrade to a room with balcony, which was very nice, even if we didn't use the balcony. breakfast was very extensive and the coffee was also okay (which unfortunately was rarely the case in portugal on our trip). the staff is very friendly, the food in the restaurant is very tasty, albeit rather high -priced, the drinks and snacks in the bar delicious and in terms of price. the room was clean and the beds were very comfortable.","i had booked the hotel because of the roof terrace and had imagined it larger. we sat inside both in the restaurant and in the bar because it had no place outside. our bathroom had no deduction and unfortunately the towels were not all replaced, but we just had less on the 2nd day. since we only stayed for 2 nights, but what that is okay. the hotel is a bit offside and the last few meters from the metro it goes uphill. but you can reach the city on foot, the train station and airport by public transport."
turkey,comfort king room,couple,1,2024,8,9.0,i prefer again,there is everything you need in the room. very spacious. the bed is very comfortable,it is very tiring to reach the hotel by the sea.
portugal,comfort king double room with romantic package,couple,2,2024,8,9.0,fantastic and i'll be back,very central fantastic room and very friendly staff,no review
portugal,comfort family room plus,group,2,2024,8,10.0,exceptional,no review,hotel has no garage.
italy,comfort king room,couple,2,2024,8,9.0,superb,room with balcony and city view storage luggage service after check out,bathroom a little small compared to the amplitude of the canera
mexico,comfort double room,couple,3,2024,8,9.0,superb,no review,that had carpet
mexico,comfort twin room,family,1,2024,8,10.0,"nice, functional with an incredible view of porto from the room!",well and the location also very good,all good
mozambique,comfort double room,family,5,2024,8,10.0,exceptional,"the facilities are very good, clean, very welcoming employees, restaurants, bar and breakfast services very good and exquisite. the restaurant and bar provide a spectacular view. excellent location, in the heart of bolhao, near the bus stops and metro.",no review
spain,comfort single room,solo traveller,5,2024,8,8.0,very good,"the cafeteria restaurant of the 17th floor, good, good views and good attention of the waitresses. good breakfast but in a 4 -star spain hostel is better and more varied. hotel reception, pleasant and effective in giving solutions.",the individual room was a bit small. they give up the first bottle of water even if you are lodged 5 days.
italy,comfort single room,solo traveller,2,2024,8,9.0,pleasant and interesting,position,the cup of coffee left dirty
germany,comfort king room,family,4,2024,8,9.0,superb,the staff was very nice and friendly,no review
italy,comfort single room,solo traveller,4,2024,8,9.0,superb,beautiful structure great staff,no review
argentina,comfort single room,solo traveller,1,2024,7,9.0,excellent option,first level breakfast. cleaning,nothing relevant
spain,comfort double room,couple,3,2024,8,9.0,genial,"the perfect location for my taste and parking right next 3 days for eur 50, wide room and very complete bathroom, has terrace with very good views and complete lunch",no review
germany,comfort twin room,group,7,2024,7,10.0,porto lover :),"spacious rooms, very good breakfast and good location !!!",personnel at the reception a little serious and introverted!
hungary,double room - disability access,group,3,2024,7,9.0,ideally close to everything on foot for which the extremely delicious and elaborate breakfast is perfect before...,perfect location! excellent breakfast,no review
france,comfort double room,couple,1,2024,8,10.0,pleasant,the welcome and the quality and choice of the buffet of breakfast.,that there is no private parking or a cart to move the luggage.
netherlands,comfort single room,couple,1,2024,8,9.0,prima hotel,"great hotel, good location. tasty beds. good breakfast!",nothing
france,double room - disability access,couple,1,2024,8,8.0,very good,the hotel is rather well placed with ease of parking because a public parking is located in front of the hotel. the staff were kind and the room spacious,"the bathroom, with disabled access (i have no handicap) which was not more suitable and a little outdated."
germany,comfort king double room with romantic package,couple,3,2024,8,9.0,superb,"very good location, friendly staff",you shouldn't have saved on breakfast for breakfast. it didn't fit the otherwise good breakfast
spain,plus comfort suite,group,1,2024,7,8.0,very good,room size and cleanliness,no review
germany,comfort single room,solo traveller,5,2024,7,9.0,real hotel to explore portos!,"good friendly communication of the staff in english. a short technical defect in good air conditioning was immediately remedied. cleanliness of the rooms and very satisfactory in the hotel. great breakfast buffet. good location of the hotel for exploration also by foot, great closeness to the market and public transport. great roof terrace with a great view of the city.",no review
france,comfort suite,family,3,2024,8,10.0,exceptional,"everything was perfect . hearty breakfast. roof top magic and dinner at the absolutely topissime restaurant (2 evenings in a row). charming, professional and smiling staff",no review
brazil,comfort king room,couple,1,2024,7,10.0,exceptional,"privileged location, cleaning and attention of impeccable staff",no review
italy,comfort double room,couple,3,2024,8,8.0,excellent structure in a reserved area close to the center! recommended,"cleaning, services, comfortable and large room!",nothing
belgium,comfort single room,solo traveller,1,2024,8,8.0,very good,fantastic rooftop bar!,no review
spain,comfort double room,couple,3,2024,8,10.0,it was exceptional,great everything of very good taste,no review
israel,comfort double room,solo traveller,3,2024,8,10.0,"all are super, all 4 stars are felt","the hotel pulls on all its 4 stars, i don't know what reviews here were written below people, they didn't change towels - complete nonsense, they change and clean every day, you can even ask for time at any time ... someone wrote about the smell - there was nothing like that, it was a pleasant smell, it was before, but today july 2024, this hotel was very happy that it took it, although it was in doubt that it took it so. as the reviews here were not very ... cleanliness, comfort, furniture everything is in excellent condition ... yes, not close to the center, where the river is and all the beauty, but near the metro, in two minutes, or a taxi of only 5-6 euros and you are there ... but the hotel is 4 stars for that kind of money is perfect","mini bar, do not use, 4 euros for a small collate, this is of course the guys ... well, why set such prices ... nonsense"
spain,comfort double room,couple,2,2024,8,8.0,very good attention and services,"very complete breakfast, the room very well, and is close to the areas of interest","that a building with such a height does not have the stairs enabled for customers in case of evacuation or simply do not want to climb the elevators, i doubt that in spain that was allowed."
spain,comfort twin room,group,2,2024,8,10.0,exceptional,"the kindness of the staff, its excellent facilities, the unbeatable buffet of breakfast, the restaurant and the cafeteria served by very efficient and friendly personnel, etc. it seemed excellent.",no review
spain,comfort suite,family,1,2024,8,10.0,comfortable and quality,the terrace and bar service above on floor 17,no review
portugal,comfort single room,solo traveller,1,2024,5,10.0,great experience,"reception/service to extraordinary clients. the rooms are very comfortable, the location of the hotel is great. breakfast is very vast. i recommend it lively.","it only suggested a change in the showers, the water passes too much to the floor of the toilet."
germany,comfort twin room,family,7,2024,8,8.0,very good,the rooms are nice and large. the beds very good. the breakfast left nothing to be desired. even gluten -free was brought daily,the reception is a dark hole. the restoring equipment on the upper floor looks very diligent. no trace of live events far and wide. too bad. didn't want to go out there
brazil,comfort suite,family,1,2024,8,10.0,beautiful room,"the room very spacious, comfortable and quiet.","at breakfast, they could add ometes, tapioca, starry eggs."
italy,plus comfort suite,family,2,2024,6,8.0,excellent accommodation solution in porto!,"very pleasant living room, abandonment breakfast and a terrace at the beautiful 17th floor. the view in the evening, sipping an excellent glass of port, is spectacular. perhaps a little far from the center, going down to ribeira on foot is a little long, but with public transport it is resolved quickly. advised!",no review
angola,comfort family room,family,2,2024,8,10.0,exceptional,cleaning and service.,we like everything
switzerland,comfort double room,group,3,2024,8,9.0,postage is always beautiful,price performance fits!,no review
spain,comfort double room,family,2,2024,8,10.0,exceptional,"location, attention, cleaning and amplitude of the rooms as well as the cafeteria spaces with a lot of place, comfortable and very good views both from inside and on the terrace.",no review
spain,comfort double room,family,3,2024,8,10.0,exceptional,"the room has impressed me a lot, and that was very well located, with good views. the great food were very careful to give us even clean tweezers to take our food and avoid possible cross contamination. i will return, no doubt.",no review
spain,comfort double room,couple,2,2024,8,9.0,superb,"they made us an upgrade without having requested it with what we enjoy a large room, with a great bathroom and a fantastic terrace. the great bed too. very friendly and helpful staff","we liked breakfast less, it was not up to the rest of the hotel and we also thought that it could have been served on the terrace they have on floor 17, where you enjoy spectacular views."
france,comfort single room,solo traveller,1,2024,8,8.0,beautiful hotel very well located in the center,"hotel very well located with transport nearby. the rooftop is a plus and offers a magnificent view of any porto. the staff are pleasant and available. the bedroom is pleasant, the bathroom has all the necessary toiletries.","traveling alone, my room was equipped with a single bed where for a 4 star you could expect a double bed. the windows do not open completely, probably for security questions but it's a shame if you want to enjoy natural air and not air conditioning."
spain,comfort family room,family,1,2024,8,10.0,good location and good service,amplitude and comfort of the family room,first floor without view
brazil,comfort double room,family,3,2024,7,9.0,superb,"excellent location, very complete breakfast, comfortable room and bar restaurant with beautiful view",no review
france,comfort single room,solo traveller,2,2024,8,8.0,"everything went well, very professional and kind staff","the neighborhood, close to the market",the unpleasant outdoor building
venezuela,comfort king room,family,5,2024,7,10.0,exceptional,"the location, the service and cleaning",no review
netherlands,comfort family room,family,2,2024,7,9.0,"great hotel, good family room",location top. we had room with 2 teenagers and they slept in the room apart. nice to have space. clean hotel.,breakfast was pretty simple. had expected more luxury
france,comfort king room,family,3,2024,7,9.0,in accordance with expectations,breakfast location,no review
chile,comfort king room,couple,3,2024,7,9.0,superb,"the location, its restaurant, bar, and terrace. good breakfast and spacious and comfortable room.",no review
spain,comfort double room,couple,1,2024,7,8.0,good to spend a night,it was clean,the location and restaurant that is located on floor 17
spain,plus comfort suite,family,4,2024,7,9.0,superb,"very varied breakfast, excellent location, and phenomenal views. to return",no review
spain,comfort double room,couple,3,2024,7,9.0,excellent hotel,"it is central, at the beginning until locating you seem not, but it is not so, located behind the city council, next to catalina street. to walk anywhere. the exquisite breakfast, there was everything, the room, very comfortable beds. we were on the 15th floor, overlooking the entire city. there is a terrace and rso on the 17th floor, where you can go to take some and enjoy your views.","nothing, we were very good."
france,comfort single room,solo traveller,3,2024,7,8.0,very good,"the hotel is well located, direct by metro from campanha railway station (trindade station). it is a high building dominating the whole city, close to the historic porto (sao bento). good varied breakfast, dizzying top top and very beautiful panorama on port",seen from outside the big tower that is a bit gray and would benefit from being renovated
spain,comfort double room,couple,3,2024,7,8.0,very good,personal kindness. attention.,"they do not replenish coffee capsules. you have to buy them ... but at least it has coffee maker, that not all hotels have and it is great to put it."
italy,comfort family room plus,family,3,2024,7,9.0,superb,extremely kind and welcoming staff. beautiful bar/restaurant on the 17th floor. all recently renovated with a lot of taste. really excellent breakfast.,"a very small flaw is that, in spite of the name, the location is not exactly central: the long-fiume, where the evening life is concentrated more, is in fact about 20 minutes on foot. the structure is however quite comfortable at the bolhao metro station."
spain,comfort twin room,family,2,2024,6,8.0,comfortable and well located outside the bustle.,"terrace with room views, comfortable beds. public parking next to a good price.","he seemed impersonal and far from the center. but in reality it is very close to the rua sta catalina and the market. and given the waves of tourists, it is appreciated not to be in the bustle."
switzerland,comfort single room,group,3,2024,7,8.0,good hotel in a good location that i can recommend.,"good location, calm, parking garage very close. comfortable rooms. breakfast rich.",no review
netherlands,comfort double room,couple,1,2024,7,8.0,as expected: great stay.,breakfast was fine. staff friendly and helpful. and all conversation in english.,n.v.t.
france,comfort twin room,family,3,2024,7,8.0,alright,no review,i was disappointed with the freshness of breakfast food. viennoiserie was dry and the buns too.
italy,comfort king room,family,6,2024,7,10.0,travels are travelers. saramago docet.,"position, availability and breakfast",nothing
france,comfort double room,couple,1,2024,7,8.0,very good,room comfort very good breakfast  well placed near the old porto and the trinidadian metro which is direct for the airport,no review
italy,plus comfort suite,family,2,2024,7,9.0,port at hand,panoramic position,nothing
china,comfort double room,family,1,2024,7,8.0,very good,breakfast is rich and it is very comfortable to eat!,no review
portugal,comfort double room,couple,2,2024,7,10.0,very nice and i will definitely come back,"service, location and convenience",no review
netherlands,comfort king double room with romantic package,couple,3,2024,7,8.0,prima,breakfast was excellent; staff friendly and very helpful (rollator!),for men's toilet at restaurant (18th floor) i had to go to the 17th floor.
netherlands,comfort family room,family,3,2024,7,8.0,luxury in the center with a 17th floor a bar/restaurant,the room and location is very close to the center and public transport,staff for breakfast and fitness space is concealed
portugal,comfort single room,solo traveller,3,2024,7,9.0,excellent hotel,"the location of the hotel is excellent, close to the main sights and with a ""breathing"" view, excellent breakfast. employees have always been helpful and attentive, exceeded my expectations.",nothing to point out.
israel,comfort king room,couple,3,2024,7,10.0,excellent,good breakfast amazing team great location highly recommend,no review
france,comfort double room,couple,3,2024,7,10.0,"very nice hotel, very good breakfast",everything was perfect,it just lacks a magnifying mirror for the bathroom
france,comfort king room,couple,2,2024,7,8.0,very good,no review,hear the screaming room! soundproofing can be reviewed because otherwise we held no noise.
spain,double room - disability access,solo traveller,4,2024,6,10.0,super recomendable!,"excellent attention. the terrace and bar service, super friendly. a super complete and delicious breakfast.",i can not stay over the weekend due to the difference in the price with the week days. they could better supply minibar.
puerto rico,comfort single room,solo traveller,3,2024,5,10.0,exceptional,all,no review
italy,comfort family room,family,3,2024,7,9.0,superb,"room, breakfast",nothing
argentina,comfort double room,group,3,2024,7,8.0,very good,good location/ good attention,everything was fine
spain,comfort double room,family,3,2024,7,10.0,repeat,they facilitated a great upper room without influencing the cost,how fast it happened ...
france,comfort twin room,group,5,2024,7,10.0,ideal stay that we recommend +++,"the location, the spacious room with all equipment.","for the restaurant, the wait to be served far too long."
poland,comfort double room,group,3,2024,7,10.0,"excellent location, delicious breakfasts and comfortable beds","excellent location - in a very close range from the center, many shops and restaurants as well as public transport. various breakfast, a lot of dishes to choose from, including traditional portuguese sweets :) the beds are very comfortable, provide comfortable rest. a kettle, capsules and a set of cosmetics - shampoo, conditioner, body lotion and shower gel are available for guests. hotel service is very professional and polite, willing to help. i definitely recommend this place, i will definitely come back there :)",no review
italy,double room - disability access,couple,3,2024,7,8.0,very good,the breakfast was one of the best ever tried. the staff show rare attention to the customer. meets every request with kindness and diligence,the access ramp for luggage and for those with motor difficulties: really dangerous!
france,comfort single room,solo traveller,4,2024,7,10.0,very good hotel!,"i loved the location, very close to bolhao and santa catarina street. the room was great and very clean.  the employees are very kind.",no review
chile,comfort double room,couple,2,2024,6,10.0,"very comfortable, very friendly staff to answer and answer questions","excellent breakfast, very good location.",no review
morocco,comfort double room,solo traveller,3,2024,7,9.0,superb,the room was clean  breakfast at the height  the staff was welcoming and very helpful,"the sandwich that i was given when i left to serve as a breakfast of which i open, leaves something poor and lean. while breakfast was included in the bedroom costs."
israel,comfort double room,couple,4,2024,7,10.0,exceptional,was comfortable and in the city center,everything was ok
germany,comfort double room,couple,1,2024,7,9.0,superb,top restaurant im rooftop,no review
italy,comfort double room,family,2,2024,7,9.0,superb,they offered us a free upgrade with a suite. their very kind and the large and beautiful room.,no review
italy,comfort double room,family,3,2024,7,8.0,very good,the bar on floor 17,coffee for breakfast
spain,comfort king room,couple,3,2024,7,9.0,"a good hotel, to recommend it","the location, the bed,",nothing
germany,comfort king room,couple,3,2024,7,8.0,good for a short trip to porto.,breakfast with a lot of fresh fruit and vegetables. yummy. wonderful view from the roof terrace to the city. was used for an abscuor every evening,no review
switzerland,comfort king room,couple,4,2024,7,9.0,gladly again and again.,"very well located, high quality and modern hotel with excellent rootop restaurant. the rooms are spacious, functional and the bed of good quality. a very rich breakfast buffet and a helpful and very customer -oriented staff round off your stay. we were allowed to extend the checkout unproblematic and without additional costs by an hour!",nothing to notice.
germany,comfort double room,group,6,2024,7,8.0,very good,"the location is good, within 20 minutes you are at the douro. the staff is competent and friendly, especially in the restaurant.","there is a coffee machine in the room. unfortunately, no capsules were added during our 6 -day stay."
spain,comfort family room,family,3,2024,7,9.0,very central and comfortable hotel,"quite close to the tourist center, you arrive walking in a few minutes, family room with two rooms, parking right next to the hotel.",no review
colombia,comfort family room,family,1,2024,7,9.0,very good stay,excellent location and facilities,no review
italy,comfort king double room with romantic package,couple,3,2024,7,10.0,an unforgettable stay,"beautiful hotel, the view from the terrace is spectacular!  the wonderful room on the 16th very large floor, clean, silent, with all comforts, very comfortable bed and a fantastic view! super breakfast for all tastes! the very kind, professional staff very attentive to customer needs! the hotel does not have the parking lot but there is a car beside where you can park. i'll be back !!!",nothing
united arab emirates,comfort king room,couple,1,2024,6,9.0,superb,great location and very good breakfast.,no review
germany,comfort double room,group,1,2024,7,8.0,close to the center and noble reception area,the bar with the view on the 17th floor. restaurant over it with a terrace.,old facility in the room.
italy,comfort suite,family,2,2024,6,10.0,exceptional,position and welcome of the staff.,restaurant lower than expectations.
france,comfort double room,group,4,2024,6,8.0,good,good,boring street side  glazers who spend early in the morning
switzerland,comfort twin room,family,3,2024,7,8.0,very good,"the location of the hotel is great! very friendly staff. breakfast is very rich and fine. nice equipment, very inviting. very comfortable beds. like to come back",it smells a bit stale in the room. probably this would be a little better if after suction were ventilated ...  but otherwise everything is top ...
italy,comfort double room,couple,1,2024,6,10.0,last evening in porto after a fantastic tour of portugal. the structure is excellent and the central location. the person,"the central location, the quality of the service, the extremely professional staff, the standard.",no review
france,comfort double room,group,4,2024,7,8.0,very good,"home, comfort, bar",sound insulation
portugal,comfort king room,couple,2,2024,6,10.0,aprate and confidiable,"excellent breakfast. very good to have the restaurant, comfortable, friendly and pleasant, and the menu that always gives us good meals",arrange for the parking lot
italy,comfort single room,group,2,2024,6,10.0,exceptional,very nice hotel,the location was quite away from the center where the river is
france,comfort twin room,group,3,2024,6,10.0,exceptional,professionalism cleanliness,no review
netherlands,comfort single room,solo traveller,3,2024,6,9.0,superb,"fantastic restaurant, with a view over the entire city",no review
france,comfort double room,group,1,2024,6,8.0,very good,no review,the location is very practical only the restaurant terrace is accessible damage  very helpful and professional staff
portugal,plus comfort suite,couple,1,2024,6,9.0,superb,"near the bolhao market and traditional trade. comfortable suite and with good view. climatization of the room. we opted for dinner on the panoramic, which we found very good.",nothing in particular.
hungary,comfort twin room,couple,3,2024,6,8.0,"in the right place, excellent room.","the view, the equipment of the room.","the morning could have been more diverse, the tables were too small."
germany,comfort king room,couple,5,2024,6,9.0,"perfect for a city trip in porto, comfortable room, roof top bar with a great view of the city","the location, dielage, the location and friendly staff and service",no review
brazil,comfort single room,solo traveller,1,2024,6,9.0,perfect for those who are driving.,wonderful breakfast. all very clean and pleasant. i just found the location a little bad.,location
austria,comfort single room,solo traveller,10,2024,6,9.0,i would book it again,i have a very good feeling .. the room was very clean .. there was a kettle .. and free tea .. the breakfast was very diverse and was filled up regularly .. there was even homemade cakes .. fresh fruit .. really everything you can imagine .. that staff was friendly .. i would book it again :),nothing
brazil,comfort family room,family,3,2024,6,10.0,exceptional,"excellent service, great facilities too !!",no review
portugal,comfort double room,solo traveller,1,2024,6,8.0,very good,sympathy,sympathy
germany,comfort double room,solo traveller,1,2024,6,8.0,i would book again,nice room equipment and good location.,it is relatively loud.
germany,comfort double room,family,3,2024,6,8.0,big city hotel,the roof terrace with bar and the beautiful view over porto. breakfast buffet very diverse.,"small special requests, such as a beautifully laid breakfast table for the wedding day, were not fulfilled. reserved staff"
austria,comfort king room,family,3,2024,6,9.0,superb,"- spacious room and bathroom - windows that even could be opened entirely - breakfast buffet sufficient, even with natas :) - reach the subway with a short footpath - bar/restaurant on the 17th floor","- beds very hard, but that is known to be a matter of taste"
italy,comfort family room plus,family,3,2024,6,10.0,exceptional,excellent location. abundant breakfast,no review
brazil,comfort suite,family,2,2024,6,10.0,exceptional,"bedroom, bed",nothing! all great.
czech republic,comfort double room,group,3,2024,6,8.0,hotel in a great location,"great location, near the center and great market, spacious rooms, clean, next to the hotel bus stop and near metro. ,. excellent and rich breakfast.","a little harder mattress on the bed, while the window open a great noise from the outside,"
spain,comfort double room,couple,2,2024,6,10.0,hotel with excellent views,height and location with optimal views  good service and restaurant is worth it.,breakfast a little chaos  others close to the tables to the free buffet very good quality
brazil,comfort double room,solo traveller,2,2024,5,9.0,comfortable hotel and great location,"excellent hotel, comfortable, very good bedroom, comfortable bed, very well located and a restaurant on the wonderful coverage, hot foods and a wonderful view of the city of porto. i recommend and i will definitely stay again.",nothing to claim
brazil,comfort single room,solo traveller,1,2024,4,9.0,"excellent hotel, recommend and will be back","comfortable bed, very good bathroom, good location, the hotel restaurant is excellent, hot foods and has a view of the wonderful city, attentive staff.",nothing to claim
belgium,comfort double room,couple,8,2024,6,10.0,exceptional,very good hotel. very professional staff. very clean and very well located in the center of porto. we had the chance to receive an outcry compared to our reservation which was even better than what we had hoped. fantastic stay for our 40 years of wedding. we also enjoyed the restaurant very good meal with the view of the 27th floor.,everything was perfect.
reunion,comfort double room,couple,5,2024,6,9.0,"very good stay, the hotel is well located, 4min from the metro, 2min from a large commercial street. the hotel has a good re","the hotel is well located, close to the metro.",no review
france,comfort twin room,couple,7,2024,6,9.0,superb,very good breakfast,no review
austria,comfort double room,group,3,2024,6,8.0,the weather could have been better- many people. the service staff was very friendly everywhere.,room was very nice. location was ok. breakfast was ok,"pastries was ok, but not cross. as mans wants!"
france,comfort king room,couple,4,2024,6,9.0,good location. very nice and attentive staff,all,no review
france,comfort twin room,family,4,2024,6,9.0,superb,very good hotel. spacious room. we really enjoyed the panoramic bar.,no review
morocco,plus comfort suite,family,3,2024,6,9.0,highest,the room was spacious and clean. i requested a room with a great view and it was a lovely room with a panoramic view of the city. they also arranged a taxi to depart early in the morning. all the staff were very happy with their smiles.,none in particular
france,comfort suite,family,7,2024,5,8.0,very good,"location, transport, reception, restaurant.",nothing
france,comfort suite,group,1,2024,6,10.0,parfait,"perfect, except that we could not access the terrace seen on porto, the waitress told us with little courtesy  too bad at the price of the room ...",no review
colombia,comfort double room,couple,2,2024,6,9.0,"a comfortable hotel, comfortable bed, the staff in general is unknowing, the terrace of 17 is excellent. they had no park","clean alcoba, comfortable bed, the terrace of the 17th floor has the best view",the staff is uncommon and the hotel had no parking service
brazil,comfort king room,couple,4,2024,6,9.0,very good.,"large bedroom, very good bedding and bath.",breakfast with few fruit options.
italy,comfort double room,solo traveller,1,2024,6,8.0,"alberto in the center of porto comfortable, clean, excellent staff","kindness, location, cleanliness",i wasn't enough to notice something negative
brazil,comfort family room,family,3,2024,6,8.0,despite the lack of communication with some employees the hotel is very tasteful!,elegant and very spacious rooms!,"view! i was placed at 2 * walking where i had no view, just for the wall and the air conditioner!"
spain,plus comfort suite,family,2,2024,5,10.0,exceptional,"we liked everything in general, the room, abundant and varied breakfast, the very silent hotel, a bar with an impressive terrace. we will return !!",no review
israel,comfort double room,couple,3,2024,5,8.0,very good,position,have room for room -level improvement
spain,comfort single room,group,3,2024,6,8.0,advisable,"very well located, the super friendly staff, good buffet breakfast. advisable","in general it is fine. if we put any paste, for me the bathroom light. quite dark for my liking."
portugal,comfort double room,couple,2,2024,5,8.0,very good,"the restaurant, food and service, simply spectacular.",breakfast sausages are not very good quality.
mexico,comfort suite,family,1,2024,6,9.0,super and very good hotel,very good breakfast,nothing
switzerland,comfort twin room,group,2,2024,6,9.0,everything fine.,central location. bar and restaurant great. personal very helpful.,no review
austria,comfort double room,couple,3,2024,6,9.0,superb,no review,breakfast buffet is a bit tight
germany,comfort single room,solo traveller,1,2024,4,9.0,superb,"location, size of the apartment, quiet location, large sun terrace.",no review
switzerland,comfort twin room,group,3,2024,6,9.0,superb,-location -bear -breakfast,it's all ok!
spain,comfort king room,couple,3,2024,5,10.0,genial,all perfect and very well located,no review
monaco,comfort double room,couple,1,2024,6,9.0,superb,modern and comfortable,ras
portugal,comfort suite,family,1,2024,6,9.0,superb,"excellent location, quiet zone",no review
colombia,comfort double room,couple,2,2024,5,10.0,the very cozy and comfortable room. the excellent location and very attentive staff. recommended.,excellent hotel with all comforts. the plus is the roof top that has an unsurpassed view and service.,no review
germany,comfort single room,group,1,2024,6,8.0,very satisfied,it was good for fresh juice and coffee.,"i tried to look at the atmosphere for the 17th floor reservation, but i was rejected."
denmark,comfort double room,couple,2,2024,6,8.0,well,the terrace (bar),missing pool
germany,comfort double room,group,4,2024,6,8.0,good hotel near the city of city away from the largest hustle and bustle,"the stay on the roof terrace with a great all -round view was a nice end after a day in the city. there is also a beautiful lounge area indoor on the 17th floor. the breakfast selection was good, it was filled in immediately when a bowl was empty.",the staff in the hotel restaurant could have been friendlier. we only ate there once because we felt more comfortable in other local locals.
germany,comfort king room,couple,2,2024,6,8.0,good location with a fair price,lage,alter
brazil,comfort double room,couple,3,2024,5,10.0,"excellent days in porto, hotel met all my expectations","excellent breakfast, with many options, large room, clean, all very attentive","i have no considerations, everything was great"
costa rica,comfort single room,solo traveller,2,2024,6,10.0,exceptional,cleaning and good breakfast,no review
france,comfort twin room,family,2,2024,5,10.0,exceptional,"warm welcome, very attentive and attentive staff, very comfortable and clean room, ideal location and delicious and refined restaurant. top breakfast. i highly recommend this establishment and i will gladly come back to it.",no review
germany,comfort king room,couple,3,2024,5,8.0,"hotel dom henrique, recommended city hotel",the location of the hotel is excellent. the staff was very friendly and helpful in all areas. we particularly liked the restaurant on the 18th floor and the bar one floor underneath.,"unfortunately, the hotel is getting a bit old, which is not good for the charm of the house. breakfast was not optimally thought out for a 4 star house. coffee machines with all options, but neither milk and sugar nearby. in our view, salt and pepper also belong to the tables. we first had to search."
switzerland,comfort double room,group,2,2024,5,9.0,succeeded,the accommodation was tiptop and the staff friendly and helpful. the roof terrace with bar was great.,no review
portugal,comfort double room,couple,1,2024,5,9.0,"very pleasant stay. very central hotel, good atmosphere.","very good, quite varied. quality and fresh products.",everything went well.
spain,comfort family room,family,2,2024,5,8.0,"nice hotel, with good location. very good rooms, very good size. regulate attention.",the room and location.,very distant treatment of staff. quite apathetic.
spain,comfort double room,couple,2,2024,5,9.0,superb,location and facilities,a mica car
germany,double room - disability access,group,2,2024,5,9.0,perfect hotel for a city trip to porto,a very nice hotel with selected friendly and helpful staff.,no review
brazil,comfort family room,family,3,2024,3,10.0,exceptional,wonderful and differentiated hotel! delicious breakfast and super comfortable room.,"coffee da em, wc and room"
mexico,comfort family room plus,family,4,2024,4,9.0,very good everything!,"the room was excellent, very attentive staff",everything was very good
france,comfort double room,couple,7,2024,5,9.0,parfait,very welcome,too bad the coffee is not offered to per person every day  the room is redone and cleaned but too bad milk samples for example are not given every day
spain,comfort double room,couple,3,2024,5,9.0,very good hotel with very good services.,professional and great empathy attention of staff.,the price of breakfast is a bit expensive.
poland,comfort king room,couple,6,2024,4,9.0,superb,"breakfast at a decent level, without fireworks, delicious pressed juices",a modest travel breakfast
spain,comfort king room,couple,2,2024,5,8.0,very good,the terracita,breakfast
switzerland,comfort single room,group,3,2024,5,8.0,"nice stay in porto for the first time, in the rain most of the time. but we took advantage",near the trindade metro,no review
brazil,comfort king room,group,3,2024,4,9.0,it was wonderful,"great quality fruits, bread varieties, eggs, many healthy options, black coffee a delight.  the perfect location, we were able to perform several walks on foot.",i don't remember.
russia,comfort single room,solo traveller,2,2024,5,8.0,"i did not understand the enthusiasm about this hotel. pros / proximity to the metro and view from the window, go to the center / river for about 20 minutes","close to the metro, there is everything you need, good breakfasts (for 15 euros), the view from the window is the ocean and porto (12th floor)","4 stars: no robe, the safe did not work, paid! coffee in the room, towels were not changed"
brazil,comfort double room,couple,3,2024,5,10.0,excellent option,"attentive reception, providing all the details, including the maps. location that allows almost all sights on foot. large apartment and bathroom with all the necessary amenities, including bag support. excellent breakfast, with many varieties and quick replacement, including orange juice made on time. great restaurant with a slightly reduced menu, but of excellent flavor and slightly high value. it has some restaurants around.",nothing to inform. everything was perfect.
brazil,comfort double room,couple,3,2024,4,8.0,it was perfect,very clean and located,nothing to claim
brazil,comfort double room,couple,3,2024,5,10.0,wonderful,all.  comfort of the room.  wonderful breakfast. helpful staff.,nothing
portugal,comfort twin room,group,2,2024,3,9.0,superb,"of the location, of breakfast. from the bar at the top of the building-",no review
israel,comfort double room,couple,3,2024,5,10.0,exceptional,"the hotel is very comfortable, clean and neat, was a day we didn't want to enter the room, call and ask, are we okay and if you need it. we really liked it. a very comfortable bed including pillows, there are also house shoes in the room. a paw machine and kettle are also in the room. breakfast is just great.",everything was good
netherlands,comfort king room,family,3,2024,5,9.0,recommended!,"rooftop bar on the 17th floor, good bed, very good breakfast","tea, soaps not supplemented daily"
france,comfort king room,couple,4,2024,5,8.0,services at the height for a central location.,no review,layout for breakfast to review.
portugal,comfort family room,family,1,2024,5,10.0,exceptional,"breakfast, room, meals",engagement cakes were not made available
spain,comfort double room,solo traveller,3,2024,3,10.0,i will return,"all in general and the attention of personnel in particular (to highlight). they are super effective with any request, friendly to more unable to and their treatment makes you want to extend the trip (being in such a pleasant environment, it is easy). in addition, the comfort of the bed and the pillows literally absorb you. it's amazing, he did very much that i did not enter that state of relaxation just to lie down.",i could not indicate anything that i did not like.
france,plus comfort suite,family,1,2024,5,8.0,very good,"the hotel is good, but at the top of a coast, donations not easy with the suitcases. we expected more classy given the price of the rooms. the rooms are good, but a little old -fashioned decoration for our taste. top, very generous and varied breakfast. the rooftop restaurant is good but expensive.","for the restaurant, it would be necessary to provide a more suitable child menu, because from the soup as a starter, our daughter made the grimace!"
austria,comfort double room,couple,1,2024,5,8.0,all in all good hotel for short vacation.,very friendly and attentive staff.  breakfast large selection!  great rootop bar !!!,disruptive air conditioning at breakfast. (cold and loud) - at 15 degrees outside temperature.
belgium,comfort king room,couple,3,2024,5,8.0,very good,"we had reserved a king comfort room and we had a suite. great. top staff and speak french. impeccable cleanliness. restaurant, nickel bar. atmosphere and decor of the incredible hotel. thank you",ube tv channel alone in french
spain,comfort double room,couple,4,2024,5,9.0,superb,the general treatment of the staff and the restaurant of the restaurant in particular. all staff very good professionals. the maitre brushes excellence.,no review
portugal,comfort twin room,family,2,2024,4,9.0,superb,"i liked the comfort of the bedrooms, breakfast, views over the city of porto and the location","generally speaking i get out of d. henrique that i use very often, whenever i move to porto"
belgium,plus comfort suite,family,1,2024,5,10.0,very good stay! i recommend it to you,everything was perfect,no review
spain,comfort suite,family,3,2024,5,8.0,comfortable stay with the center of porto by hand,good breakfast and good kitchen in the restaurant with a view of the roof,they do not have parking service in the hotel itself
france,comfort double room,family,2,2024,5,9.0,superb,"very nice hotel! very well located, right next to the metro station where you arrive from the airport. the staff are adorable, the majority manage in french. very comfortable room with a very large bed. on downside the shower which has limestone therefore flows less well. very good very complete breakfast. we are in the shopping center, 1 place far from the historic center, therefore ideal for discovering the city.",no review
france,comfort double room,couple,4,2024,4,9.0,excellent !,"we liked everything, the view of the city from our room on the 11th floor, the cleanliness and comfort of the room and the hotel overall. we appreciated the welcome, the kindness of the staff who are busy so that nothing is missing on the very garnished breakfast buffet but also for cleaning in the rooms. we pay tribute to them. the direct metro line between the airport and the hotel district is very practical.",r a s
portugal,comfort suite,family,1,2024,4,9.0,exclete,"good breakfast with variety. too bad they do not have coffee makers or bonlets for coffee and milk, and they are machine. the location is very good and can go to any central point of the city. the restaurant on ""roof top"" is excellent!","not having a parking lot with the park silo on the same street. since the location of the hotel is very central, the outside parking is difficult. the hotel does not parking its own, so it should have a deal with the parque silo."
denmark,plus comfort suite,couple,8,2024,4,9.0,lovely hotel with some small beauty defects that should be easy to fix. you generally did umag,"nice breakfast, but hardly expected for a hotel of this price range. very friendly and helpful staff completely soundproof rooms.foic themselves alone and private when the door was closed when one day we skipped the cleaning over (""do not disturb"") we were called from the reception and asked if we were missing something","an annoyance was that we were charged 10 euros when one day we asked to borrow the plate, knife and fork for 2, as we wanted to eat talk away in the room-it must be considered a clear error step from the hotel !!"
france,comfort double room,couple,3,2024,4,8.0,beautiful hotel for a weekend or more,pleasant staff very spacious comfort rooms and with views of the city. top. breakfast very well supplied and varied the restaurant on the top floor is also very good with seen on porto,the bedding is rather hard so for me not comfortable continuous noise of blower which was rather annoying at night and it was not the air conditioning that was stopped.
germany,comfort twin room,couple,4,2024,4,9.0,gut,good restaurant beautiful terrace in front of the bar,bad connection to public transport to the historical center
argentina,comfort double room,couple,2,2024,4,10.0,exceptional,impeccable very attentive all,no review
germany,comfort double room,group,3,2024,4,10.0,100% satisfaction,breakfast - bar - the friendly staff,no review
belgium,comfort twin room,family,3,2024,4,8.0,porto was a very nice discovery! the hotel has beautiful assets but also some negative points,"room: very comfortable bed, quality soundproofing, pleasant small terrace super pleasant rooftop with a very beautiful view hotel restaurant at the top, advising without hesitation (quality of food, service and super staff) location: ideal, close to the center and quiet staff: super nice and helpful (speaks french!)","room: little spacious, coffee not replenished, no milk, no spoons and choice of nespresso capsules but at ... eur 1 piece !!!!!! breakfast: there is everything you need but lack of fresh and quality products (eggs in powder ..., bread)"
spain,comfort double room,family,2,2024,4,10.0,good hotel with breakfast,good treatment of staff and comfortable room. breakfast quite good.,no review
spain,comfort family room,family,3,2024,4,8.0,very good,buffet breakfast,the carpet
germany,comfort single room,solo traveller,1,2024,3,10.0,exceptional,the bar is great. you can see half the city.,no review
germany,comfort double room,couple,5,2024,4,9.0,superb,no review,"in this way, information about the parking line is useful in advance, in the few parking spaces and the one -way streets at the hotel. it is best to start the parking garage right away."
brazil,comfort king room,group,3,2024,4,8.0,satisfactory,"excellent cleaning, bed pillows and very good towels. good service, very good breakfast great location",no review
denmark,comfort double room,group,6,2024,4,9.0,superb,"i liked the bed, the cleaning was top notch and then the breakfast buffet was good. welcoming staff.",no review
germany,comfort twin room,group,4,2024,4,8.0,the hotel is recommended,"breakfast staff tried very hard, constantly added at the buffet, cleaned, always friendly despite the many guests. top! the rootop bar is very nice, with a view of postage. the only disadvantage for us older guests was the quite long way to the old town.",no review
finland,comfort king room,family,3,2024,4,9.0,superb,no review,restaurant 17 staff service is really slow even though there were not even many customers in the early evening.
luxembourg,plus comfort suite,couple,2,2024,4,10.0,"superb stay, to recommend!","very welcoming and friendly staff, ""roof-top"" restaurant with impressive view!",no review
spain,comfort twin room,group,2,2024,4,10.0,exceptional,very well located! the rooms are very spacious! the staff is very friendly and attentive! very rich and varied breakfast! we will repeat! top!!!!,no review
spain,comfort double room,couple,2,2024,4,10.0,exceptional,"you have some views from the impressive terrace, the proximity to the subway, your breakfast ....","what least a bit hard mattress, otherwise perfect"
portugal,plus comfort suite,group,2,2024,3,8.0,pleasant,the room was spacious and the bathroom was simple with taste,breakfast could improve. the presentation is weak and the products could also be of better quality.
spain,comfort double room,couple,1,2024,3,10.0,luscious,very clean and beautiful,no review
denmark,comfort twin room,couple,3,2024,4,10.0,we enjoyed every minute of hotels. incredibly nice room overlooking beautiful postage. very comfortable beds. personal,"incredibly friendly, helpful and welcoming staff. great nice room. good bed. very clean. delicious breakfast where all food was fresh and inviting.",no review
netherlands,comfort double room,couple,3,2024,4,8.0,business but fairly good and great location.,location very good. walk to the center. bus in front of the door and metro (for less than three euros you travel directly to the airport!) nearby.,staf frontdesk very businesslike. not hot/welcoming. breakfast room is more a canteen. sometimes it is very busy and you have to stand in line. air conditioning was really too cold on one morning in breakfast room. staf did nothing despite request. all in all a more than enough for this hotel.
denmark,comfort double room,couple,4,2024,4,9.0,superb,super service at the reception when we arrived. nice rooms and nice breakfast with large selection. coming very much again.,no review
france,comfort double room,couple,3,2024,4,8.0,exceptional city and the hotel is good,"urge with a balcony room, the roof top, the restaurant, the geographic location is interesting, the staff are nice","the bathroom: bathtub, need to be renovated"
colombia,comfort single room,family,1,2024,3,10.0,exceptional,spectacular!,no review
mozambique,comfort king room,couple,12,2024,4,9.0,fantastic,"good location, very diverse and good breakfast, very functional wifi",cleaning the balconies needs to be improved
france,comfort double room,couple,1,2024,3,8.0,very good,restaurant meal,no review
turkey,comfort king room,couple,6,2024,4,8.0,very good,"the location is in a perfect place. (yes, the historical bridge is a little far from the bridge, but the tram stop almost nearby provides very comfortable access. due to the topography of the city, you can have access to central places in general and go uphill on the way back.","i can't imagine the breakfast room when the hotel is full. a little narrow. two small bottles of water daily in the room, as well as sachet tea, coffee were not put. in most hotels, they do it as a treat, i couldn't make sense."
italy,comfort single room,solo traveller,2,2024,4,10.0,relax in centro to porto,"very central location. the terrace on the top floor is spectacular and super quiet to make aperitif: i remained in my heart. staff always friendly, various and quality breakfast. the very elegant hall with very comfortable sofas.  i had a single room with a view and it was very clean, well isolated, larger than i expected, especially the shower.",the bidet in the bathroom is missing
france,comfort double room,couple,5,2024,4,10.0,exceptional,"the whole and the equipment are of qualities. the very generous breakfast, a splendid view of the city at the restaurant and the bar.  i recommend without hesitation",no review
france,comfort double room,solo traveller,3,2024,4,10.0,very good experience in this hotel.,"very nice room and very nice view, everything was very clean, comfortable and pleasant. the rooftop bar is beautiful and the prices are correct. lots of choices for breakfast, sweet, salty, several juices, hot drinks, pastries, breads, cold meats, .... that i preferred in this hotel, it was service, staff. everyone is smiling and pleasant, anxious to be of service. breakfast was included the whole stay but my return flight was scheduled for 7 a.m. for a hotel departure at 5 a.m. the hotel took care of reserving a taxi and prepared a breakfast for me in a bag for the airport.",no review
uruguay,comfort double room,couple,2,2024,4,8.0,"nice, without a criticism of importance",very expensive and we don't have breakfast at the hotel,in the room there was 1 chair alone and it would have been more logical 2 places to sit
france,comfort family room,family,3,2024,4,8.0,very good,its location,the sofa bed
france,comfort king double room with romantic package,couple,1,2024,4,10.0,"comfort, proximity, reception are essential in this establishment",welcoming staff. the top room. the restaurant and the bar at the 17th floor with a view of the magnificent city and very good breakfast also  the proximity of the metro and the market,i'm still looking for nothing to complain about
switzerland,comfort double room,solo traveller,3,2024,4,8.0,"it was good, but next time looking for something else","the location is perfect, you can get there anywhere in the city center and local transport is also 10 minutes away on foot.",mega is cheeky for 3 nights 400 eur and then provided a small tiny balcony. and throwing away the water from the room is also very unfriendly. one could ask beforehand or let me know that no water can be brought from outside the hotel.
spain,comfort twin room,family,2,2024,4,8.0,good hotel and excellent location,good location. near the subway and you can access walking to visit the main areas. good cleaning and facilities. breakfast was pretty good and varied. very friendly staff.,the soundproofing of the rooms could be improved.
france,plus comfort suite,family,3,2024,3,9.0,i recommend,"well located hotel, large spacious and very clean room.","postcard left to the reception to be posted, never arrived, too bad."
spain,comfort king room,family,1,2024,3,8.0,highly recommended hotel,correct breakfast. very comfortable and wide bed,the attitude of the restaurant personnel when going to be reserved for dinner. being a group of 6 we ask if it could be a round table and the waiter seemed bad to sit
portugal,plus comfort suite,couple,1,2024,4,10.0,exceptional,i liked everything.  view of the city is incredible.,nothing. everything was great.
portugal,comfort suite,group,2,2024,4,8.0,very good,in general of everything!,the restaurant's room of the restaurant should have a different attitude!
portugal,comfort double room,couple,1,2024,4,10.0,exceptional!,"the full experience was very good, however the charisma of employees since the reception, support of the team with the volumes, sympathy and charisma! excellent!","high bar, perhaps for a particular feature, but i didn't find it natural! just that."
italy,comfort family room,family,1,2024,4,10.0,perfect,all,nothing
spain,comfort family room plus,family,5,2024,4,8.0,very good,the location,it's a bit dark ... and you don't look good in the rooms .. the suite was a bit small. and the carpet struggled my attention .. hygienic pure ... today does not take. an old tad
austria,comfort family room plus,family,2,2024,3,9.0,"it would be very nice, we would like to come back!","the best thing was breakfast - with freshly squeezed orange juice, with endless pastels de nata, pancakes, waffles, egg dish, yoghurt, muesli etc. etc. the rooms and the bathrooms were also very nice and also calm. the staff was very friendly. there was a heated glazed terrace for those who have not found a place in the breakfast room. the center can be reached on foot, we walked on foot.","instead of carpeting, wooden floor/parking would be better, but that would be too much renovation. the breakfast room is a little too small for such a large hotel. the heated terrace is okay, but still a bit cold (we were over easter)."
france,plus comfort suite,group,2,2024,3,8.0,perfect i recommend,clean and comfortable well located very close to the metro no noise we had a leakage large bathroom breakfast at the top,no review
spain,comfort twin room,couple,3,2024,4,9.0,to repeat,"it is very well located. near the hotel there are many stores, bars and restaurants. there is also a parking lot that has offers for stays of 2 or 3 days. in addition, the staff is very friendly and, in general, they speak spanish.","to improve, it would be good for television to be smart tv for the moments of rest or relaxation and, thus, to get a movie or series."
israel,comfort double room,couple,3,2024,4,9.0,excellent hotel good location and full price for price,"the team courtesy, upgraded the room without seeking, a. a very good morning cleaning. a good location",nothing
spain,comfort family room,family,3,2024,4,8.0,all very correct.,"the hotel is very good, facilities, restaurant, cafeteria, location, parking in front of payment. near the center and winged of the catarina road. breakfast is very good, always the same but varied, it is worth it. the family room is very expanded and the beds are very comfortable. the large bathroom with shower plate, very comfortable. perfect wifi.","we thought that all rooms would have beautiful views and our room of course not. the replacement of bathing things, quite improvable. the staff in general, quite dry and little willingness to be pleasant. the door buttons yes, super friendly. without spanish channels in the parabolic."
spain,comfort double room,couple,3,2024,4,10.0,exceptional,all in general a 10 10 hotel,i liked everything negative
germany,comfort king room,couple,5,2024,4,9.0,good price/performance ratio in a perfect location,"great hotel in a great location, excellent breakfast, very friendly staff.","at various service topics, the hotel still has room for improvement (e.g. coffee milk for the room had to be paid, coffee capsules for the room had to be paid, fried eggs had to be paid for)"
luxembourg,comfort king room,couple,1,2024,3,9.0,superb,"from the bedroom visit, comfortable bed, cleaning.",nothing to say.
norway,comfort double room,family,3,2024,4,8.0,currency for the money! central location.,"central location, large rooms that were newly refurbished. nice service.","poor exercise room with little equipment. only a tired treadmill, a bike and a multi -device for strength.  small flexible service in the breakfast restaurant as you could not bring food or drink out of the restaurant in case of one in a traveling companion."
france,comfort double room,couple,4,2024,3,8.0,very nice stay to recommend,the proximity of the location of the hotel the staff very very good breakfast dinner at the 17th view of the city,no review
spain,comfort double room,family,1,2024,3,8.0,history of how a cafeteria on the last floor spoils the experience of the stay in a hotel.,"good rooms, pleasant and well illuminated. well reception staff. good breakfast and good attention from the waiters. my second stay in this very close hotel. you just have to cross the street.","i arrived at the hotel late and we decided to take a snack at the cafeteria on the last floor since they gave some basic sandwich -type meals at that time. the waiters of that last floor, i do not know if it was for the time or for another reason, they had an absolute reluctant to serve you, of one of the waiters passed to the side of my table up to four times and asked us that we wanted to take. reception and breakfast that if he lived."
france,comfort king double room with romantic package,couple,1,2024,3,10.0,good stay,the framework,no parking
germany,comfort suite,family,2,2024,3,9.0,superb,"big room, attentive and nice staff, nice breakfast, hotel with style.",loud wind through the windows.
hong kong,plus comfort suite,family,2,2024,3,9.0,"wo de zhu su fang jian kai yang ,jing guan yi liu !",xing jia bi ke yi jie shou !,mei you
colombia,comfort family room,family,1,2024,3,10.0,exceptional,excellent location!,no review
spain,plus comfort suite,family,3,2024,3,8.0,excellent location,"the location, the treatment of the staff and in general except some nuance the facilities","the little light in the common areas, and the beds with the mattress a little sunk"
spain,comfort king room,couple,1,2024,3,10.0,exceptional,"good location, and room cleaning. they are all very friendly and the breakfast very good",no review
spain,comfort king room,couple,4,2024,3,10.0,disconnection,"buffet breakfast, excellent. and very friendly staff. the last night we had dinner at the restaurant, and dinner was exquisite. when i made the reservation, i suggested if it could be a room with terrace and so it has been, a pity that we have not been able to enjoy it because it has done very bad weather. no doubt highly recommended.",no review
germany,comfort double room,couple,4,2024,3,9.0,the stay was very relaxing.,we had a large room in the 15th floor with a beautiful view. the breakfast was varied and excellent.,no review
portugal,plus comfort suite,family,1,2024,3,9.0,very pleasant,excellent location,"the fare offered did not include breakfast. it was not important, because the location allowed many options, but by scoring it was not certainly highly prominent. the hotel price was excessive!"
spain,comfort family room plus,family,2,2024,3,8.0,super central,"how central it is, it is very well located very complete breakfast with natural orange juice",cleaning ... the bathroom had hairs glued to the wall and in general it could be better. the courtesy water were two nights and they didn't put us anymore.
spain,plus comfort suite,family,2,2024,3,10.0,it was comfortable.,there was public parking right in front of the hotel which was helpful. the location was also good. the room was spacious and the view from the veranda was amazing.,none.
italy,plus comfort suite,family,3,2024,3,9.0,superb,excellent breakfast  beautiful view from the bar of the 17th floor very kind staff,no review
brazil,comfort king room,couple,1,2024,3,9.0,right choice,"hotel well located, roof top fantastic excellent restaurant",i liked everything
france,comfort king room,family,3,2024,3,9.0,total satisfaction from booking to the agreed service.,great breakfast with permanent presence of staff to store or add efficiency and discretion.,put a coffee dose every day in the room unless reserved for the welcome day
france,comfort double room,family,2,2024,3,10.0,exceptional,location. very nice breakfast. quality and cleanliness of the rooms.,"outdoor parking to pay in addition, it is not happy. there was a lack of transparency at this level"
france,comfort king room,couple,6,2024,3,9.0,"very beautiful hotel as well as helpful, professional staff that i recommend to you","beautiful hotel, with attentive and very kind staff. discreet but very effective. impeccable cleanliness and very varied breakfast, made up of fresh products and a lot of choice. the hotel restaurant is also excellent. it is located very close to the trindad metro, perfect for visiting the city of porto. it is one of the best hotel that we have booked for a long time, we will undoubtedly return.  also, close to the hotel, rua do bonjardim, there is a small restaurant, (churrasqueira lameiras) on the outside look that does not invite to come back. make no mistake, you eat homemade dishes for very little.  sold in half portion or full portion for 10 euros, beware, the full portion is really very large !!  i also recommend the visit of the sardines pinhais av. meneres in matosinhos. thank you to the guide roberto for this very instructive and original visit with tasting at the end, to discover ...","nothing, everything was perfect"
france,plus comfort suite,group,3,2024,3,8.0,wonderful,"the location, cleanliness, kindness of the staff, the size of the rooms, the breakfast, the panoramic bar","a bedroom without electric sockets, low lighting in the bathroom"
france,plus comfort suite,family,3,2024,3,9.0,awesome,"location in the city, great staff, excellent restaurant and great room",while searching because it was great ... just usb sockets
austria,comfort king room,couple,3,2024,3,8.0,very good,"good breakfast, there is an orange freesh, location in walking distance to the center, excellent view from the mountain to the city, good bar and restaurant on the roof, the number is good large and comfortable","instead of shampoo, some kind of liquid was poured, after using which i had to buy shampoo and wash your hair"
france,comfort double room,couple,3,2024,2,9.0,superb,ideal geographical location  very generous breakfast,very little bright room
switzerland,comfort king room,couple,2,2024,3,10.0,at any time gladly again,"very centrally located, clean and nice staff",no review
netherlands,plus comfort suite,couple,4,2024,3,9.0,super relaxed,"appearance, staff and location in the city  from out of room eighty views over the city. very good restaurant, but at the price",n / a
france,comfort king room,couple,2,2024,3,8.0,good overall,beautiful establishment with a view of the magnificent 17th grade bar and very cozy atmosphere. large room and very generous breakfast!,"a little far from the bottom of the day before town and the douro, you have to be motivated to go back to the hotel on foot, it climbs a lot."
poland,comfort king room,family,3,2024,3,10.0,"helt is great at this price, but the restaurant on the 17th floor is phenomenal and with excellent cuisine,","a perfect breakfast, a large selection, so that everyone will find something for themselves. even being a few days each time you can eat a completely different breakfast. freshly squeezed orange juice is also ok. but the biggest advantage of the hotel is a restaurant on the 17th floor, is phenomenal, a view of the panorama of the night porter. excellent win collection, great kitchen and even fabulous service. the head of the room is the undisputed world champion, i recommend.",no review
portugal,comfort king room,couple,2,2024,3,9.0,super nice stay i recommend to everyone,"the location of the hotel is excellent for p.almoco what i can say is that it is very good and with a variety of things about wi-fi is very good too, i highly recommend everyone to visit this hotel in porto",i liked everything
france,comfort suite,couple,2,2024,3,10.0,exceptional hotel!,very caring staff everything is impeccable! i highly recommend! restaurant bar at the 17th ideal for landing after walking!,nothing to say about negative!
france,comfort suite,couple,4,2024,3,10.0,this hotel sublimated our stay in porto,"very nice room! the restaurant is excellent, with a magnificent view and especially the staff is very helpful, attentive and very kind.","when we arrived at 4:30 p.m., our room was not ready."
france,comfort double room,couple,3,2024,3,10.0,a great hotel with good value for money,"location near the city center, the view from the balcony.",no review
france,comfort double room,couple,3,2024,3,10.0,total change of scenery at 2:30 am flight from the house,impeccable staff,nothing
portugal,comfort family room plus,group,2,2024,3,10.0,excellent accommodation option in the city of porto,"location, bedroom comfort, staff sympathy, and the hotel bar, on the building's last floor, with a spectacular view of the city.","variety/quality of breakfast, however stressing the excellent natural orange juice."
portugal,plus comfort suite,family,3,2024,2,10.0,perfect for families! i loved!,"the hotel is fantastic. super well located, clean employees with great sympathy. the hotel bar and restaurant are wonderful. super recommend this hotel.",no review
france,comfort double room,couple,1,2024,3,10.0,total change of scenery at 2:30 am from home,everything is nearby,no review
italy,comfort king room,couple,2,2024,2,10.0,enchanting,all,nn
portugal,comfort single room,solo traveller,1,2024,3,9.0,superb,"of the bar and restaurant,",the room had a bottle of water already open and used.
france,comfort suite,group,3,2024,2,10.0,exceptional,all,no review
spain,comfort king room,family,4,2024,2,10.0,exceptional,the views and buffet,the bathtub was a bit small for 2
france,comfort double room,couple,4,2024,3,10.0,exceptional,"all comfort, personal, breakfasts .......",no review
spain,comfort single room,solo traveller,1,2024,3,8.0,recommended experience to visit porto.,"spacious, clean and comfortable room with good views of the city in upper floors. to highlight its good 10 min location at the historic center. the restaurant in the upper plane with windows offers unparalleled vision.",a pity that does not have your own parking. the input checkin is held at 4:00 p.m. maybe a little late for the traveler.
spain,comfort single room,solo traveller,2,2024,2,10.0,very comfortable,location,nothing
spain,plus comfort suite,family,2,2024,3,10.0,highly recommended,the room and the treatment of the staff,nothing
spain,comfort king room,couple,1,2024,3,10.0,relaxing,"the spectacular buffet breakfast, and the views from the restaurant",no review
france,comfort king double room with romantic package,couple,3,2024,3,10.0,great stay in a magnificent city where everything can be done on foot.,the 18th century restaurant and its location,nothing
italy,comfort twin room,family,1,2024,3,10.0,exceptional,"beautiful, well -kept hotel, large and bright rooms, spectacular view.",i thought it was in a more central area. it is very high a little outside the center
spain,comfort double room,solo traveller,3,2024,3,10.0,very suitable,"the location, the facilities, the terrace of the 17th floor ... in general everything.",i did not miss anything and therefore anything to object
france,comfort king room,couple,3,2024,3,10.0,exceptional,"the proximity of the city center, the staff is very kind, the generous breakfast",nothing
italy,comfort double room,couple,2,2024,3,10.0,exceptional,"excellent location, spacious and clean rooms. top breakfast.",no review
luxembourg,plus comfort suite,couple,3,2024,3,9.0,very pleasant,wish beautiful and clean rooms. very friendly staff. very satisfied,the pillows weren't really comfortable. we only got a key card at check-in. no additional pillows and/or ceilings in the room (at night it was a bit colder). a lot of condensation in the room when the window is closed at night (climate/heating was switched off)
france,comfort double room,family,2,2024,3,10.0,super stay,"the hotel staff are very nice. the places are clean. the room was well soundproofed, clean. breakfast is of very good quality orange juice in a hurry, salty and sweet. the 17th floor bar is pleasant, comfortable and the cocktails are very good.",no review
netherlands,comfort double room,solo traveller,5,2024,3,8.0,porto,staff very friendly.,no breakfast included
italy,comfort double room,family,2,2024,2,8.0,very good,the room was clean with all the indispensable services.,the room was on the first floor with the view on the wall .... i couldn't even open the curtains.
brazil,comfort king room,family,3,2024,2,10.0,exceptional,team attention. restaurant is wonderful. extremely clean accommodations.,no review
spain,comfort family room,family,4,2024,2,8.0,genial!,"ideal location, to know porto walking without getting too tired. zone with many restaurants and bars to take any type of food. breakfast, a little monotonous, but all very clean and well served. very important real orange juice ... !!","the acoustic isolation of the room was not the best in the world, in fact, a downspout passed very close to the headboard of the bed and seemed to be constantly raining ... i think such a hotel should take care of these details with more love."
portugal,comfort king room,couple,1,2024,3,8.0,very good,comfortable and moernos rooms,no review
switzerland,suite premium deluxe,couple,2,2024,3,8.0,very good,very specious room well located,no review
spain,comfort twin room,group,1,2024,3,9.0,superb,"perfect location, large and wide room. the breakfast very good, it seemed that it was small but there was everything. i will repeat the accommodation without a doubt when i return to porto",no review
germany,comfort double room,group,3,2024,2,10.0,very nice hotel,"great room, get a free upgrade, great bar with great view",no review
france,comfort family room plus,family,3,2024,2,8.0,very good,dinner at the 17th floor bar exceptional view,no electrical outlet of the double bed bed + single basin ds the bathroom
netherlands,comfort king room,couple,3,2024,1,8.0,very good,friendly staff and a good breakfast. at great walking distance from the center.,the beds were very hard and uncomfortable.
mexico,comfort suite,group,3,2024,2,9.0,excellent hotel,"the very wide room and the entire super beautiful, comfortable and very rich hotel.",no review
switzerland,comfort king room,couple,3,2024,2,8.0,very good,room size and facilities are very good and sufficient for a stay.,you slowly notice the carpets for the years. the ventilation in the bathroom did not work.
spain,comfort single room,group,1,2024,2,9.0,superb,the location is fantastic and good treatment of the staff. cleaning is good and breakfast too. the staff is cordial and although it does not have parking there is one next door,"well, i was not going to appreciate any work to appreciate any inconvenience that the hotel has, the only one hits the bed a little small, i imagine that they will have older"
france,comfort king room,couple,3,2024,2,10.0,awesome,the pound just opposite,too salty dish
brazil,comfort family room,group,5,2024,2,10.0,great option in porto,"excellent location, great coffee. the staff is very receptive and the room exceeded our expectations.",no review
france,comfort double room,family,1,2024,2,9.0,superb,all,nothing
portugal,comfort king room,couple,1,2024,2,9.0,all very well. to repeat.,the last floor bar/restaurant is very pleasant and allows a fabulous view of the port.,no review
spain,comfort double room,couple,1,2024,2,9.0,"without a doubt, to return","everything, the extragrade bed and the comfort of the pillows and the sheets. the bathtub. the soil carpet. the attention and kindness of staff.",nothing
spain,comfort single room,solo traveller,4,2024,2,10.0,exceptional,staff treatment. a full buffet breakfast. and the soundproofing of the room.,no review
spain,comfort double room,couple,3,2024,2,8.0,very good,the location. it is very central,no review
france,comfort double room,couple,2,2024,2,10.0,perfect stay,very generous breakfast  very friendly staff  establishment close to the center,nothing
france,comfort twin room,family,2,2024,2,9.0,we had a great stay in porto and i recommend this hotel without hesitation.,"very good hotel choice: listening staff. the room was quiet, with a magnificent view of the city of porto, large and clean. the bedding was very good. the restaurant is super good too!",no review
portugal,comfort family room,group,1,2023,12,10.0,exceptional,hotel's sympathy and comfort,no review
italy,comfort twin room,couple,2,2024,2,9.0,superb,"i recommend that you have dinner at the restaurant on the terrace, excellent quality price as an italian i ate from this consgiljo entrecote","the close location but still to go to the historic center 15 good minutes on foot everyone, the problem that are all descended and climbed"
spain,comfort double room,couple,1,2024,2,10.0,to repeat without hesitation,the views and comfort of the room,nothing
colombia,comfort double room,couple,3,2023,11,9.0,very good stay in porto,"the location of the hotel is perfect, in addition to the view from the restaurant, the service and the very good staff, the very comfortable and clean rooms, it is a very good hotel",no review
spain,comfort family room plus,family,2,2024,2,8.0,stay well. bad subsequent management.,the family room was very comfortable,we have left the camera charger and ask me to send my credit card by mail or phone to recover it. they don't give me other options. the option they give me is not safe.
france,comfort double room,family,3,2024,2,9.0,superb,"very pretty hotel, everything is renewed, comfortable bedding. rather well placed, we did everything on foot.",ras
france,plus comfort suite,group,2,2024,2,8.0,very good,no review,only 1 socket for the coffee machine and the kettle
malta,comfort double room,family,2,2024,2,8.0,very good,"position, courtesy of the staff, clean room, with bathsmen and locks of the us without (extras to be underestimated and highly appreciated). the hotel includes a lounge bar and a restaurant on the top floor (17th) beautiful where you can admire the splendid port during a cocktail, a sandwich club or a candlelit dinner.","the change of linen nn was done in the morning but forwarded to the room in the room, so we had to communicate to the adjustment to cleaning that we did not need anything. fortunately we have not dirty the room. ditto for the sheets and bathrobes used the day before, but by a well -known and expensive 4 -star hotel, i expect the cleaning of the rooms to be made in the morning."
france,comfort king room,family,2,2024,2,8.0,well placed hotel close to the metro,location and cleanliness,no review
spain,comfort double room,couple,2,2024,2,9.0,all perfect,"all very well, the hotel very comfortable and accessible. the room had everything necessary, the beds were comfortable and very friendly staff.","nothing, everything perfect."
brazil,comfort double room,couple,10,2024,2,10.0,it was worth it. it would come back more often!,excellent breakfast. team service with all willingness.,there was no problem.
france,comfort king room,couple,1,2024,2,10.0,"we had a great stay at the dom henrique downtown hotel. the hotel is ideally located, the rooms","the hotel is ideally located in the city center of porto, near many tourist sites and public transport.   we stayed in a modern and spacious room with a magnificent view of the city. the bedding was comfortable and the bathroom was clean and well equipped.   the buffet breakfast was generous and varied, with fresh and quality products. there was a choice for all tastes, sweet and salty.   the highlight of the hotel is undoubtedly its restaurant-rooftop located on the 17th floor. the panoramic view of porto is breathtaking and the atmosphere is very pleasant. it is the ideal place to relax after a day of visit or to have a drink by admiring the sunset.  the hotel staff are welcoming, available and polyglot and always listening.",no review
france,plus comfort suite,couple,3,2024,2,10.0,a great experience,staff friendliness proximity to the city center,no review
france,comfort family room plus,family,1,2024,2,10.0,"superb hotel, beautiful view and far from night noise","the location, as well as the staff  and the cleanliness of the room  very well soundproofed hotel  top literies!","i think the breakfast room is a little too small to welcome customers as well as the choice of breakfast missed one. it would be necessary to provide a second carafe of pressed orange juice to avoid the wait  but apart from that, everything was very good! it is a detail"
unknown,comfort double room,family,2,2024,2,10.0,a hotel to return and recommend.,"good attention. very friendly staff. clean, beautiful, good views. good location. parking next to. all great.",no review
brazil,comfort suite,family,2,2024,2,10.0,exceptional,"excellent location, large room with comfortable beds. cordial staff",no review
brazil,comfort double room,couple,6,2024,2,10.0,exceptional,"location in a silent area closer to the main sights. excellent, large and comfortable room. breakfast with a good number of options.",it could vary the salty options for breakfast between the days. i spent 6 days at the hotel and the options were the same.
brazil,comfort family room plus,family,3,2024,1,9.0,excellent hotel with very good location.,"hotel well located, near the bolhao market and various restaurants and bars. the hotel accommodations were excellent and the staff very friendly.",no review
spain,comfort double room,group,1,2024,2,9.0,pleasant stay in porto,"very central hotel 10 minutes from everything, quiet area and right in front of a parking lot in case it goes by car. very equipped, very comfortable bed. bar-restaurant on the upper floor very cool. to repeat","breakfast could improve quite above all the sweets were of low quality in relation to the quantity and quality of pastries in porto, by the way there is one next to the hotel very good."
france,comfort double room,group,1,2024,2,10.0,"super pleasant, if i would do it will be the same hotel!",a very beautiful 17th storey bar with an exceptional view,no review
spain,comfort double room,couple,3,2024,1,8.0,very good,the room was very wide and very comfortable and very beautiful facilities. the very friendly staff prepared a breakfast bag for the last day since we left the hotel very soon.,the hotel breakfast was not very varied.
spain,comfort suite,group,4,2024,2,9.0,pleasant,the room was very comfortable and wide,breakfast staff a little dry.
spain,comfort double room,couple,2,2024,2,8.0,very good,"wide and comfortable rooms, all clean, friendly personnel, very complete and varied breakfast.","it does not have a private parking, you have to pay a public or leave the car on the street"
france,comfort king room,couple,3,2024,2,9.0,very good value for money with the charm of the cozy,the quality of the rooms bedding bathroom rooftop bar  the excellent restaurant service at all kind and discreet levels,ras
spain,comfort double room,family,1,2024,2,8.0,very good,location,the room a little small
italy,comfort king room,family,3,2024,1,9.0,superb,excellent location and breakfast,rooms to be restored
italy,comfort family room,group,4,2024,2,10.0,exceptional,all.,nothing
spain,comfort double room,solo traveller,3,2024,1,9.0,dreamed stay,the terrace on the upper floor. the views are spectacular.,i have no criticism.
italy,comfort suite,family,2,2024,2,8.0,very good,"very large rooms. modern and essential furnishings. a beautiful room even if ""cold"". the terrace is beautiful",little friendly staff very few information on our arrival the breakfast times have not even told us. the breakfast buffet in the norm i expect something more from a 4 star ... bad coffee.
portugal,comfort double room,couple,2,2024,2,10.0,excellent for couples!,"super friendly people, the room was great, we had an upgrade of the room without asking anything!",lack of parking. it is the only negative point
belgium,comfort double room,couple,3,2024,2,9.0,amazing,"welcome, hospitality and helpfulness !!",no review
spain,comfort double room,couple,4,2023,12,10.0,fantastic stay with spectacular views.,"we loved that they gave us a room on a very high floor, because the city was seen completely from the terrace. the room was huge.",no review
brazil,comfort suite,family,2,2024,1,8.0,change boa,structure,no review
brazil,comfort king room,couple,4,2024,1,10.0,exceptional,"great location, comfortable room, large bathroom. great team.","air conditioned despite being at least, it seemed that it didn't work."
luxembourg,comfort double room,couple,3,2024,1,10.0,surpass,gorgeous,nothing
portugal,comfort double room,group,1,2023,11,8.0,very good,"view of the restaurant, bar",a little small rooms!
spain,comfort double room,couple,2,2024,1,10.0,"to return, without hesitation",everything in the hotel has been facilities and cooperation the staff is very pleasant.,nothing. everything was perfect.
spain,comfort king room,couple,2,2024,1,9.0,very good,the predisposition. of staff and suggestions,no
brazil,comfort family room,family,4,2024,1,8.0,"great location, comfortable and good breakfast. excellent cost benefit!","great location, large room and excellent breakfast!",no review
portugal,comfort king room,family,1,2024,1,10.0,exceptional,hotel has a beautiful view and dinner at the hotel was top,no review
italy,comfort suite,family,2,2024,1,10.0,exceptional,"the location, breakfast",nothing
portugal,comfort double room,couple,2,2024,1,9.0,excellent location,"excellent location. would recommend agreement with some parking park in the proximity. it would be an extreme added value. very friendly people, especially the concierge. 17 deg bar with refinement and quality, and wonderful view. breakfast qb. it would recommend reorganization of the room space so as not to be so tight.",no review
spain,comfort double room,couple,3,2024,1,9.0,a correct hotel,do not have breakfast at the hotel and it was well located,no review
spain,comfort double room,couple,4,2024,1,10.0,exceptional,i loved the bar -restaurant in 17th floor with a view to porto! beautiful,no review
china,plus comfort suite,family,2,2023,12,9.0,superb,the location is pretty good.,a little far from the attractions
spain,comfort double room,solo traveller,2,2024,1,10.0,exceptional,the excellent and very friendly room the service.,no review
brazil,comfort family room plus,family,3,2024,1,9.0,good option in porto,"great option, good location, good room, great breakfast, good restaurant and space to relax. good cost benefit. i loved the care in preparing a breakfast for travel the day we left early.",only one question did not like. i asked a taxi to the airport at 4:30 in the morning and said i needed a large car because we were in 4 people and with 4 luggage. they sent 2 taxis of smaller size which generated me a double expense unnecessarily.
brazil,comfort suite,family,1,2023,12,10.0,as expected.,all in conformity,all good.
switzerland,comfort double room,couple,1,2024,1,10.0,exceptional,good reception everything explained well  nice big bed clean gladly come back,no review
portugal,comfort double room,family,1,2024,1,10.0,exceptional,"hotel location is spectacular, right in the heart of porto. the bar on the seventh floor has a wonderful view of the city and serves great cocktails. very kind staff and very complete breakfast with fresh products.",no review
spain,plus comfort suite,family,1,2024,1,9.0,superb,pleasant reception staff. broad and comfortable room. excellent cleaning and good views from the room and much better from the bar and restaurant on floor 17.,no review
portugal,comfort king room,family,1,2024,1,10.0,exceptional,reception,price
brazil,comfort family room,group,3,2023,12,10.0,very good and welcoming. i would stay again.,"very good accommodation, cleaning and reception",no review
brazil,comfort suite,family,2,2024,1,10.0,exceptional,location and comfort,i liked everything
italy,comfort single room,solo traveller,2,2024,1,10.0,quality and friendly staff.,"excellent breakfast and very varied from sweet to salty, room staff always present for every need and that takes care of every detail. comfortable location in the center and the subway. clean room and equipped with every comfort",no review
portugal,comfort double room,couple,3,2024,1,8.0,very good,"good hotel, view in the 17th fantastic!",small-lunch little varied to the value.
colombia,comfort suite,family,3,2024,1,10.0,exceptional,comfortable,no review
switzerland,plus comfort suite,family,5,2024,1,10.0,exceptional,excellent.,no review
france,comfort double room,couple,3,2024,1,8.0,very good,"very clean hotel, we were upgraded when we arrived, room larger than expected. the staff is very pleasant the panoramic floor restaurant is very good. the bar is very pleasant we feel at home","the bed was too hard, the only false note"
france,comfort king double room with romantic package,couple,3,2024,1,10.0,top stay!,"we loved the sight of the bedroom on the 14th floor and what to say of the roof top on the 17th floor: a wonder! top restaurant, you're going to enjoy it!",no review
brazil,comfort double room,couple,3,2023,12,10.0,exceptional,excellent morning cafe,no review
argentina,comfort suite,family,2,2024,1,9.0,good hotel,"the facilities are very good,?",through booking i made a reservation in two rooms and when i arrived they told me to reserve a suite and there was a very uncomfortable sofa bed
france,comfort double room,couple,2,2024,1,10.0,we will come back!,all ! the hotel is incredible,nothing is perfect!
italy,comfort double room,solo traveller,1,2024,1,9.0,superb,spacious and clean bedrooms and bathrooms good breakfast extremely available staff,no review
italy,comfort king room,couple,3,2024,1,9.0,superb,excellent breakfast. large and comfortable bed. total cleaning. excellent location to visit the city on foot,there is no bidet in the bathroom as in all portugal. being largely non -portuguese customers it would be appropriate to install it since the space does not lack
france,comfort double room,couple,3,2024,1,8.0,very good,the situation and comfort of the rooms,our room was poorly soundproofed
brazil,comfort king room,couple,3,2023,12,10.0,exceptional,"the room is great! our stay was perfect! the best hotel in the trip! the location is great, the employees are very attentive. it was amazing!",no review
portugal,comfort double room,couple,1,2024,1,9.0,excellent,very good peq lunch very kind staff and excellent location,nothing in particular
mexico,comfort family room plus,family,2,2023,12,10.0,excellent lodging option,"the hotel is very nice and comfortable, much better than the photos.   the restaurant for dinner is spectacular, the quality and quantity of the portions, delicious.   super friendly staff very well located, walking you arrive anywhere, you have a parking lot in front.  excellent option in porto",we all loved !! thank you
italy,plus comfort suite,family,3,2024,1,10.0,excellent solution for a long weekend,the location. the view of the city .. the balcony,the carpet and the sofa bed mattress
spain,comfort family room,family,2,2023,12,9.0,good stay,facilities and location,high price
brazil,comfort king room,group,2,2024,1,9.0,superb,comfortable and clean,no review
italy,comfort king room,group,3,2024,1,8.0,great quality price ratio,"rational hotel with good service excellent bar  at the 17th panoramic and well -furnished plan ideal for the end of the day, x aperitif and snack very welcoming",planning local not very spacious. breakfast not extraordinary albeit good and adequate
spain,comfort double room,couple,1,2024,1,8.0,good stay,in all in general very good,"that the hotel does not have its own parking, to say something"
brazil,comfort twin room,group,2,2023,12,10.0,stunning,"all. my stay was more than wonderful. the team, room, restaurant, location, all impeccable! super recommend. i will return to porto and already know where to stay. very satisfied with the service provided by all employees. delighted by the hotel;)",nothing to declare.
france,comfort suite,family,3,2023,11,10.0,friendly,location not very far from the center on foot and the metro stop. a lot of small restaurants around that are not very expensive and a magnificent room! go for it,no review
netherlands,comfort double room,group,2,2023,12,8.0,very good,no review,the breakfast was ok. could be better.
brazil,comfort double room,family,15,2024,1,9.0,excellent. we recommend,"location, great prompt employees and level. cleaning",no review
spain,comfort double room,family,2,2024,1,9.0,superb,location and breakfast,no review
france,comfort king room,couple,2,2023,12,9.0,comfortable! ! !,"not far from the metro station, the rooms are spacious, and most importantly, the view from the veranda overlooking the city of porto is lovely. it's not like the shower pressure is lacking, which is common overseas, so staying is comfortable!","one bottle of mineral water is served per stay. other places offer one per night. it's just this, but it makes me feel sad. it's a little pricey, but it's a bit disappointing that it would be nice to go back to the room and have some new mineral water."
spain,comfort king room,group,4,2024,1,10.0,a good hotel to spend the end of the year,very friendly staff,nothing
italy,comfort suite,group,4,2024,1,9.0,"excellent, from returno","excellent hotel, a secluded location but with very comfortable means within 5 minutes on foot, excellent choice and quality international breakfast, salty dessert prepared at the moment, excellent gluten free corner and wide choice, wide choice of fruit juices and beyond the usual standard flavors all fresh and non -unbalanced, so also for jams. the ns camera, ""junior suite"" really large, spacious, very satisfactory herbal tea corner",the low floors are a little of road traffic in the hours of the early morning
portugal,comfort double room,couple,2,2024,1,9.0,"it was an exceptional stay, we had a pleasant treatment from the staff and the hotel structure is excellent. tip:",staff treatment as well as the hotel structure,absence of pool
portugal,comfort king room,couple,2,2024,1,8.0,"i recommend this unit, because the only points to improve have easy solution",i liked the breakfast because it had everything a little to satisfy all kinds of customers. i liked (almost) all the employees.,absence of hotel parking lot. breakfast room slightly short to the number of guests.
france,comfort king room,family,1,2023,12,9.0,magic,the location of the hotel with large car park (paying) right next door the size of the rooms and the beds the kindness and help of staff continental breakfast with fresh quality products panoramic terrace,no review
france,comfort king double room with romantic package,couple,2,2024,1,10.0,the best hotel i could make.,"the reception, the care that the team takes to its customers. the establishment and cleanliness of the premises.","nothing, it was perfect"
portugal,comfort double room,family,1,2023,12,10.0,to repeat!,"location, breakfast and a fantastic view of the city.",no review
colombia,comfort double room,solo traveller,3,2023,12,8.0,it is a good and recognized hotel i like facilities,location  facilities,"i had to go before for work things and changes in my ticket and i did not modify the reserve, they told me i did not have the tirsomo ifial fiesta taxa, i planned to return in january but after this i did not"
spain,comfort suite,family,4,2023,12,9.0,great stay.,"huge, spacious and well equipped room. charming staff. very complete breakfast.",nothing.
hungary,comfort double room,family,4,2023,12,9.0,superb,"the perfect starting point for sightseeing. breakfast is abundant, everything can be found. comfortable bed, quiet area. there is a wonderful panorama from the bar.","the towels should not have been replaced (we didn't drop it), but they were replaced."
italy,comfort single room,group,3,2023,12,9.0,superb,"beautiful and comfortable hotel for the location, welcoming and helpful staff",no review
portugal,comfort double room,couple,1,2023,12,8.0,very good,"location, comfort",no review
france,comfort king room,couple,5,2023,12,10.0,very good christmas stay,all really exceptional,no review
france,comfort king double room with romantic package,group,1,2023,12,8.0,"a hotel in the line of the spirit ""reception of the customer"", worthy of a film from another era.","the kindness of the staff, a nearby parking, and more. we had reserved a ""romantic"" welcome. he was up to it. we should have reserved a table, despite the wait, to take full advantage of the place. mea culpa.",no review
portugal,comfort single room,solo traveller,1,2023,12,8.0,"overall, all very good.",cleaning,"the entrance door button at dawn was damaged, and since no one was at the moment, i had to wait 10 min and only after calling the door opened."
turkey,comfort suite,family,2,2023,12,8.0,very good,the rooms are very wide and the location is very good.,breakfast is very basic. it lacks vegetables and more options to eat.
portugal,comfort single room,solo traveller,3,2023,12,9.0,very good,very good breakfast. excellent service. i will be sure,"nothing, even nothing to register"
norway,comfort double room,group,2,2023,12,10.0,exceptional,"nice and clean rooms, good breakfast","a little far from the center, and carpet floors"
spain,comfort double room,family,1,2023,11,10.0,exceptional,location and cleanliness,res
france,comfort twin room,family,3,2023,12,9.0,"very pleasant stay on an extended weekend, to do again.",impeccable location. close to restaurant and shopping cafes,ras
luxembourg,comfort king double room with romantic package,couple,5,2023,11,10.0,exceptional,the view at the last very beautiful floor.,everything was fantastic i will go again.
reunion,comfort family room plus,group,5,2023,11,8.0,very good,"we liked the separation of the two bedrooms, the bathroom was rather large, the welcome as the breakfast was just perfect.",no review
spain,comfort double room,couple,4,2023,12,10.0,great hotel at a good price,"good location. the 3 -minute subway that goes to the airport. elegant, spacious facilities. they gave us a room with king size bed as detail. very complete breakfast, with bread and gluten -free buns. the cafeteria in plta 17, great attention and very good views. you can leave suitcases in a slogan when you arrive and when leaving !! very attentive staff",i didn't find anything wrong. maybe in the bathroom that would be a better shower dish instead of the bathtub
spain,comfort single room,solo traveller,1,2023,12,10.0,exceptional,all. the magnificent restaurant.,no review
portugal,comfort double room,family,1,2023,12,10.0,exceptional,hotel location near the center and a parking lot.  sympathy of the staff. they made an upgrade of the room.  comfortable room.,nothing to point out.
spain,comfort double room,couple,3,2023,12,9.0,experience to repeat,"location near the subway station, central. room superior to the requested",no review
portugal,comfort double room,family,1,2023,12,8.0,very good,"the service, the location",little warm room and breakfast room
brazil,comfort king room,family,5,2023,12,10.0,excellent,the location of the hotel is great. it is a hotel that has a very pleasant refinement.,"the bathroom stall does not close completely, which makes the shower bath difficult without wetting the other dependencies of the toilet."
spain,comfort double room,couple,1,2023,12,9.0,great and central,"the staff was very attentive with us, the super big bed that had a bath and cafeteria.",no review
lithuania,comfort single room,solo traveller,2,2023,12,10.0,exceptional,coffee machine in a room and terrace cafe on the 17th floor,dirts weren't very tasty but the choice is very good
portugal,comfort double room,couple,1,2023,12,9.0,excellent option to visit porto ...,"the location is excellent and the view of the 17th floor, fabulous, from the bar. very central, it is close to the city council, the bolhao market, the allies, ... providing a pleasant walk through the city center. breakfast is truly exceptional, in variety, quantity and quality.",no review
spain,comfort double room,couple,2,2023,12,9.0,superb,"good location, excellent staff.",no review
italy,comfort king room,family,1,2023,12,9.0,superb,almost everything,bathroom a little to renovate
spain,comfort double room,couple,2,2023,12,9.0,superb,"the cleaning and facilities of the room. close to the historic center of the city, which facilitates being able to walk to all sites of interest. the staff, very friendly and educated",no review
netherlands,comfort king room,group,2,2023,12,9.0,the first location.,"location fine, you walk down the center, possibly with a taxi. costs max eur 5 very cheap.",nothing
spain,plus comfort suite,family,3,2023,12,10.0,highly recommended.,"we were my family and i very well. very friendly staff. perfect room. very good hotel situation. we did not hire meals but we had the restaurant and bar option at the same hotel. we opt for the second and great. we get a good memory of the hotel, from the city of porto and its people.",all perfect.
switzerland,comfort double room,couple,1,2023,12,10.0,i loved,"i've been there for a few years and we like it a lot, clean, comfortable, the very friendly employees, and a restaurant with a breathtaking view.",no review
germany,deluxe panoramic suite,couple,3,2023,10,8.0,very good,good location as a starting point for sight seeing. excellent restaurant with a view of the city.,no review
spain,comfort double room,group,1,2023,12,8.0,pleasant hotel,"relatively central, clean and comfortable hotel. his employees were attentive and friendly.","for proposing an improvement, i would renew the rooms. the furniture looks a bit outdated."
norway,double room - disability access,solo traveller,4,2023,12,9.0,great 4 hotel,"quiet and quiet large hotel room with a good hard mattress. very helpful and professional hotel service. great views from the restaurant'17 'in the 17th floor. the restaurant has a fantastic good food, but has to pre -order tables and has a dress code there.",wifi coverage in the hotel room was miserable ...
spain,comfort double room,couple,3,2023,12,9.0,good value for money to be 4 stars and taking into account its location,facilities and location,no review
portugal,plus comfort suite,couple,1,2023,11,9.0,superb,"location, breakfast",no review
spain,plus comfort suite,family,2,2023,12,9.0,i would repeat without hesitation,"the service was, at all times, impeccable. to highlight breakfast staff","maybe the pillows, excessively soft and not very comfortable."
italy,comfort king room,solo traveller,1,2023,11,8.0,"excellent location, cleaning, a little expensive","position, cleaning",no review
germany,comfort single room,solo traveller,3,2023,12,8.0,"relaxed, tasty and clean :-)","room was very well equipped and had everything in it. bar, coffee machine and hairdryer. breakfast was plentiful. location a little away from downtown, but directly at a parking garage for car","that was asked for the credit card, even though they had all the information and the room was paid."
italy,comfort double room,couple,2,2023,12,9.0,superb,"a little small room, but quite large bathroom and large shower .. excellent cleaning gentile staff, breakfast in the norm of a 4 star very good location",no review
spain,comfort king room,family,2,2023,12,8.0,very good,"good breakfast, comfortable bed",mockery in the rooms and there was no hair shampoo was conditioner
netherlands,comfort single room,solo traveller,2,2023,12,9.0,superb,"very friendly staff, extensive breakfast and nice neat rooms!",no review
spain,comfort family room plus,family,1,2023,12,10.0,highly recommended,i really liked the room and facilities,"they didn't let us take a look at the restaurant, especially being hotel customers"
spain,comfort single room,solo traveller,2,2023,12,9.0,excellent location to know oporto,super friendly staff and location,"the breakfast area is very small, when there are many tenants there are tails"
spain,comfort double room,couple,3,2023,12,9.0,highly recommended,the restaurant very good.,no review
spain,comfort twin room,family,3,2023,12,8.0,it would be perfect if you could secure parking space,"the location, cleaning, very comfortable rooms in general, breakfast and very friendly staff",not being able to reserve garage in the public parking in front. upon arrival i was complete and i had to improvise the search for another. he was overwhelming. little light in the bathrooms and very low sink
brazil,comfort twin room,solo traveller,6,2023,11,10.0,i'll be back any day for sure,huge and comfortable room excellent location did everything on foot breakfast excellent wonderful rooftop and the great food in the restaurant or at the pride and attentive employees at the bar,no review
italy,comfort double room,group,2,2023,12,10.0,magnificent experience,"fantastic hotel in the city center, staff at the very kind reception, attention to detail, renewed environment, all very well",nothing
portugal,plus comfort suite,family,2,2023,12,10.0,stay of excellence,sympathy and readiness of the staff of excellence.  cleaning and excellent amenities.  diverse and good breakfast.,no review
portugal,comfort twin room,group,3,2023,12,8.0,very good,of all in general.,nothing
poland,comfort double room,couple,3,2023,12,8.0,"huge quilt, comfortable beds and delicious breakfasts","a great breakfast, a huge selection of sweets and popular portuguese pastais de nata. vegetable milk is also available. we were pleasantly surprised by a huge covers and a comfortable bed. tea and coffee available. daily cleaning of rooms. close to the center. ok 10 min mercado infantry :)",quite a dark room. no free water water. everything paid.
germany,double room - disability access,solo traveller,3,2023,12,9.0,good hotel to explore postage for a few days.,"you shouldn't scare in front of the gray facade of the 1970s, the set -up of the hotel as a whole and the room is pleasant, maybe a little plush. very attentive staff, good breakfast, everything very clean. porto's old town and the douro can quickly be reached in a 20 -minute walk through large -scale hustle and bustle.",no review
colombia,comfort suite,family,1,2023,11,9.0,superb,all,no review
austria,comfort double room,solo traveller,1,2023,11,8.0,very good,well -preserved (if not particularly beautiful) buildings. pastel de nata and waffles at breakfast taste very good.,no review
portugal,plus comfort suite,family,2,2023,12,9.0,superb,location.,nothing to register.
angola,comfort double room,family,1,2023,12,8.0,very good,the attention of employees.,i suggest investing in the comfort of guests. eliminate the cooling/heating center of the rooms and place ac apparatus in each of them.
france,comfort double room,couple,1,2023,12,9.0,superb,very good value for money  top staff  good location,no review
portugal,comfort king room,couple,3,2023,12,10.0,perfect,"everything was perfect, from the attentive and friendly staff, the location of the hotel is amazing, the room is not even mentioned, to be speechless. just missing the restaurant, but i bet it's spectacular like everything else.",no review
portugal,comfort double room,group,1,2023,12,9.0,"amazing for the restaurant's food and hotel location, close to everything, really superbo.",restaurant food and magnificent view over the port.,fourth has not seen relieved.
france,comfort single room,solo traveller,1,2023,11,10.0,great experience,"well located, very welcoming hotel. room with a view of the city. restaurant and roof top, beautiful roof",bedding slightly hard
germany,comfort double room,couple,1,2023,11,8.0,very good,"cool rootop bar, nice persinal, very good breakfast.","hotel corridor very dark, room is rel little"
portugal,comfort king room,family,1,2023,11,9.0,superb,"location, convenience, spacious and comfortable room.","i didn't like the ""restaurant"". it is in the uncomfortable entrance lobby, and only an extension of the bar that, too, is very unimor."
france,comfort twin room,family,2,2023,11,10.0,porto seen in height.... gorgeous,perfect location at the foot of the metro station direct line from the airport. nice staff. bedroom 25 m2 on the 8th floor with bathtub. breakfast is complete at will. the 17th floor restaurant is to die for a 1st star chef for a more than affordable price.,it lacks bathrobes ... and the hotel is not very soundproofed. wind noise etc. the glass of glass water arranged on the table and the cereal bar are chargeable and yet available....
france,comfort double room,couple,3,2023,11,9.0,superb stay in a chic hotel!,"chic, quiet hotel, well located, spacious, clean, well -equipped and well -equipped room, i had reserved a standard room and for the same price i had a larger room with terrace! the view of the rooftop and the restaurant is magnificent!  the staff are charming and the neighborhood very nice, if we come back to porto we will come back to this hotel, for sure.","i just found the mattress too hard, but not my darling."
brazil,comfort double room,family,1,2023,11,9.0,comfortable hotel and good location,"very good hotel is great location, perfect breakfast. the restaurant and bar has a wonderful view. restaurant prices are not cheap, but the menu is good.",the hotel was missing to have an agreement with parking. few restaurant options near the hotel.
france,comfort double room,solo traveller,3,2023,10,9.0,superb,"very good location: the metro is 7 minutes walk. supermarket 5 minutes away. you can go to tourist /restaurants /bars on foot (10-15 minutes of walking depending on the destination) the hotel is modern, the breakfast is varied. beautiful view of the room. very good bedding on the 17th floor a nice cocktail bar.",no review
spain,comfort double room,couple,4,2023,11,10.0,recommended getaway,"good breakfast and varied. good location, it has a parking lot in front but tb is close to the parking lot of the shopping center via catarina that is cheaper, although it is closed from 1 to 8.",no review
brazil,comfort king room,couple,4,2023,11,10.0,excellent,"good accommodations, and team hospitality.","more options for breakfast, especially bread."
france,comfort double room,family,4,2023,10,9.0,superb,all,no review
morocco,comfort double room,couple,7,2023,11,10.0,exceptional,"the cleanliness, the kindness of the staff and the proximity",nothing
brazil,comfort king double room with romantic package,couple,1,2023,11,10.0,i went to pass my birthday and my boyfriend and i love it! the restaurant is also wonderful.,i loved from arrival to the end of the hosting. the romantic room is perfect !!!,no review
france,comfort double room,family,2,2023,11,10.0,exceptional,well placed hotel near transport. direct link with the airport by metro. proche of the historic center. very friendly person. bon breakfast. bar in roof top. bedding bedding. very clean. we will come back with great pleasure.,no review
portugal,comfort double room,group,1,2023,11,8.0,very good,location,little friendliness of the receptionist
spain,comfort double room,couple,2,2023,11,9.0,fantastic,excellent breakfast and good location,no review
spain,comfort king room,couple,3,2023,11,9.0,"hotel with good location, highly recommended!","location, room and views. wide room, big bed.",the mockery: we had the window open all the time
poland,comfort suite,family,2,2023,11,10.0,successful weekend,"service, nice approach to the customer, helpful, smiling staff.",no review
germany,comfort suite,group,4,2023,11,8.0,very good,"central location, beautiful view from the room (11th floor)","care products and coffee were not even filled in 5 days, we only had 2 bath towels with 3 people. unfortunately there was a significant smell problem, it smelled so that we were considering."
brazil,comfort double room,couple,4,2023,11,10.0,sensational,service and location,improve spoils
spain,comfort twin room,family,6,2023,11,9.0,all good but an inept the annoyance,"cleaning, room, staff, breakfast.","problems allocating room. they gave us a minimum and poorly ventilated room because a young lady at reception who stood up in changing the assigned room by disregarding the details of written observations. very bad for that young lady with little category. it did not matter what written warning of a person with pulmonary disabilities. i don't know his last name, if he wouldn't write it. zero to your style and management."
germany,comfort king room,couple,1,2023,11,10.0,view from the room on the city of breathing the breath. fantastic experience,location in the city center. hotel restaurant simply superb. view from the room on the city of breathing the breath. fantastic experience,no review
germany,comfort king room,couple,2,2023,11,8.0,good city hotel in a central location,"rooms are comfortably equipped, the bathroom with shower is generous. on the higher floors you have a great view of the city. everyone will find something at the breakfast buffet. good location, accessible to the sao bento train station and to the ribeira in a few minutes.",nothing
brazil,comfort king room,couple,2,2023,11,10.0,sensational!,"very organized and receptive hotel, beautiful and very clean room, excellent location. 17th floor restaurant beyond the beautiful view the food is wonderful and the breakfast is also very good.",everything perfect!
belgium,comfort double room,couple,4,2023,11,9.0,"fantastic and recommended, very friendly, well mobile because the beautiful places on the douro are still an egg","price in the bar, friendliness, cleanliness","unfortunately the coffee at breakfast is made of syrup, for a 4 star hotel it should be better"
france,comfort king double room with romantic package,couple,3,2023,11,8.0,a good address for a stay in porto,"very complete breakfast with a lot of choices, very generous, hotel very well placed not far from metros, and shopping roads. access to tourist monuments is easily done on foot. nice surprise, the panoramic restaurant is a sure value, with a beautiful wine card.",nothing
france,comfort king room,group,2,2023,11,9.0,stay in porto with friends,the comfort of the room  breakfast,no review
portugal,comfort king room,couple,2,2023,11,8.0,very good,"very nice breakfast with several options including gluten free food that was crucial for me! very large room, with porch, clean and organized.","due to the location of the hotel and despite being in a 14th floor there was a lot of street noise (cars beeping, transportation etc)"
portugal,deluxe panoramic suite,couple,1,2023,10,10.0,exceptional,suite with fantastic view and excellent breakfast,no review
greece,comfort king room,family,2,2023,11,10.0,worth the 4aptry,cleanliness. friendly and helpful staff beautiful spaces. perfect and rich breakfast. location,no review
france,comfort suite,family,3,2023,11,8.0,very good,close to very perfect breakfast and welcoming staff,4th coca in the mini bar
belgium,comfort suite,group,2,2023,11,10.0,perfectly fine!,friendliness of the staff,no review
spain,comfort family room,family,3,2023,10,10.0,exceptional,the tranquility,the reception a bit small
portugal,comfort single room,solo traveller,1,2023,10,8.0,very good,breakfast with several options,small room for 4 stars
portugal,comfort king room,couple,2,2023,11,10.0,exceptional,both me and my husband we love the stay at the hotel.,no review
germany,comfort king room,group,4,2023,11,9.0,"nice hotel in good, relatively central location","location is very central, breakfast is very rich, the hotel is recommended",no review
italy,comfort twin room,family,2,2023,11,10.0,excellent quality price and location,"excellent hotel near the metro (5 minutes) and the major attractions, reachable on foot. top breakfast, varied between sweet and salty and always well -stocked, there is also fresh fruit  excellent wifi, never had such a powerful and fast wifi  spacious room with beautiful view of porto, we were on the 14th floor  great luggage storage, once i check in your suitcase in the room  comfortable bed in the bathroom there is also the bidet i strongly recommend this hotel and i would gladly return","being a 4 star i recommend removing the carpet from the rooms. unfortunately we had the tank with the glass used as a shower, i would have preferred the shower.  in the bathroom the towel holder was broken but nothing serious"
austria,comfort king double room with romantic package,couple,2,2023,11,8.0,"i would take the house again, including the romantic package!","we had received a room with a very great view. thanks for that !!!! but since it was very stormy and windy, the storm also shook the windows. so strong that you woke up at night should be, please don't be surprised, but i would welcome a room again on the top floors.","if many people from travel groups go into breakfast on the breakfast room on the ground floor at the same time, it can be a little lively. the breakfast was ok, sweet, sour, hot drinks, fresh orange juice and important for portugal: pastel de natas !!! i didn't find the number of guests in relation to the seats and the space area, better the restaurant and the bar in the 17th and 18th floor, these are an unconditional recommendation !!!"
france,comfort family room,family,3,2023,11,8.0,very good,"calm, receptionists speak french!",breakfast (industrial products) dry pastries and no wand
poland,comfort double room,couple,1,2023,11,9.0,nice hotel with a great view.,"hotel located in a good location, very good breakfasts, a large selection. possibility to leave suitcases before the registration time. a view on the last floor is wonderful at any time of the day or night. it is worth mentioning comfortable beds.","rooms equipped with coffee, tea, etc., although you have to pay for them when checking out.  the facade of the object does not encourage you to visit."
italy,comfort double room,family,5,2023,11,8.0,very good,good rooms and excellent breakfast.,bar with service and quality of drinks decidedly poor.
chile,comfort single room,solo traveller,2,2023,11,9.0,good hotel,"the location, room, beds and pillows. very friendly staff. rich breakfast and great parking next to the hotel.",that did not have any spanish channel on the tv and weak the wifi signal
france,comfort double room,couple,4,2023,10,8.0,top and very beautiful town hotel,"very warm welcome, pleasant staff, smiling and always available. we were on classified as a technical concern when we arrived. room with a spacious and clean view of porto and balcony (12th floor). buffet breakfast, lots of choices, fresh fruit, yogurts, cold meats, pastries, etc. the hotel is very well located, easy to access. a bus stop is next to it. on foot it takes 15 min to be in the historic center (station). we stayed 3 days by being easily returned to the hotel during the day with common transport.",no review
portugal,comfort double room,couple,1,2023,10,9.0,superb,very welcoming upper floor bar breakfast with variety of options and natural orange juice,no parking
france,comfort double room,group,1,2023,10,9.0,we will stay again in this hotel with pleasure,very pleasant and considerate welcome  beautiful room well -placed hotel  varied breakfast,no review
italy,comfort double room,solo traveller,4,2023,10,8.0,very good,incredible care in reception,no review
portugal,comfort king room,couple,2,2023,9,10.0,the hotel do porto.,"the room is excellent, very well decorated. the building is magnificent and has beautiful views of the city of porto. the breakfast room has a beautiful mural of julius resende. very good breakfast. very attentive concierges.",nothing to point out.
brazil,comfort family room,family,1,2023,10,9.0,excellent stay.,"proper room, excellent bed.",no review
germany,comfort double room,couple,1,2023,10,9.0,the hotel category corresponding to the hotel category as a starting point for the city tour of the city,"location of the hotel is ideally suited to explore the city center to the douro with the many sights and the wonderful promenade along the river. equipment and very good, rich breakfast of the hotel category accordingly. our room on the 16th floor offered a fabulous view of the city was very generously furnished. the hotel staff that (except for the national language) were extremely polite and courteous. all in all a hotel recommended in all matters.",no review
argentina,comfort double room,couple,2,2023,10,9.0,superb,personnel care and correction,no review
colombia,comfort family room,family,2,2023,9,10.0,exceptional,breakfast and room,no review
brazil,comfort double room,family,2,2023,10,10.0,great hotel in every respect.,excellent hotel like a 4 star should be. the staff is very good.,nothing. it was a beautiful experience to stay here at dom henrique.
morocco,comfort twin room,family,1,2023,10,8.0,a good location,the location,the price
france,comfort double room,family,4,2023,10,9.0,superb,"sappy room, generous breakfast and varies, perfect bars and restaurants",nothing
turkey,comfort double room,solo traveller,1,2023,10,8.0,"there is no close parking space for restaurants in down town, but there is a lot of murder parking space",location clean enough sweaty towel,coffee could have been free
austria,suite premium deluxe,couple,3,2023,10,8.0,very good,"very large room, modernly equipped, reservedly decorated",room for breakfast very small for the size of the hotel
germany,comfort double room,couple,5,2023,10,8.0,we (two older couples) were very satisfied with our hotel choice.,"good location, mostly friendly staff, great terrace with bar on the 17th floor, very good restaurant in the 18th, fast elevators, breakfast possible outside, very well the freshly squeezed orange juice at the breakfast buffet.","overall, the breakfast buffet was boring except for the very good orange juice, the same every day, none who prepared a fried egg or omett, the rolls hardly edible, but the natas very well. good coffee."
spain,comfort family room plus,family,2,2023,10,9.0,superb,very wide room with all the comforts and very silent. the great plant restaurant,breakfast could be a bit more varied. very small the dining room
saint barthelemy,comfort double room,couple,3,2023,10,9.0,excellent - to redo,staff attention,
spain,deluxe panoramic suite,couple,2,2023,10,10.0,great,"great location, in front of a parking lot and with the entire most nearby porto area. in addition, in the restaurant you eat very well and on the terrace the views are great",no review
brazil,comfort twin room,family,2,2023,10,10.0,exceptional,room and breakfast,the room is a little dark
france,comfort double room,family,1,2023,10,9.0,very good stay,all,breakfast and kindness of the staff
israel,comfort king room,family,1,2023,10,8.0,"very cute, clean hotel","a renovated, very pleasant, clean hotel, an excellent 17 -floor restaurant. stunning views. we had a room with a large balcony. a delicious european breakfast",the hotel is located in the car park and there is a bus terminal. very unpleasant. unpleasant team at all (mostly) without service consciousness
spain,comfort king room,family,3,2023,10,8.0,we have enjoyed the whole family and porto family,"the room, breakfast, cleaning, which had terrace. next to the commercial area and with a parking lot",it seemed expensive and that i did not include the parking lot at that price i didn't like anything
colombia,comfort double room,family,1,2023,10,8.0,very good,"comfortable, wide room, good bathroom",no review
slovakia,double room - disability access,family,2,2023,10,8.0,very good,"breakfast super, view from 18 floor is top",that i used to be on the second floor
brazil,comfort twin room,family,1,2023,10,10.0,exceptional,all,no review
france,comfort king room,solo traveller,2,2023,10,9.0,superb,the staff,no review
argentina,comfort family room,family,3,2023,10,10.0,exceptional,very well located the friendly treatment of your staff  very complete breakfast,no review
spain,comfort king room,family,1,2023,10,10.0,i will undoubtedly come back,the terrace is spectacular,location a little far
switzerland,comfort double room,family,2,2023,9,9.0,clean and modern,"superb room, very comfortable. possibility of ordering the taxi on a terminal at the entrance",a little far from the center.
france,comfort double room,family,1,2023,10,9.0,superb,the room is spacious and very quiet. breakfast is very well stocked. the cleanliness of the hotel,"i don't like carpet in the rooms, not very hygienic"
switzerland,comfort king room,family,2,2023,10,9.0,stay engraved in memories,"staff: the reception and the help of staff was excellent. room: the room was spatial, clean and the beds comfortable. the balcony with a breathtaking view of the city of porto was a plus. breakfast: wide choice and quality product hotel: clean, design, close to amenities (bus, metro, taxi), 10 min walk from the douro and exceptional view on the 17th floor",no review
brazil,comfort king room,family,1,2023,10,10.0,exceptional,cleaning,no review
costa rica,comfort family room,family,5,2023,10,8.0,the stay was nice,room and breakfast,external view of the room
netherlands,plus comfort suite,couple,4,2023,10,9.0,great,prospect,nothing
brazil,comfort double room,family,3,2023,10,10.0,exceptional,"facilities, location and good service. wonderful breakfast",no review
germany,comfort single room,group,3,2023,9,8.0,great hotel for a city tour to porto,location and accessibility are great. almost everything can be reached on foot from the hotel. very nice and helpful staff. the breakfast was excellent. there was something for every taste.,no review
israel,comfort suite,family,2,2023,9,10.0,location of the hotel is excellent parking even though it should be paid,comfortable anyone who comes with the parking vehicle adjacent to the hotel for 35 euros to 48 hours,someone who received us in reception was not really nice and patient towards us
brazil,comfort king room,couple,5,2023,9,10.0,excellent,yes excellent coffee the very attentive staff my congratulations for forming an excellent team,i have nothing to say all excellent congratulations to d.henrique
mexico,comfort king room,couple,1,2023,9,8.0,very good,the location without a doubt and that is very private and clean,no review
france,comfort double room,couple,4,2023,10,9.0,very pleasant stay,"very nice well located establishment, varied and very neat breakfast.",the rooftop is very small and therefore not easy to have a place to have a drink
iceland,comfort single room,solo traveller,3,2023,9,9.0,superb,breakfast varied and good. location very good,no review
brazil,comfort king room,family,2,2023,9,9.0,superb,location,no reason
germany,comfort king room,family,4,2023,9,8.0,very good,"central quiet location, friendly helpful staff,","menu was only in english, brazilian,  , later found a fish restaurant on the beach with a german map."
mexico,comfort family room plus,couple,2,2023,9,10.0,spectacular,very beautiful hotel. the suite is incredible.,no review
switzerland,comfort twin room,family,2,2023,9,9.0,porto trip with my brother,"perfect location, friendly staff and good breakfast!",breakfast room could be larger for the many guests!
france,comfort king room,couple,2,2023,9,9.0,practical,comfort,lack of charm
spain,comfort double room,couple,2,2023,8,9.0,superb,all,tent
israel,comfort king room,couple,2,2023,9,8.0,very good,"location, 17th floor have a lovely monstrome","when we arrived there was a very dirty towel in the shower, my husband not noticed and wiped out, i went down to the reception, did not apologize only to send the cleaner to replace"
italy,comfort double room,group,2,2023,9,10.0,exceptional,"prepared and very kind staff, clean and comfortable room, location 5-10 minutes from the center, in front there is a paid parking, however dearly, and in any case with a little patience, it is not impossible to park near the hotel",no review
italy,comfort single room,solo traveller,1,2023,9,10.0,exceptional,"excellent location for visiting the city, competent and available staff for any need, bar/panoramic terrace overlooking the port",nothing
israel,comfort double room,family,4,2023,9,10.0,exceptional,hotel in excellent location. excellent room ... the 17th floor bar is really fun,no review
brazil,comfort single room,solo traveller,1,2023,9,10.0,perfect,"all perfect, comfortable, very clean, bed and amazing shower, top breakfast and very well located !!!",nothing to claim
israel,comfort twin room,couple,1,2023,9,8.0,beautiful and spacious rooms and a balcony adds to comfort,"very nice, beautiful balcony, spacious room.",a bit far from the river
france,comfort king room,family,3,2023,9,9.0,superb,comfortable room with a small terrace  breakfast is varied,no review
germany,comfort double room,couple,1,2023,9,8.0,very good,"schoenes hotel 8 minutes to the duro, room was good and clean, bed very good and it looks great",no review
netherlands,plus comfort suite,couple,2,2023,9,8.0,very good,location,no complaints
reunion,comfort king room,couple,3,2023,9,10.0,perfect for visitors to porto.,"the hotel is very spacious, good value for money but also in terms of location, the restaurant is excellent and the staff available.",no review
angola,comfort single room,solo traveller,4,2023,8,9.0,superb,"excellent team service. i really liked it, i recommend it easy access.",no review
spain,comfort king room,couple,4,2023,8,10.0,perfect stay: 100% recommended,spectacular hotel in the center of porto. the perfect rooms and a super terrace above where to enjoy wonderful views,no review
israel,comfort double room,solo traveller,2,2023,9,9.0,superb,excellent location. a good breakfast,no review
spain,comfort double room,solo traveller,1,2023,9,10.0,excellent quality price and location,all in general,no problem
honduras,comfort single room,solo traveller,2,2023,9,9.0,"well located, good restaurant and good breakfast",location and restaurant,little room in the room
austria,plus comfort suite,family,2,2023,9,9.0,"in summary, a great stay","very nice and helpful staff, great view from the room",the hotel has been getting a bit old.
france,comfort family room,family,3,2023,8,8.0,good stay in the center of porto,the spacious room and breakfast,air conditioning did not work well
france,comfort single room,solo traveller,2,2023,9,8.0,very good,"well located, comfortable bedding, effective room cleaning service. beautiful very varied breakfast!",a little expensive price
france,comfort double room,couple,2,2023,9,9.0,alright,"the breakfast was very good, small smoothie, orange juice in a hurry minute, several pastries, ect .... the geographic location of the place is good, easy to go there. a large public parking lot is present next to it, remember to take a 42 -hour package in advance at the counter because otherwise it becomes quite expensive ... we paid eur 46 instead of eur 35 if we had taken a preparation package ... on the 17th floor there was a rooftop and we ate one evening since it was raining, the bourata tomato is very good !!","the fact of not being guided for the parking lot. in addition, the menu of the 17th restaurant is not present on google or on the site, this is a shame ..."
portugal,comfort family room,family,1,2023,8,9.0,superb,"the hotel is well maintained, very comfortable room with very good facilities and amenities. excellent bathroom, super attentive and helpful staff.","the restaurant on the roof had everything to be very good but the food was not the height. entrance soups even good but the main dishes were poorly elaborated, bad spices and out of the point."
germany,comfort king room,family,2,2023,9,9.0,superb,"we had an amazing room on the 15th floor with a great view and balcony. the bed and the bathroom were huge. super comfortable and pleasant, we would have liked to stay longer.","the breakfast room is too small. if you are smart, sit on the terrace."
france,comfort double room,family,1,2023,8,8.0,very good,the city,no review
brazil,comfort single room,family,2,2023,9,9.0,superb,"excellent hotel! comfortable rooms, helpful employees. detail, very good bathroom with very good shower",no review
italy,comfort family room,family,3,2023,8,9.0,superb,"excellent breakfast for variety and quality of products: fruit, juices, pastry. super spacious and well equipped room (bar, cafeteria, equipment and furnishings). restaurant and lounge bar on terrace with breathtaking views. professional and courteous staff (i lost the key, they made me a copy without expecting any payment). very comfortable position to reach the center on foot, the vehicles and the car rental.",no review
france,plus comfort suite,family,2,2023,9,9.0,superb,it was perfect i recommend this hotel,no review
spain,comfort suite,group,2,2023,9,10.0,perfect and quiet.,the cleaning and how big the rooms are.,no review
germany,comfort king room,couple,3,2023,8,8.0,very good,"very clean, breakfast flawless, check-in smooth, location ok",no review
brazil,comfort suite,family,4,2023,9,8.0,well -located,"excellent location, wonderful breakfast !! it is even worth mentioning the service of carla, which differentiates from people who work there. it works with agility, very helpful and kind. spacious room.","from the reception of the reception, i had problems with the change of my double to triple apartment, where they removed the breakfast that was included. they were totally infiliated in conducting the problem, being even rude, being resolved by booking.com."
portugal,comfort single room,solo traveller,1,2023,8,9.0,stunning spaces and views,"excellent location, very close to the bolhao market and santa catarina street. very comfortable and large rooms. excellent social spaces, such as the lobby and the stunning bar on the 17th floor, overlooking the city. breakfast varied with emphasis on the indispensable natural orange juice made on the spot.","the bar on the 17th floor deserved a service that corresponded to the hotel category and this space, in particular: a waiting of more than 30 minutes for a ice cream harms the hotel image."
france,comfort twin room,group,3,2023,8,10.0,very nice surprise!,size and comfort room  rooftop bar and restaurant  location 5/10 min walk from the historic center,bus noise if you sleep the open window
spain,comfort king double room with romantic package,couple,3,2023,8,8.0,very good,location and amplitude of the room. natural orange juice.,"although breakfast is fine, i can't understand how they have a toaster that you have to pass the bread about 7 times to be roasted. he asked him at breakfast service and knew he doesn't work properly, but they seem not to put a solution.  a little old rooms, just like the bathroom."
angola,comfort family room,family,2,2023,8,10.0,wonderful,the terrace and the top restaurant! the location is excellent.,there is no parking for guests. we had to pay 35 eur for 2 days in the park next to the hotel. the hotel could negotiate a discount for guests with the park.
spain,plus comfort suite,family,4,2023,8,9.0,superb,the views are spectacular. the suite is very clean with a super large bed and good location of the hotel.,"in the bathroom, maybe dentifric, razor foam, a pint ... and on the second day the toilet towels were forgotten. the rest of the days only put shower towels.  but it is generally a great hotel."
romania,comfort double room,group,3,2023,8,8.0,very good,"the hotel is located quite centrally. there is a fixed bus station in front of the hotel, which is a plus. he has a wonderful view. very large room. good breakfast, not very diversified in the sense that it was the same thing every day but quite satisfactory for all tastes. the hotel is slightly old but is renovated. the balconies are big and offer a view that makes all the money.","it is a smell in the room, probably old, it is not very important to bother you only that it is not insensitive."
spain,comfort family room plus,family,3,2023,8,10.0,good location. perfect room. very friendly treatment,"very well located, you can go on foot to all the places to visit and the subway station is close to go to aeroport.  perfect room, 4, on floor number 12 with spectacular views. very friendly. we were able to leave our bags until in the afternoon we marched to the airport.",all correct
spain,comfort double room,couple,2,2023,8,10.0,excellent hotel with grsndes views,"room with terrace to the entire city (floor 11) staff care, cafeteria and location restaurant",it has no parking lot or site to park
colombia,comfort double room,couple,2,2023,8,8.0,pleasant.,comfortable room and the hubication of the perfect hotel.,"a coffee zone or a coffee maker is missing for coffee or te, as a hotel attention, on the first floor or in the room."
italy,comfort double room,group,3,2023,8,8.0,very good,staff + restaurant + cordiality + location = excellent living room,few changes of towels in the room
portugal,comfort family room,group,1,2023,8,10.0,wonderful and well located hotel. i recommend.,"great location. the breakfast is great, with huge options of bread, pastry (the mini creams were the best we have ever tasted), laminated fruit, natural juices, scrambled eggs, bacon, and much more.  the room very well decorated and equipped. attentive and friendly staff.",nothing to point out. all impeccable.
brazil,comfort king double room with romantic package,couple,3,2023,8,10.0,very pleasant,"location, large and comfortable room.",amenities were missing in the bathroom
france,comfort king room,couple,1,2023,8,10.0,exceptional,the room was also sublime the room and the view of the magnificent balcony,the cleanliness of my room and the restaurant was incredible!
germany,comfort king room,couple,3,2023,6,8.0,good but not outstanding,"the breakfast was very tasty, freshly pressed orange juice. good location of the hotel, sufficient room size, beautiful bathroom.","the window in the room should be a little larger.  very hard matter. no make -up mirror in the bathroom, a shame. it would be better not to offer a fitness room than what was offered. small, stuffy, miserable, a disaster."
portugal,comfort double room,couple,1,2023,8,8.0,very good,good service. convenience,there is no garage.
spain,comfort suite,family,3,2023,8,10.0,exceptional,the amplitude of the room and the attention of the staff,no review
france,comfort king double room with romantic package,couple,1,2023,8,9.0,superb,"an incredible view of a terrace with glass balusters, just magic while tasting a glass of port. restaurant on the top floor with a breathtaking view. a beautiful modern living room also at the bar. these elements make all the charm of this hotel, we will undoubtedly come back. very comfortable bedding. spacious bathroom with bathtub. good report, value for money.","the district is very popular, you are not really delighted when arriving, noisy street, background music, street squate, a station just opposite ... anyway, however not far from the center, a covered market neighborhood which is the new attraction of porto. we were on the 16th floor, so no street noise as high. the breakfast room is small and without opening or views of the outside, i was waiting for better. the staff are at the top, always watching for the buffet."
france,comfort double room,couple,2,2023,8,10.0,"pleasant stay, very good welcome from the staff, the varied and complete breakfast was very good, the services are to","location, quality of reception and services",no review
spain,comfort suite,family,3,2023,8,10.0,exceptional,very friendly and attentive staff,no review
monaco,comfort double room,family,1,2023,8,9.0,hotel in the city center with good value for money,all perfect. a porto.,no review
spain,comfort double room,solo traveller,5,2023,8,10.0,exceptional,not having your own restaurant is too expensive the cost of restaurant food on the top floor,no review
spain,comfort double room,family,1,2023,8,9.0,superb,comfort and good facilities,no review
portugal,comfort double room,couple,1,2023,8,8.0,excellent stay and location,great view of the city at bar/restaurant 17.alocalization perfect,no review
spain,comfort single room,solo traveller,3,2023,8,10.0,excellent hotel,your cleaning and location is very good !!,"breakfast is good, but it could be somewhat more varied."
portugal,comfort twin room,family,4,2023,8,9.0,superb,excellent breakfast.  the hotel's bar 17 deg bar has a fantastic view.  near the center and easily accessible to all the emblematic places within the historic zone.,suggestions: place doorknob in the porch window from the outside; provide parking lot in a nearby park.
israel,comfort suite,family,2,2023,8,10.0,exceptional,everything,no review
spain,comfort family room plus,family,3,2023,8,10.0,exceptional,the unbeatable location and very attentive staff!,no review
italy,comfort king room,couple,3,2023,8,8.0,very good,- spacious rooms - position - staff,- breakfast room too cold for air conditioning to the maximum
netherlands,comfort family room,family,1,2023,8,10.0,fantastic,beautiful rooms and incredibly friendly staff,"breakfast room quite tight, but great to do"
brazil,comfort single room,solo traveller,1,2023,6,10.0,exceptional,location and coffee,no review
netherlands,comfort double room,family,1,2023,8,8.0,very good,"location, view and cleanliness/facilities of the hotel. i even stayed in this hotel on there and return to lisbon.","staff certainly not always friendly, did not suck in the bar on the 17th floor. beautiful view there. parking is a thing. large parking tower next to the hotel, but it is pricey. parking a maximum of 2 hours in the street."
germany,comfort double room,couple,2,2023,8,8.0,but could be better!,large comfortable room just a little loud in the morning because of the noise on the street. nice restaurant on the roof terrace with friendly staff.,"the employee in the night service, which was part of the security service, was very unfriendly and was to be released. a shame for this hotel !! the employees at the reception could be more smile and friendlier. you are the business card of this hotel !! and not civil servants of a public authority! this is how you can handle guests."
italy,comfort suite,family,2,2023,8,9.0,superb,size of the room,improveable breakfast
brazil,comfort double room,family,4,2023,8,10.0,it was amazing!,"we love everything, the comfort, the room, the decoration, the incredible view of the city through the restaurant, the service.",we love everything.
france,comfort king double room with romantic package,couple,1,2023,8,9.0,hotel with a good location and a beautiful view of the city,the view of the room on the city of porto. spacious and comfortable room. the bar and the restaurant with pleasant terraces and a very beautiful view.,no review
germany,comfort single room,solo traveller,3,2023,8,9.0,"recommended, gladly again","room has fulfilled expectations: room and bath very clean, calm, coffee machine (capsules) in the room,  breakfast diverse and plentiful. safe in the room. bakery u. restaurants nearby or on the way to the metro.  to reach a metro station on foot on foot. from the metro to the hotel it goes a little uphill.",room not exactly spacious.
brazil,comfort double room,couple,2,2023,8,10.0,boa,great rooms,reception girls can be more friendly!
spain,comfort single room,solo traveller,3,2023,8,8.0,very good,"toso very well. the breakfast and kindness of the staff. excellent views and location, very close to the center. fantastic effective and silent air conditioning",the room seemed little ventilated because it smelled a bit weird when i arrived
spain,comfort double room,family,2,2023,8,10.0,"good experience, to repeat",the facilities and the treatment of the staff,everything was fine
mexico,comfort double room,family,1,2023,8,10.0,exceptional,very comfortable beds and a good breakfast,bath tub
france,comfort double room,couple,2,2023,8,8.0,very good,the terrace at the 17th floor bar,"noted on booking 450m from the city center, a little further than that ..."
france,comfort double room,couple,4,2023,8,9.0,very good stay,very plentiful,all
switzerland,plus comfort suite,group,1,2023,8,10.0,awesome,all,no review
france,comfort double room,solo traveller,4,2023,8,8.0,very good stay,"good restaurant, nice view, nice staff, comfortable bed",no review
france,comfort single room,solo traveller,3,2023,8,10.0,very nice hotel very well located,the location  cleanliness  the kindness of the staff at breakfast: thank you,nothing
belgium,comfort single room,solo traveller,3,2023,8,9.0,very solid hotel.,excellent location.,no review
spain,comfort double room,couple,3,2023,8,9.0,very good hotel with spectacular views of the city,the room and the terrace/restaurant. a view of the city of porto.,a tad away from the old town although very close to the commercial area. although we always moved.  to put a small but to the room the water in the shower came out with little pressure ... but the very large and comfortable room.
spain,comfort twin room,group,2,2023,8,10.0,great days in a wonderful city. obrigated.,"everything was fine. wide and comfortable room. very comfortable beds, two pillows to choose the most consistent with each one, mini bar to put fresh water, shoes ... very well. the parking to and with easy access. 35 euros for 48 hours. near the city council and sites of interest. full breakfast and with intolerances products.",the worst access to bathtub that for people with little stability or mobility is complicated.
france,comfort family room plus,group,5,2023,8,8.0,pleasant stay in a very well placed hotel,"very good location, spacious room with very pleasant terrace and bar and restaurant",average quality breakfast for a 4 star
spain,comfort double room,family,3,2023,8,10.0,exceptional,very spacious and modern room. treatment of very pleasant staff!,everything was fine!
spain,comfort single room,group,2,2023,8,8.0,very good,comfort and installations,is expensive
switzerland,comfort king room,couple,2,2023,8,10.0,exceptional,roof top very comfortable,no review
france,comfort suite,family,1,2023,8,8.0,very good,well -placed establishment welcoming personal breakfast copieu,"15 euros breakfast for children, excessive price. bottle of paid water in the room part of the mini bar!"
spain,comfort double room,solo traveller,2,2023,8,10.0,to repeat,"personnel always willing to help, breakfast and with a wide schedule, free luggage slogan.",no review
italy,comfort double room,family,7,2023,7,8.0,very good,"the hotel is close to the center, on foot 15 minutes from the cathedral but in the first leg because all descent to the return back they are. pains lol. but there are the means therefore .. normal coging for a 4 star but too repetitive ,, gentile and polite staff, we would miss it .. large super bedroom. come on, quite soundproofed.","as i said hotels near the center but watch out for the return all uphill, bathroom without a bidet, i thought i was in paris personal who does not speak italian, the less bad thing that i speak the spaniard and a little english and i helped myself. room cleaning. not excellent we found long hair."
switzerland,comfort family room plus,family,1,2023,8,10.0,an unforgettable moment,"impeccable service and cleanliness. magnificent view of the city of porto since the 12th floor. with family or lovers, this hotel is a must!",no review
morocco,comfort double room,family,7,2023,8,8.0,very good,welcoming and professional staff especially the young french speaking bearded man at the reception.  mention well for breakfast as well as restaurant staff.,"the day of my arrival i was refused to take a look at the 17th grade restaurant telling me that i can only access if i dine. really i had planned to have dinner the day after but this exchange with a young girl took me away and since then i have not returned. apart from this strange incident, moreover, the rest is very correct and i will even say well."
france,comfort family room,family,2,2023,8,10.0,very pleasant stay,the soundproofing of the rooms. family suitr with the 2 bedrooms. hearty breakfast.,do not have a free parking space when we arrived in the parking lot opposite: .i think that the hotel could rent them in advance or the same day for customers who would ask them like us or have places for its customers.
portugal,comfort single room,solo traveller,1,2023,8,9.0,"to repeat, for business trips.",sympathy of the staff at the reception.,wc needed a little more detail about cleaning.
france,plus comfort suite,family,2,2023,6,8.0,hotel close to tourist activities,"we liked the welcome of very kind and competent staff. the rest was spacious, well equipped with a very beautiful view of the whole view. we were able to go on foot in town and visit all the districts of porto. the upstairs restaurant is exceptional, all dishes are excellent.",the external appearance of the hotel to be renovated which does not correspond to the interior.
portugal,comfort king double room with romantic package,couple,1,2023,7,10.0,exceptional,"all impeccable, super recommend!",no review
spain,comfort single room,solo traveller,3,2023,7,9.0,superb,"comfortable, clean and well equipped room. good breakfast. the bar at the 17th floor, spectacular views and good cocktails.","wying fine, the biggest problem is that the halls to the rooms were too dark, it didn't look good it was a bit uncomfortable."
france,comfort double room,solo traveller,2,2023,7,8.0,very good,"the location, the view of the high floors",the old smell of ashtray in the room
france,comfort suite,family,4,2023,7,10.0,exceptional,"ideal location, in the center of the historic port.  we had a room on the 11th floor with a breathtaking view of porto. the hotel is very comfortable, the staff are very nice, smiling and very caring. special mention to the indoor staff during breakfast: they are very pleasant and make the effort to speak to you in your language. the breakfast buffet is varied, generous and replenished very regularly. it's good, the products are fresh. we also tested the restaurant on the 17th floor. the kitchen is good and refined, and the service impeccable although a little long.",no review
portugal,comfort double room,couple,1,2023,7,10.0,a happy and welcoming stay.,"about 8 years ago i often went to the don henrique hotel, when i still lived in verona and had to come to porto often for work reasons. today i have lived in lisbon since 2016 and i often like to travel, at which this time with my partner it came to us to return to porto for a weekend, i clearly thought about booking at the don henrique hotel because i found myself well years ago and i knew it was a guarantee.  for my good surprise, we found the hotel much improved, he had renovations about 7 years ago (he told me one of the staff staff), and they really did an excellent job.  the hotel already has a strong bridge for its central location and its wonderful terrace which is located on 17 * and 18 * floor, proportioning a visit to the city of porto breathtaking.   it is a historic hotel with an elegant alma, with refined stiles like the city do porto, but at the same time a hotel that has adapted modern times.  the rooms are spacious, (my room had a magnificent terrace as well), decorated with penalty, well clean and with an equally generous bathroom bath they proportion every comfort.",no review
norway,comfort double room,couple,1,2023,7,10.0,great hotel in the right location!,fantastic hotel with perfect location and nice staff.,nothing
spain,comfort double room,couple,3,2023,7,9.0,fantastic,"everything was very clean and it was a very comfortable room, the hotel staff very friendly and the great facilities, the terrace on the fantastic 17 floor and with very good port views, it would certainly return ...",no review
luxembourg,comfort suite,family,2,2023,7,9.0,pleasant and warm,the welcome was warm. our room was spacious with a balcony. the breakfast was generous and varied.,what we don't have is that in the bathroom that he had no ventilation. the carpet was not very clean either. we were 4 (two children) the towels were not enough.
czech republic,comfort single room,solo traveller,1,2023,7,8.0,good choice for beautiful views and availability from airport and center.,"personal, cleanliness",around hotel a jeho fadada
italy,plus comfort suite,family,4,2023,4,9.0,superb,large and clean room with very comfortable beds. excellent location.,no review
portugal,comfort suite,family,2,2023,7,8.0,very good,"location, cleaning, breakfast, staff",no review
israel,comfort suite,family,1,2023,7,9.0,recommended,the room was comfortable for the family. there was a balcony with a stunning view. great location! everything is in a walking distance,"missing electrical points in a parent room. there was no where to recharge the phones, only in a nursery."
germany,comfort suite,family,1,2023,7,8.0,very good,the view from the 9th floor.,no review
austria,plus comfort suite,group,3,2023,7,8.0,nice city hotel in a very good location,"very good breakfast, great little rootop terrace","very old from the outside, but newly renovated inside"
chile,comfort suite,family,3,2023,7,8.0,correct,correct breakfast. good room,the cleaning of the room was not the most correct
germany,comfort double room,group,3,2023,7,10.0,exceptional,"everything is fine, gladly again.",no review
germany,comfort double room,solo traveller,3,2023,7,10.0,exceptional,good mid -range hotel with friendly staff. recommended for a city trip.,no review
poland,comfort family room,group,2,2023,5,10.0,exceptional,"super large, comfortable beds. spacious rooms in the apartment",no review
belgium,comfort king room,couple,4,2023,7,8.0,very good,"easy to eat in the establishment, transport in close people nearby. nice view of etuis the restaurant and the bar. many possibilities to eat in the surroundings.","outdoor terrace of the very small bar, certainly we had chosen this establishment for its panoramic terraces in other"
mozambique,comfort double room,couple,2,2023,7,9.0,superb,i enjoyed allocating the coffee machine in the bedroom.,the absence or removal of iron and table. and i also checked that the loud was not operational.  .
germany,comfort double room,group,3,2023,6,8.0,very good,"the location and the rooftop bar were very good. breakfast was very good and the staff was friendly. unfortunately, the breakfast room is in the hotel. the 17 -piece would be better in which the restaurant is accommodated.",the hotel is getting on in years but the price and performance were right. but we would not book it again even though the rootop was tempting.
switzerland,comfort double room,solo traveller,2,2023,7,10.0,"super inexpensive, top staff and rooms","personnel, room, price",nothing
turkey,comfort suite,family,3,2023,6,8.0,very good,"it was very clean, there was a great bar and a restaurant",no review
colombia,comfort double room,family,2,2023,6,9.0,superb,very comfortable,no review
brazil,comfort king room,family,2,2023,6,10.0,very satisfied. would recommend,"great service, comfort, great breakfast on the coverage overlooking the city.",there is no appropriate place for boarding and disembarking. employee is missing to help withdraw luggage and exit. park
brazil,comfort double room,family,2,2023,6,10.0,very good,"the hotel has a rooftop restaurant with a beautiful view of the city, serving and excellent cuisine.",it has no parking lot and we had to pay 45 euros to park in a private location.
spain,comfort double room,couple,5,2023,6,8.0,very good,we really liked the terrace on the 17th floor with wonderful views,the view of the room gave a parking building. that only looked.
spain,comfort family room plus,family,1,2023,5,10.0,super central hotel but in a quiet area. charming staff. hab. 4 is great,we took a room of 4 and was great because it was like an apartment with two independent rooms. the beautiful terrace and restaurant,no review
portugal,comfort king room,family,2,2023,6,9.0,superb,no review,a pool was missing
israel,comfort double room,couple,2,2023,6,10.0,exceptional,everything,no review
spain,comfort king room,family,2,2023,6,9.0,superb,"location, attention, very good rooms. mucha cleaning",no review
israel,comfort double room,couple,4,2023,6,8.0,a good and good stay.,"excellent, clean hotel, spacious room .. excellent location! lovely staff. there is a fun bar at the roof of the hotel. a delicious breakfast.",no review
argentina,comfort single room,solo traveller,2,2023,6,9.0,superb,very good breakfast; super complete. the hotel has a restaurant/bar on the 21st floor with a great views of the city.,"it is 20min walking to rua das flores (center) and the streets of porto are similar to those of lisbon; climbs, stairs, ramps and descents ... take into account."
brazil,plus comfort suite,family,4,2023,6,9.0,very good i would come back.,fourth combined with two doors great description. very good,"disorganization to accommodate people at breakfast, never had a table for three people, because others who were in two wore tables for three people. lacked organization by the employees."
brazil,comfort double room,family,4,2023,6,10.0,exceptional,porto is an excellent city.,i can't say
spain,comfort king room,couple,4,2023,6,9.0,very nice,"situation, easy communication with public transport (subway, bus), high -floor room and views","breakfast somewhat poor in variety, small breakfast room for the hotel's capacity, bathtub in the room instead of shower."
france,comfort double room,couple,4,2023,6,9.0,"very good stay in this hotel, lots of good memories of visits to this historic city","very nice hotel, well located, close to the historic center and the ""mercado do bolhao"" (beware of porto, to visit well you have to walk and the hotel is located on the heights). we were upgraded to the fourteenth floor in a very comfortable and very well soundproofed room despite the proximity of the elevators. the staff are helpful, nothing to blame. you have to have a drink at the top floor at least once, just for the view of the city. western breakfast is generous, there is everything you need to start the day well. i recommend this hotel.","a small reproach, if you need one: i chose this hotel for in particular its fitness room. but it is small with little equipment. you have to ask for the key at the reception. the time i wanted to use it i was told that it was not possible because there was a person (only one, so complete!). then i abandoned"
spain,comfort double room,couple,3,2023,6,8.0,porto is worth it!,"the situation, the cleaning and the restaurant",the room had a window too small. the lighting was generally scarce. especially in the toilet. breakfast products were not too good quality.
canada,comfort double room,couple,4,2023,6,8.0,very good,excellent breakfast,no review
switzerland,comfort double room,group,2,2023,6,9.0,,no review,no review
portugal,comfort double room,couple,1,2023,6,9.0,superb,very central and close location of various sights. the bar/restaurant is located on the top floor of the hotel with an excellent view of the city.,no review
germany,comfort king room,couple,3,2023,6,8.0,"very good hotel, design a little older, but good service and clean","very good restaurant with great view, good service",breakfast could have been a little better in terms of quality and there was no effective ventilation in the bathroom
colombia,plus comfort suite,group,2,2023,6,10.0,very good option.,"it is an excellent hotel. we asked for a suite, which turned out to be very how it gives for 3 people since it was two rooms. very nice, modern and comfortable. the delicious and complete breakfast. we went to eat at the 17th floor restaurant, the very good and good view food from there. the very good hotel location, in the center, close to everything.",nothing.
israel,comfort double room,couple,2,2023,6,8.0,very good,location close to the center good breakfast  a kind team,no review
mexico,comfort double room,couple,2,2023,6,10.0,exceptional,breakfast,no review
brazil,comfort double room,family,4,2023,5,8.0,very good,wonderful location. great breakfast,no review
spain,comfort double room,couple,2,2023,6,9.0,excellent,"very good location, near the trindade metro station, and two steps from the bolhao market. the room very well, spacious, very comfortable bed and the cleaning very well and spacious, they gave us the room on the 14th floor and very good breakfast is correct has everything a bit and the coffee that i like double very good. the hotel has a cafeteria and restaurant on the 17th floor with a view that are very good, and when you arrive in the afternoon to have a light light or a glass is great. the truth is a hotel i would return (and i plan to return).",everything was fine (except the rain ha)
brazil,comfort king room,couple,5,2023,6,8.0,honest hotel. good stay.,"breakfast is very good, complete! excellent cleaning, complete amenities. very good location, near the bolhao market, rua s. catarina etc and with parking next door.",there was a little noise from the street a few mornings.
netherlands,comfort king room,group,3,2023,6,10.0,prima,"spacious rooms, view of rooftop bar",prices consumptions
france,double room - disability access,solo traveller,4,2023,6,9.0,hotel chosen for its location. access to the difficult hotel for a disabled person.,divine breakfast. attentive staff. ideal location. infinitely clean room. free wi-fi.,breakfast trays would be better. french channels on essential television (german and english present).
brazil,comfort double room,family,4,2023,6,9.0,"very good, except for the relative point i mentioned we didn't like (me and my family).","service, location, cleaning, cordiality of employees.","i thought it was absurd for the hotel to demand a charge of 8 (eight) euros per person to provide a glass to drink wine. i don't know if you know, but with this value you buy a good wine in portugal. in all the same level hotels (4 and 5*) that i went through in portugal and others around the world, i requested this service and no charge has never been applied. i understand that at your level of your hotel this is not suitable, as it is no use having a room with balcony and not being able to taste a wine in your room quietly. there would be no service provision except the washing of the cups later. i understand that they need to review this position that seems inappropriate to me. conclusion: i had to go out and buy bowls and opener so i could drink my wine."
germany,comfort king room,couple,3,2023,6,10.0,perfect,everything,nothing
switzerland,plus comfort suite,family,3,2023,3,8.0,good. the morning coffee was horrible.,very good,the cold room
brazil,comfort twin room,group,2,2023,6,9.0,"in the heart of porto, with view and quality","super spacious room, balcony with view, very good breakfast, bar and restaurant with 360 degrees",no review
switzerland,comfort double room,family,4,2023,6,8.0,very good,no review,"drain in tus cabin, poor water swelling"
united states,comfort family room,family,2,2023,6,8.0,very good,staff attention,"the room was very dark, it was familiar and the auxiliary room had a high bed with a staircase and a sofa bed that sounded a lot"
austria,plus comfort suite,couple,6,2023,5,8.0,recommended at any time,"restaurant 17 floor, great location, parking garage vis a vis",no review
germany,comfort single room,family,2,2023,6,8.0,"nice hotel, not too far from the old town. very well for a weekend!",bar on the 17th floor,no review
spain,comfort double room,couple,2,2023,6,10.0,to repeat,"bed very comfortable, clean, and close to everything",the noise that made the air conditioning
israel,comfort double room,family,2,2023,6,9.0,good value,"very good location, short walk to the main streets and shopping street, good breakfast,",shower not really clean
spain,comfort double room,couple,1,2023,6,8.0,very good,good breakfast and very relevant to me the natural orange juice.  good room size with terrace and a balcony to major,no review
iceland,comfort single room,group,5,2023,5,10.0,"very fine hotel, can totally recommend.","fine breakfast, thanks.",no review
switzerland,comfort suite,family,2,2023,5,9.0,superb,super breakfast buffet. a lot of choices,no review
united states,comfort suite,family,1,2023,5,10.0,exceptional,"excellent room, wide, very clean and comfortable",no review
denmark,comfort twin room,couple,4,2023,5,9.0,"lovely big terese, the hotel was close to the subway and shopping streets.","large terrace overlooking the city, location",the breakfast area was too small compared to the number of guests.
israel,comfort king room,couple,2,2023,5,10.0,magnificent,"a spacious, clean room, a balcony with a view of the entire city from the 11th floor, the team was very kind and helped us with what we needed, the location was about 10-20 minutes from the central places, in short it was great. a cute bar on the 17th floor.",nothing
switzerland,comfort double room,solo traveller,3,2023,4,8.0,very good,the hotel is very centrally located and allows everything to be reached on foot. the staff speaks english very well and is helpful. breakfast small but fine.,very loud in the morning
brazil,comfort double room,couple,5,2023,5,9.0,excellent,bom air conditioning room,nothing
luxembourg,comfort double room,couple,3,2023,5,8.0,very satisfactory,the breakfast was very good; large selection of everything that the location was not quite as good; but courage to quickly get the taxi in the center,no review
france,comfort double room,couple,4,2023,5,8.0,good stay,the hotel is very well located. the spacious and clean room correct and varied breakfast always a person at the french speaking reception,"disappointment, no reception of french channels"
portugal,comfort double room,couple,1,2023,5,9.0,superb,location professionalism quality,no review
switzerland,comfort double room,couple,4,2023,5,10.0,exceptional,excellent breakfast,no review
poland,comfort double room,couple,4,2023,5,10.0,very pleasant stay,"very comfortably furnished room, good breakfasts",no review
spain,comfort single room,family,2,2023,5,8.0,good place and with very good views,"good location of the hotel, near the center. very good attention of the staff at all times. varied and rich breakfast. parking's closeness even if it is not the same hotel. unbeatable views from the bar and the restaurant.","the dinner at the bar was slow and scarce. there was no place in the restaurant but they offered us to stay in the bar since they have snack options, sandwiches ... the very good attention, the drinks serve them quickly but it takes us almost an hour and a half to have three sandwiches that were small. a pity because the site is very good."
switzerland,comfort double room,group,3,2023,5,8.0,excellent,"location, breakfast, sympathy of employees",no review
belgium,comfort twin room,group,2,2023,5,8.0,very good,the spacious room.,no review
france,comfort single room,family,3,2023,5,10.0,exceptional,"hotel very well located, very welcoming staff, generous breakfast, perfect stay.",no review
belgium,double room - disability access,solo traveller,9,2023,5,9.0,hotel with a view of the city.,excellent restaurant with exceptional views. quality breakfast. welcoming and pleasant staff.,the room is monochrome which makes it a little sad but on the other hand it is spacious which is very pleasant.
austria,comfort king room,couple,4,2023,5,8.0,very good,"the room was very large and the beds were very good, super comfortable.",no review
brazil,comfort double room,solo traveller,4,2023,4,10.0,perfect.,all very good. special highlight to the kindness of employees.,parking on the street.
spain,comfort double room,couple,4,2023,5,8.0,very good,"location, the rooms, very comfortable beds.","breakfast, there was everything but little quality in sausages."
netherlands,comfort double room,group,3,2023,5,9.0,have a nice weekend in porto thanks to a nice hotel,"staff, service and facilities",location next to super ugly parking garage
colombia,comfort family room,family,1,2023,5,10.0,exceptional,the comfort of the room,no review
france,comfort king room,couple,2,2023,5,8.0,stay in porto,"home and pleasant staff. the little more appreciated: a bottle of champagne awaited us for my husband's birthday, when we hadn't said anything!",no review
portugal,plus comfort suite,family,3,2023,5,9.0,superb,"very comfortable and clean room, friendly employees, and is situated near the busiest streets","weak breakfast, with little variety, the prices of the restaurant too expensive for the type of menu."
france,comfort double room,family,6,2023,5,9.0,superb,"room comfort, friendliness and availability of staff",nothing in particular
france,comfort suite,couple,5,2023,5,10.0,exceptional,"the whole including the bar and the restaurant. very pleasant point, the kindness of reception","could be improved, lighting of the bathroom and it lacks a magnifying mirror useful for makeup and shaving."
spain,comfort double room,group,3,2023,5,9.0,excellent location and comfortable room,"the location, the upper room, the big bed","the restaurant, we went to dinner 5 people and took more than an hour to serve the order the bath floor is very slippery the tv a bit small"
spain,comfort king room,couple,3,2023,5,8.0,a great hotel for the rest of the long days of turisteo,the room was very wide and quality breakfast. at reception they helped us to place us in the city and indicated the interesting points to visit,at the terrace bar we feel a bit displaced. we go up with the intention of taking something but we change their minds
netherlands,comfort double room,family,3,2023,4,8.0,great hotel in the center of porto,"comfortable rooms, friendly staff and a beautiful rooftop bar with good restaurant",gym was closed
brazil,plus comfort suite,couple,4,2023,4,9.0,"d. henrique, lovely",i loved the welcome and space of the room. we got a bottle of sparkling with delicious cookies.,"restaurant prices, despite the quality of the food."
switzerland,comfort king room,couple,4,2023,5,8.0,"well -located hotel with a very good breakfast, great roof top restaurant and comfortable rooms","hotel that offers everything you need for a city hotel - good location, very good breakfast, great roof top restaurant, comfortable rooms and a good service.",no review
brazil,comfort family room plus,couple,4,2023,5,9.0,superb,"very clean bedding, and the very complete breakfast. in the roof there is a great restaurant.","breakfast starts at 7am and as there are always many people with excursions very early, it is complicated to reconcile the schedules."
brazil,comfort king room,couple,6,2023,5,10.0,comfortable accommodation in great location,comfortable space and bed,no replacement of coffee capsules and teas
switzerland,comfort double room,couple,3,2023,5,8.0,a good middle class hotel,a good quality hotel,restaurant service. forgetting to come and take the order of the dessert. coffee at breakfast.
portugal,comfort family room plus,family,1,2023,5,10.0,exceptional,"excellent location, very good service, all very good. i recommend.",no review
portugal,comfort twin room,group,1,2023,5,10.0,exceptional,"excellent service, very good facilities and excellent location",i liked everything
brazil,comfort king room,couple,3,2023,4,8.0,bom,good room,all ok
belgium,comfort suite,group,2,2023,4,8.0,you can't go wrong here,"great location, ideal starting point to explore postage. metro and bus reach directly. even if you don't expect it from the facade, tastefully decorated from the inside! at a very fair price! in any case, visit the hotel's bar and the restaurant with a roof terrace (preferably reserve beforehand)",no review
switzerland,comfort double room,couple,6,2023,4,9.0,superb,"breakfast was not complete at the beginning, although we were promised. location excellent and the room great.","curtain was out of the rail, but despite the 2-fold memory, it was not repaired."
japan,comfort twin room,couple,1,2023,4,8.0,comfortable,the equipment was new and comfortable to use. you won't get lost as you can see it from the station.,none in particular.
portugal,comfort double room,solo traveller,2,2023,2,8.0,very good,"location, view and convenience.",no review
spain,comfort double room,group,2,2023,4,10.0,a. excellent option for porto,"the location, the amplitude of the bed, the views from the bar of the last floor and the kindness",the. music of the bar of. hotel at the last minute
portugal,comfort king room,family,1,2023,4,8.0,very good,location and personnel,rooms with small bathroom for price
france,plus comfort suite,family,3,2023,3,10.0,exceptional,the view of porto the dining room,no review
spain,comfort double room,group,3,2023,4,9.0,very good,"the views of the cafeteria terrace, breakfast, room","on the last day we didn't give us breakfast to breakfast because the plane left soon and gave us to wear a very poor breakfast, not in line with the hotel category"
germany,comfort double room,solo traveller,4,2023,4,8.0,very good,"yes, the breakfast was good and a good choice. the staff always ensured order at the buffet. the view in the 5th floor was wonderful. you felt very welcome.",i can't think of anything!
france,plus comfort suite,family,4,2023,4,9.0,pleasant stay in a very well placed hotel,location room size: 2 very distinct sleeping areas large pleasant bathroom gym upstairs bar,mattress firmness very cold auxiliary room but additional coverage was provided to us
italy,comfort king double room with romantic package,couple,4,2023,4,8.0,very good,"the hotel is located in a good location, 10 minutes walk from alliados and all the main tourist destinations are easily accessible on foot; being in the upper part of the city, the price to pay is the climb to return after a day around porto. bathroom products are very good. appreciable that there is no disposable plastic in the room. excellent breakfast with a wide choice of products. the restaurant on the 17th floor offers quality cuisine, the view of the city is priceless.","the furniture is a little skinny and not very modern, the carpet in the room from the 70s look."
spain,comfort king double room with romantic package,family,2,2023,2,8.0,well located,location and views,the glasses that serve in the bar are watery. they are very low quality. they do not have their own parking.
france,comfort double room,family,3,2023,4,9.0,very pleasant stay in porto,"well placed hotel 5 minutes from the metro (direct airport) and the historic center. many bus stops are nearby. close to the market that has just been renovated and the commercial street of porto.  the reception is perfect (groom and reception), the rooms of full size and the space bar and restaurant on the 17th floor very pleasant (correct outfit required for the restaurant) with a breathtaking view of porto.  breakfast is generous. the bar cocktails are very good (trying with a cheese / cold meats).",nothing!
brazil,comfort family room plus,group,3,2023,3,9.0,excellent!,"breakfast with various options and tasty. spacious room, friendly employees and good location, near the bolhao market.",no review
spain,plus comfort suite,family,3,2023,4,8.0,quiet stay,"the room, breakfast, views.",the price
france,comfort double room,couple,5,2023,4,8.0,"very pleasant stay, well located and very comfortable hotel",spacious and very comfortable room,lack of insulation with the outside
france,comfort double room,couple,3,2023,3,8.0,"very good hotel, well place and comfortable, good value for money7","room comfort, hotel location, restaurant quality",home one.
israel,plus comfort suite,couple,9,2023,4,10.0,exceptional,everything!  i felt i paid for a 5 -star hotel!,no review
spain,comfort double room,family,1,2023,4,9.0,very good option in porto,"we really liked the restaurant, located on the 17th floor with spectacular views. staff attention, especially at reception, very good too.","our stay was very short, therefore i have no criteria to assess beyond what was mentioned."
germany,comfort double room,couple,2,2023,4,9.0,"great view to the sea from the high -rise building, location close to the center, top breakfast, top staff","cheap location, walking to the center, great view from the high -rise building, very good breakfast, own restaurant and bar in the top 17th floor, fitness room, very friendly + helpful staff",a little too noble for my personal taste
spain,comfort double room,solo traveller,1,2023,4,9.0,superb,the staff,the heating of the room did not work well
spain,comfort double room,couple,2,2023,4,10.0,wonderful getaway,"the unbeatable treatment. they gave us a top room without cost, and being my birthday girl, they took us a bottle of cava and pastures, a detail !!",all unbeatable
spain,comfort suite,couple,4,2023,4,9.0,superb,"excellent location, comfort, cafeteria overlooking the city, personal treatment, kindness, and breakfast !!","noise in the adjoining rooms, there is no good soundproofing. pipes and cable blows and shower and tank were heard."
germany,comfort double room,couple,3,2023,4,8.0,"surprisingly pleasant stay in a supposedly unsightly ambience, well located","the room was modern, clean, neat, but due to the location until late in the evening due to traffic; great restaurant / bar on the 17th floor with good food; good accessibility by bus/metro; restaurants, market hall, sights (lello, clerigo university) near the walk","direct environment is pure concrete, street noise, the housekeeping employees were sometimes unable to bring us 2 single ceilings instead of 1 large double-cover"
france,comfort double room,group,3,2023,4,8.0,"perfect, we recommend the establishment",cleanliness,viennoiseries breakfast
portugal,comfort double room,family,1,2023,4,10.0,exceptional,"hotel well located, rooftop with a fantastic view.",no review
brazil,comfort twin room,couple,3,2023,4,10.0,un perfect hotel,"bon very breakfast, roof top good and beautiful bar, ecezional staff",no review
portugal,comfort double room,solo traveller,4,2023,4,10.0,exceptional,"the hotel is very central and we can walk to many parts of the port, the room is large and comfortable, the staf is very friendly especially catarina of the restaurant",no review
spain,comfort family room,family,5,2023,4,10.0,we really liked the very wide family room,wide family room with independent stay. hotel very well located to move on foot,"normal breakfast, there could be more variety"
portugal,comfort family room plus,group,1,2023,1,10.0,exceptional,"all perfect, room with above average amenities. all impeccable, i certainly come back more often",no review
spain,comfort king room,couple,3,2023,4,9.0,gracias !!!,the perfect bed. full breakfast and unbeatable orange juice. good location.,the bathtub.
france,comfort king double room with romantic package,couple,5,2023,4,8.0,very good,perfect welcome neat bedroom silo with cars next door french and helpful speaking staff,ras
south korea,comfort double room,family,2,2023,4,9.0,superb,"high and sky lounge is on the 17th floor, looking at porto's view of porto! good because there is a bathtub!",not much.
france,comfort double room,group,5,2023,4,8.0,"perfect, we recommend the establishment","comfort and cleanliness of the room, welcome and listening to staff quality of the panoramic restaurant and exceptional view of the city and its sunset","breakfast pastries (croissants, chocolate breads and grape breads)"
france,comfort king room,couple,3,2023,4,10.0,"very nice establishment, top location to do everything on foot, very beautiful view from the restaurant","high quality breakfast, a lot of choice",nothing
spain,comfort king room,family,3,2023,4,10.0,perfect,all,nothing
italy,comfort king room,couple,3,2023,4,8.0,"excellent location, excellent welcome, but .... mattresses for fakiri","the central location, the excellent breakfast, the large and bright rooms, hotels very close to the subway","the bed, so hard that the bruises came to me on the hips to sleep alongside as my habit is.  you can not get hurt just sleeping supine.  price too expensive compared to the remarkable quality of the structure."
germany,comfort twin room,couple,1,2023,4,9.0,superb,"a nice clear hotel, the staff was very helpful and friendly","you have to be good on foot, but the train is nearby, driving with the taxi is affordable ... parking lot .. without it ... parking house near ... inform the parking fees beforehand, vary the parking fees"
germany,comfort single room,family,2,2023,4,9.0,perfect staff,"location, wifi, breakfast","breakfast is unfortunately on the ground floor, not rootop. photos can be folded."
germany,comfort single room,group,3,2023,4,9.0,would like to book again at any time in this hotel,location perferk to explore postage. room well equipped. breakfast rich and good.,no review
switzerland,comfort twin room,group,2,2023,4,9.0,pleasant and relaxing stay. in the evening the return is a bit uncomfortable because the road is uphill,"large and welcoming room. excellent services, excellent and abundant breakfast!",very far from the main attractions.
spain,comfort double room,family,3,2023,4,9.0,great option if you go by car,"location, super close to everything (subway and center) and if you arrive by car parkings (payment) everywhere. we need help from reception and they were very helpful and on their lives in spanish ...","the narrow bath, but very clean and new"
belgium,comfort double room,couple,3,2023,3,8.0,very good,no review,season in bathroom
spain,comfort double room,couple,5,2023,4,9.0,a good option to enjoy a stay at ease,"i requested a room on a high floor and was granted. dinner at restaurante 17 was delicious the hotel received a thorough reform and is cozy it is very well located: together metro, bus stops, gastronomic offer in the vicinity of the hotel","i have no complaints, i would repeat in this establishment without a doubt"
spain,comfort family room,group,1,2023,4,10.0,i would stay there without a doubt!,"the location is excellent, the attention of the staff and the rooms very well, all very clean.",no review
france,comfort double room,family,2,2023,4,9.0,superb,super well placed  welcoming staff  spacious room and good bedding  extra breakfast: generous and with fresh products.  very good restaurant,"we were on the high floor and had a lot of noise at night as if the exterior metallic elements entered or because of the restaurant just above, difficult to know but not pleasant. a bit of a shame also for a hotel of this quality of seeing mold in the bathroom .... exterior of the bof hotel"
spain,comfort double room,couple,1,2023,4,9.0,good location and quality,"the hotel is well located, the rooms of good size, the breakfast very good. it has no parking, although there are several very close. it is not modern, but it is very comfortable. i would certainly recommend it.","parking and have to do check in from 15:00, although it is normal in portugal"
brazil,comfort double room,couple,1,2023,4,10.0,perfection,"the super educated and attentive service team, amazing facilities and the wonderful view",no review
brazil,comfort double room,couple,2,2023,4,9.0,superb,from the spacious and comfortable room. spacious bathroom with great shower. optimal morning coffee.,no review
germany,comfort twin room,group,3,2023,4,9.0,really a surprisingly nice stay. room large and well equipped,breakfast was very good,it was a bit dark in the rooms and corridors
spain,comfort family room plus,family,2,2023,4,9.0,"magnificent hotel, something expensive but good option to visit porto",good location and good facilities,"i have nothing special to comment, perhaps some somewhat high price"
canada,comfort king room,couple,5,2023,4,9.0,top hotel,"large room, comfortable bedding, well located hotel - next to 2 metros- everything can be done on foot  very beautiful and good restaurant on the top floor with panoramic views of the city varied and fresh breakfast","we had a room taken between 2 elevators, and we heard the cables but if not very beautiful room"
belgium,comfort double room,group,4,2023,3,8.0,very pleasant stay and worth repeating.,"breakfast was great, nice and extensive choice. we missed a bowl for waste on the table. room was neat and spacious.  restaurant and bar on the upper floor very good. good food and nice service.","there was a ticking sound in the room, exactly whether there was air in the heating or air conditioning."
israel,comfort suite,family,5,2023,3,10.0,was beyond expectations,diverse and satisfying meal and a moving dining room,no review
brazil,comfort suite,family,1,2023,2,8.0,hotel central,"the hotel is in the central area of   the city, near the trade.","the hotel has no parking lot. the public parking lot (paid) is very close, needing to cross the street with the bags. the bathroom had a leak (i warned at the reception). bath towels need to be changed."
france,comfort double room,couple,1,2023,3,9.0,very pleasant,the 17 -floor meal,no review
norway,comfort double room,couple,4,2023,4,8.0,"nice location, great views, good breakfast and big and comfortable room.",the breakfast was good with good selection and fresh orange law.,no review
brazil,comfort family room plus,family,2,2023,3,9.0,good cost denial,all perfect,all
italy,plus comfort suite,family,4,2023,3,10.0,exceptional,all very well clean room excellent location gorgeous view from the terrace of the room. all the staff of the very kind hotel. close to the center.,no review
france,comfort king room,couple,4,2023,3,10.0,"very good stay and very pleasant, helpful and smiling staff.","large bedroom, the very comfortable bed, very close to the airport's direct trindad metro station. excellent, very varied and high quality breakfast. the restaurant on the 17th floor absolutely perfect, delicious cuisine and excellent value for money.",the non -replacement of the body cream in the bathroom and capsule of the coffee machine and herbal teas for the kettle.
argentina,comfort single room,solo traveller,5,2023,3,10.0,very positive,"that is in a place, close to everything.","something that the hotel is not to blame, and that no one can solve, the steep of its streets."
portugal,comfort king double room with romantic package,solo traveller,1,2023,2,10.0,excellent,all without exception,i loved everything
switzerland,comfort single room,solo traveller,1,2023,3,10.0,cozy and class,cozy warm class,no review
germany,comfort twin room,couple,7,2023,3,9.0,real four-star hotel in a great location,the central location in the area of   the bolhao business district and in the immediate vicinity of the trindade metro station is excellent. rooms and bathrooms are generous. breakfast offers everything you want.,the only downside: we found our mattresses to be extremely hard.
france,comfort twin room,family,4,2023,3,10.0,exceptional,"the staff were super welcoming, available and attentive. the clean room and the place very well located.",no review
spain,comfort suite,solo traveller,2,2023,3,9.0,superb,no review,excensers too long when there are people (there was a group in the hotel it was very long)
spain,comfort double room,group,3,2023,3,9.0,superb,the treatment of the staff and the terrace bar,maybe breakfast could be improved
portugal,comfort double room,couple,1,2023,3,9.0,one night in porto,sympathy location amenities,not have parking agreement with a car silo
france,comfort twin room,couple,2,2023,3,10.0,exceptional,the professionalism and the kindness of the staff. quality of breakfast and restaurant (very good),no review
france,comfort double room,solo traveller,1,2023,3,8.0,very good,alright,comfortable hotel but it is better to avoid having a bedroom upstairs located below the bar. it is a little unpleasant to hear the noises linked to the activity of the bar ... until quite late in the night.
portugal,comfort king double room with romantic package,couple,2,2023,3,10.0,exceptional,view of the city and breakfast.,no review
france,comfort king room,solo traveller,3,2023,3,9.0,very nice hotel,location in the nearby trindade metro center. good buffet at breakfast. view of any port at the bar and restaurant.,shadowing of the pipes from the bathroom.
france,comfort double room,couple,4,2023,3,9.0,superb,"an excellent location, near sta catarina and bolhao market",no review
france,comfort double room,couple,3,2023,3,10.0,exceptional,"the staff were very available and very much sympathy, we were more than well received! the suitcases were mounted in the room by a very friendly and very discreet baggarter.   the cleanliness and size of the room is a real plus.   the establishment's bar as well as the top floor terrace was very good.",nothing
germany,comfort double room,group,3,2023,3,9.0,gladly again!,the room was well equipped. the breakfast was rich and balanced. the bar is very nice and quiet. the selection of drinks is great.,everything was great!
spain,comfort double room,couple,1,2023,2,10.0,perfect in the center.,"after going through different hotels in porto to spend our weekends, dom henrique has become our reference hotel. with a fantastic location, very comfortable rooms and a very varied and very well attended breakfast.",no review
belgium,comfort single room,solo traveller,2,2023,3,9.0,top !,the hotel's location is top. the staff are kind. the view of the terrace and the 17th floor restaurant is magnificent and the food of this restaurant is excellent. i recommend,no review
poland,comfort king room,couple,3,2023,3,10.0,exceptional,"a unique hotel with a beautiful observation terrace. large, clean, well -equipped. excellent location. delicious snack. nice and helpful service.",no review
netherlands,comfort double room,solo traveller,2,2023,3,8.0,great hotel for a visit to the city.,"beautiful renovated room, great bed, nice bathroom. window that can open.  nice view from the bar and terrace on 17th floor and from restaurant on the 18th floor.","from the outside it looks unattractive, but fine on the inside."
spain,comfort suite,family,2,2023,3,9.0,superb,we took one of the rooms for 3 people and was great. with a door to separate the two parts. and the super comfortable bed. fully recommended. next to the market,everything was great
spain,plus comfort suite,group,2,2023,3,9.0,very good option,the views of the room and comfort for three people,no review
france,comfort double room,couple,5,2023,3,8.0,very good,clean room with large bed. pleasantly surprised to have been upgraded. pleasant and caring staff.,no review
germany,comfort single room,solo traveller,3,2023,3,9.0,superb,"very nice hotel and great location, both when you come from the airport as well as for excursions in the city on foot or to the next bus station.",the coffee at breakfast is unfortunately nescafe. could be better. ;-)
portugal,comfort twin room,couple,2,2023,2,8.0,excellent location,spacious room and comfortable bed; excellent location,"breakfast only reasonable, unpaired common space"
spain,plus comfort suite,group,3,2023,3,10.0,exceptional,"situation, breakfast, staff attention. location",nothing
italy,comfort single room,solo traveller,2,2023,3,9.0,superb,"gentile staff, clean and spacious room.",the bar service on the seventeenth floor could be improved.
brazil,comfort double room,family,2,2023,2,9.0,i loved!,"location, comfort cleaning.",no review
germany,comfort double room,group,1,2023,3,9.0,toll !!!,hotel room and lobby,"breakfast room is a bit tight, but the selection and preparation of the food is very nice and great !!"
brazil,comfort double room,solo traveller,1,2023,3,10.0,average experience,restaurant,"service was good, but nothing that surprised me"
spain,comfort twin room,group,2,2023,3,10.0,exceptional,"an excellent hotel. everything thought for a good rest: very comfortable beds and pleasant temperature. the location is perfect and breakfast, great and very varied. the staff is lovely. a 10.",no review
portugal,comfort double room,couple,1,2023,2,10.0,it was good at but,cama,no review
france,comfort king room,couple,7,2023,3,8.0,to be renewed.,"smiling, available and attentive staff. hearty and varied breakfast. carpet everywhere in the corridors and rooms, hence our choice.","air current on the outskirts of the windows, bad joint thus letting air pass and especially the noise of the street ...."
france,comfort double room,family,4,2023,3,10.0,everything was perfect!,"we came as a couple with our baby, a big thank you for the kindness of the team, the cleanliness of the room and the establishment, for the welcome, for the attention for our baby, this hotel was one of our most beautiful stays! in addition, the location is ideal, close to metros and places to visit",no review
poland,comfort double room,couple,3,2023,2,10.0,breakfast super good. mega staff were cleaned every day. every altai walk close from the hotel,the object is located close to the metro line that connects with the airport plus that it is close to everywhere,"view and the windows were insane. although the terrace was small, the panorama can be seen in the evening"
brazil,comfort family room,family,2,2023,3,8.0,very good,vista do rooftop,old building q was refurbished
portugal,comfort double room,family,2,2023,3,9.0,superb,i liked the location and sympathy of the employees. i particularly like views on the port seen from the highest rooms in the hotel,no review
belgium,comfort double room,couple,3,2023,3,9.0,superb,very varied and delicious breakfast. superb view at the restaurant on the top floor. very kind staff.,no review
poland,comfort double room,couple,3,2023,3,8.0,very good,"good hotel in a good location. to the 400m metro station. a bus stop at the hotel, close to foot everywhere.  clean, fast accommodation.   very good, abundant breakfast but monotonous. every day the same.   i recommend it for 2-3 nights.",paid coffee in the room.
netherlands,comfort double room,couple,2,2023,3,9.0,comfortable,nice modern room. beautiful view of the 17.etage. breakfast was good.,"location is a bit disappointing. on top of a hill, 10 to 15 minutes walk to the historic center."
portugal,comfort king room,couple,3,2023,3,8.0,very good,no review,parking
france,plus comfort suite,family,3,2023,2,8.0,very good,no review,the quality of the bedding of the sofa bed later.
slovakia,comfort double room,couple,3,2023,2,10.0,large hotel with good services,"rich breakfast, beautiful view from the 17th floor, not far from the famous market.",no review
portugal,comfort single room,solo traveller,1,2023,2,9.0,superb,"excellent location, excellent facilities.",breakfast not included
france,comfort double room,couple,5,2023,2,8.0,very good,"location in the city center, generous breakfast, pleasant rooftop, cleanliness",no review
spain,comfort double room,couple,2,2023,2,8.0,building value for good location.,"the hotel is well located, in 15 minutes you are at the main points to visit. the hotel has no parking, you have them public but the rates should be consulted (some are price in pre-pave). breakfast is fine. the hotel has the 17th-breaker plant with spectacular views, at night the glasses are well 9 euros.","maybe to leave the bags when you arrive by own car, parking is complicated right next to the hotel that does not have access to it."
spain,comfort family room,family,3,2023,2,10.0,wonderful weekend with family,excellent family room,greater variety in the bar
portugal,comfort king room,family,3,2023,2,9.0,superb,location and cleaning of the room,bar service
france,comfort double room,family,3,2023,2,8.0,perfect hotel that i recommend,the really perfect staff listening and very friendly,no review
luxembourg,comfort king room,couple,2,2023,2,10.0,excellent,one of the most beautiful hotels where i have ever been,no review
italy,comfort suite,family,2,2023,2,9.0,superb,the surprising panoramic terrace both during the day and at night.,no review
hungary,comfort single room,group,3,2023,2,10.0,exceptional,"everything was perfect! location, cleanliness, breakfast, skybar ... etc. they were fine. i can only recommend it for a few days of cityscape!",it wasn't like that.
spain,comfort double room,couple,4,2023,2,9.0,perfect stay,"perfect location, very close to all services. very complete breakfast and quite attentive staff. the terrace on the last floor a success. our room had a balcony with beautiful views of the city.",no review
france,comfort double room,couple,2,2023,2,9.0,very good stay,"the staff, very central. super hotel i recommend.",no review
spain,comfort double room,couple,3,2023,2,10.0,good hotel in porto,"large room, very comfortable big bed, pillows to choose from, proper bathroom, there is no lack of amenities, big closet and with light, breakfast at the height. personnel both reception, as in dining room, as well as cleaning. all very clean. good design.",nothing
portugal,comfort double room,family,1,2023,2,9.0,superb,all,not applicable
portugal,comfort single room,solo traveller,1,2023,2,9.0,superb,"location, view, cleaning and sympathy",no review
portugal,comfort family room,family,1,2023,2,8.0,optimal,"super comfortable bed, super clean space, all impeccable","breakfast confusion, there were no glasses for orange juice"
portugal,comfort double room,family,3,2023,2,9.0,superb,"the location of the hotel is practically close to everything, restaurants and tourist attractions. the bed was very comfortable and large. very friendly and attentive employees. in the 17th floor, it has a fabulous view.",you are welcome.
portugal,comfort double room,couple,1,2023,2,10.0,above expectations and coming back soon,location and good ratio quality price,no review
brazil,comfort twin room,family,5,2023,1,9.0,superb,no review,fourth floor in carpete
spain,comfort double room,couple,3,2023,2,10.0,relaxation and tranquility,the views from the cafeteria on the 17 excellent floor.,we had a wide room but in a first one without view.
portugal,comfort family room,family,1,2023,2,8.0,very good,very good location.,the room had no balcony.
spain,comfort suite,family,3,2023,2,9.0,okay to porto de tres nights,"the location, the amplitude of the room, private parking near, good breakfast, clean and pleasant.",the cafeteria had little variety to chop something and took a long time to serve.
italy,comfort family room,family,3,2023,2,9.0,superb,"central location, top cleaning",no review
brazil,comfort king room,couple,2,2023,2,10.0,exceptional,"all wonderful in this hotel! breakfast, bed, shower, service ...",i liked everything.
portugal,comfort family room plus,family,1,2023,2,8.0,very good,the location. although without parking park has a private one next door and parking on the public road. spectacular view of the 17 floor with bar and restaurant. good breakfast. friendly employees.,the bed and pillows were uncomfortable. a 4 -star hotel has to invest in comfort. our room had 2 divisions because we were 4. only one of the rooms had taken. opaque curtains also need to be reviewed.
portugal,comfort king room,couple,1,2023,2,10.0,excellent,vista,some noise in the corridors in the morning.
spain,comfort double room,couple,3,2023,2,10.0,the ideal place to travel porto walking from the hotel,proximity to everything and quality in reference to cost.,everything was great so there is nothing that i would not like
argentina,comfort suite,group,4,2023,1,8.0,"recommended, very good quality stay.",very good breakfast and very comfortable and clean the room,"once in the snack bar they brought us dishes at the wrong time, with a lot of delay and an order never arrived."
france,comfort double room,couple,2,2023,2,10.0,super hotel in a charming city.,"the terrace, the restaurant, the comfort of the room, the cleanliness, the good sound insulation, the quality of breakfast and dinner",nothing
portugal,comfort double room,group,2,2023,2,10.0,reference hotel in porto architecture.,a timeless hotel. fantastic and central location. view of the highest floors is very beautiful. elegant decoration and unhealthy team. our hotel in porto.,nothing to mark.
france,comfort king room,couple,3,2023,2,8.0,very good hotel,"everything was very good, room, welcome, restaurant and the bar",no review
france,comfort double room,couple,2,2023,2,10.0,exceptional,very pleasant hotel and restaurant.,"being temporarily with disabilities following an operation of the foot, i would have appreciated that i am offered when we arrived small solutions to facilitate my stay. like a stool so that i can take a shower."
portugal,plus comfort suite,family,1,2023,2,10.0,exceptional,all,no review
portugal,comfort king room,couple,1,2023,2,10.0,exceeded expectations,"i loved everything, the room was spacious like the bathroom, the bed was of impeccable comfort and was necessary for a good stay. breakfast was good and the choice was very varied. we had a beautiful view of the 15th floor and room with balcony something that is not expected.",no review
israel,comfort suite,family,3,2023,2,9.0,was wonderful,we liked the room and design the smell in a nice lobby and in a diverse breakfast,there was no sinking in the living room to the mobile phone
poland,plus comfort suite,family,3,2023,2,9.0,i highly recommend,+beautiful views from the room  +very nice rooms  +interesting room plan +a lot of space for storage and rest  +large nice and modern bathroom  +everything worked  +tasty breakfasts and delicious unlimited juice of fresh orange,-no contacts in one of the rooms  -sofa was very uncomfortable (flawless bed)
portugal,comfort double room,family,1,2023,2,9.0,superb,"excellent staff, clean room, large, comfortable.",room service needs to improve
france,comfort single room,solo traveller,4,2023,1,8.0,parfait,personal well at the top,the charcuterie during breakfast
czech republic,comfort single room,solo traveller,1,2023,2,9.0,great accommodation,good location. very nice room.,no review
germany,comfort twin room,family,3,2023,2,9.0,gladly again,"nice breakfast .... it was constantly filled up .... spacious room, everything very clean. friendly staff in all areas.",everything was good
france,comfort family room plus,family,2,2023,2,9.0,top,"view, location, staff, etc ...","lack of socket, 1 in 2 bedrooms equipped with sockets"
portugal,comfort family room,family,1,2023,2,10.0,it was fantastic,"we loved the location of the hotel. the breakfast was fantastic. the restaurant very beautiful and the wonderful food, such as the service.",no review
france,comfort twin room,couple,2,2023,2,9.0,very good hotel,excellent geographical location. impeccable staff and very great kindness and kindness,no review
portugal,comfort double room,couple,2,2023,2,8.0,very good,i just didn't like the parking lot,i just didn't like the parking lot
france,comfort double room,solo traveller,3,2023,2,9.0,i will come back !!,"the location, the staff the bar is the restaurant le breakieuis was also perfect","in terms of filling the minibar, it was not that"
brazil,comfort king double room with romantic package,couple,13,2023,1,9.0,superb,employee attention and excellent location.,no review
brazil,comfort family room,family,5,2023,1,10.0,spectacular,"of the kindness and education of employees. cleaning shows, excellent breakfast, spacious room, and very clean.",it's a personal question of not enjoying climbing hills and to arrive there are many hills.
portugal,comfort king room,couple,1,2023,1,10.0,great stay!,services and impeccable accommodation!,there were no objections about this! everything worked perfectly.
spain,comfort suite,family,2,2023,1,10.0,to repeat!,excellent hotel in porto. completely recommended. very attentive and detailed staff. very well located in the city. spectacular views from the 17th floor cafeteria and restaurant.,no review
portugal,comfort double room,couple,2,2023,1,9.0,superb,"hotel with an excellent view of the city, with a very good location, close to various sights, malls and restaurants and breakfast is very varied.","the breakfast room could be situated on one floor above, at least with one floor for it."
france,plus comfort suite,family,5,2023,1,8.0,"clean, well equipped, well placed.",very good situation. good equipment. cleanliness.,many people at breakfast.
france,plus comfort suite,family,3,2023,1,9.0,superb,"well placed, everything is doable on foot, very good staff, impeccable room for 3",no review
brazil,comfort twin room,family,3,2022,12,8.0,very good,"hotel with excellent location, delicious breakfast, helpful and attentive staff. on the top floor of the hotel has a great restaurant and bar.","the room fridge was damaged. in the room has a balcony with spectacular view, but the table and chairs were not clean. the hotel should pay more attention to the maintenance of equipment and cleaning of all environments."
germany,plus comfort suite,group,2,2022,11,9.0,i was really satisfied with everything.,"the view from the balcony, the employees were nice",no review
france,comfort double room,couple,2,2023,1,10.0,amazing,"i liked the kindness of the staff, as well as the help provided. in addition, the hotel is super well located, everything is around. i was out of the way i didn't expect. and concerning the room everything was perfect, very spacious. you can stay in this hotel with your eyes closed",everything was perfect nothing to say
spain,comfort single room,solo traveller,3,2022,12,10.0,fabulous,"location, spacious room, facilities. next parking. magnificent restaurant",no review
argentina,plus comfort suite,family,2,2023,1,9.0,very comfortable,cleaning and location,no review
portugal,comfort single room,solo traveller,1,2023,1,9.0,a pleasant surprise in an exceptional location,exceptional location and breakfast. i didn't have the opportunity to go to rooftop but for the next i have to go...,the rooms are very small but impeccably clean and with all the amenities
france,comfort suite,family,3,2023,1,8.0,very good,proximity to tourist sites and the old town,clean bread room  no extra bed top
france,comfort double room,couple,1,2023,1,10.0,exceptional,thank you to the very attentive staff! we were very satisfied with our stay,no review
spain,plus comfort suite,group,1,2023,1,10.0,"all great, highly recommended.","all perfect, incredible views from the room and everything is very beautiful. the check in was very fast and the staff is very nice. both the receptionists and the suitcase boy (ricardo i think is called). great breakfast too.","all good, to put a small paste the air did not come out very hot but well nothing happens."
switzerland,comfort king room,group,3,2023,1,9.0,superb,"comfortable bed, large bedroom, very good location",nothing
spain,comfort double room,family,1,2023,1,10.0,excellent hotel in the center of porto,"new facilities, elegant design. cleaning. very complete and very good buffet breakfast.",we have no complaints.
italy,double room - disability access,family,3,2023,1,8.0,very good,"service, location, cleanliness, excellent friendliness! rich and abundant breakfast! the bar on the 17th floor and the restaurant at 18th are also excellent super kind and helpful staff",no review
venezuela,comfort double room,group,3,2023,1,8.0,very good,no review,"the extras who charged for asking fried eggs or omelette,"
spain,comfort king room,family,2,2023,1,8.0,stay in dom henrique,the bed very comfortable and the cozy room,"the bathroom is super narrow. when opening the door, it almost hits the sink and space to enter is tiny and narrow"
spain,comfort single room,solo traveller,4,2023,1,9.0,very nice days,"i detail kings day, leaving a cake on the table :)",nothing to point out.
switzerland,comfort double room,couple,2,2023,1,10.0,2 days in porto in comfortable and relaxing hotel,abundant and varied breakfast! spacious room  friendly staff comfortable and big bed,a little small bathroom
brazil,comfort twin room,family,2,2023,1,10.0,exceptional! i will be back with ctz,"large room, clean and with excellent quality amenities. excellent location, rooftop with a beautiful view with a fantastic sunset !!!",in the late afternoon the street is a bit noisy
spain,comfort suite,group,3,2023,1,8.0,lovely hotel but with bad air conditioning.,"we loved the hotel. the room for three people was very comfortable with their separate stays for more intimacy and comfort.  the 17th floor with its views, its cafeteria and restaurant are mandatory. fascinating!","the two biggest housing glue were the cold in the room. the air conditioning did not rise the temperature in any way, to such an extent that we had to ask for sleeping blankets. the other paste was a noise, we do not know what, of engines or something like that, which were very annoying to reconcile the dream. maybe in other rooms you don't hear. we will keep that doubt."
spain,comfort double room,couple,3,2023,1,10.0,excellent,"the location, silent, wide and clean",nothing
portugal,comfort twin room,family,1,2022,12,9.0,superb,"great, substantial breakfast, with a variety of choice. i like the tranquility of the hotel, its location and the reception staff.","i always have a lot of difficulty in the pillows that by excessively soft principle, there is no choice for another one of my liking. but of the most diverse hotels used by me from north to south the problem remains, so i have given up complaining"
spain,comfort double room,couple,1,2023,1,9.0,superb,the bathroom,no parking space available
france,comfort double room,couple,6,2023,1,9.0,superb,"the breakfast, the service and the restaurant",a bit expensive
spain,comfort double room,family,3,2022,12,8.0,correct,"good location, very friendly staff and good breakfast.","the bed is small to be double, a roof piece fell in the middle of the night with tremendous noise and the consequent scare. poor bath lighting."
spain,comfort king room,couple,3,2022,12,9.0,magnificent hotel to visit porto,we arrived from the airport by subway. the rooms were very good and the breakfast very complete. central place with a subway and bus near,"not being able to smoke throughout the hotel, the room had no terrace and there was no bar with an open terrace or anything to smoke, so you had to go down to the street."
brazil,comfort suite,family,4,2023,1,8.0,very good,room size,lack of brightness in the room
spain,comfort double room,family,2,2022,12,9.0,superb,well located. excellent staff. also excellent restaurant on the 17th floor,no review
malta,comfort double room,solo traveller,5,2022,12,9.0,"nice, clean and beautiful",the kindness of hotel staff and comfort,i have no comment
brazil,comfort single room,family,3,2022,12,10.0,calm and quiet stay,it was all right.,there was nothing we didn't like
brazil,plus comfort suite,family,3,2022,12,10.0,quiet stay to relax.,it was all right ... we liked the tranquility and the restaurant that was great.,i just didn't like being staying and not having time for dinner...
spain,comfort family room plus,family,2,2022,12,8.0,very good,the location,"they did not aspire the floor, there was a little sand and the two days we were."
portugal,comfort double room,couple,1,2022,12,9.0,very good,"very good room, large bed with mattress and very comfortable pillows.  friendly employees.  quality breakfast but little variety and lack of replacement in some things. near the city center and near a large parking lot, although it is paid.",no review
france,comfort king room,couple,3,2022,12,9.0,superb,very warm and helpful staff. very clean and well placed establishment in the city.,no review
spain,comfort double room,family,4,2022,12,8.0,very good,"service, very pleasant staff.",no review
germany,comfort king room,couple,2,2022,12,8.0,nice hotel with a perfect location,"the hotel looks very pretty from the inside, but older in terms of style. everything is well maintained and clean. the breakfast was varied, freshly squeezed orange juice, sweet buns, normal rolls, scrambled eggs and bacon, sausages. sausage and cheese was qualitatively on lidl or aldi level. the people there are super nice and helpful. for my friend you have brought a sparkling wine with cookies to room because he had a birthday. the location is great. from there you can get to foot everywhere and if you are lazy you can take the u bahn. you absolutely have to go to the 17 floor and if it is only to look. you can see the whole city  the cocktails are incredibly tasty!",the quality of the sausage and cheese. the rest of breakfast was fantastic
brazil,comfort family room,family,3,2022,12,10.0,exceptional,"cleaning, comfort, location",no review
portugal,comfort twin room,group,1,2022,12,10.0,,no review,no review
spain,comfort double room,group,3,2022,12,9.0,superb,the treatment provided,no review
spain,comfort king room,couple,2,2022,12,10.0,spectacular,all,nothing
france,comfort double room,family,2,2022,12,9.0,superb,location. terrace super viewed. high quality hotel. friendly staff,no review
spain,comfort king room,couple,5,2022,12,8.0,very good,"the location, the views from the terrace and restaurant",the door of the room's terrace did not close well and entered cold air and noise
spain,comfort twin room,group,3,2022,12,10.0,spectacular,location. breakfast. staff,no review
spain,comfort single room,group,3,2022,12,10.0,fabulosa,excellent location. spectacular restaurant. very friendly staff. fabulous breakfast,that there was a bathtub. i always prefer shower.
spain,comfort twin room,couple,3,2022,12,8.0,"very well located, right in front of a parking lot","situation, cleaning, rooms",breakfast
switzerland,comfort suite,group,2,2022,12,10.0,exceptional,super staff. speaks very well french. service at the really extra restaurant. a buffet breakfast with a lot of choices. spacious and well located room.,a little cool in the rooms but it was.
spain,comfort double room,family,4,2022,12,9.0,superb,"the location, about 400 meters from the center, dos allied avenue, city hall and plaza da liberdade.",nothing
portugal,comfort twin room,family,2,2022,11,8.0,very good,"restaurant, hotel",breakfast
portugal,comfort twin room,family,1,2022,12,9.0,good stay.,"it is my hotel preferably whenever i move to porto, through the location. friendliness of the staff, the comfort of the bedrooms, the excellent breakfast.",to date i do not have to point out relevant facts.
spain,comfort single room,solo traveller,1,2022,12,9.0,"gastronomy, elegance and comfort in porto.","the room was spacious and very comfortable, just like the bathroom. the bed was bigger than usual for an individual room. but the best: the views from the room and from the restaurant of the 18th floor. also very highlight: the kindness of all the staff. the restaurant, in addition to the professionalism and kindness of people, has a really good kitchen.",nothing.
spain,comfort double room,group,3,2022,12,8.0,very good,the views from the last floor,a little small room
spain,plus comfort suite,family,3,2022,12,9.0,superb,its location and facilities. the great comfort suite room.,not being able to park when doing check in in front of hotel. you have to go directly to the parking lot in front. and one of the days cleaning left a little to be desired.
portugal,comfort king double room with romantic package,couple,2,2022,11,10.0,phenomenal,"extremely friendly employees!  that breakfast lady was a spectacle, failed with nothing for our well -being! thank you very much! hotel de election on a next trip to the city of porto",no review
spain,comfort family room plus,family,3,2022,12,10.0,advisable,situation and cleaning,plugs in room are missing
spain,comfort double room,couple,3,2022,12,10.0,quiet and pleasant,its location and views from the 17th floor,no review
spain,comfort double room,family,2,2022,12,8.0,good hotel one step away from the center,quiet hotel 5 min walking the center of porto. very complete breakfast. wide and clean rooms.,the beds in general seemed to everyone uncomfortable. very hard mattress and quite uncomfortable pillows.
italy,plus comfort suite,family,3,2022,12,8.0,on the roof of porto,excellent breakfast and the room on the tenth floor overlooking the city,the carpet in the room
spain,comfort king room,couple,2,2022,12,8.0,very good,the beds are very good. improved cojins,no review
france,comfort king room,couple,1,2022,12,9.0,removing the parking all very well,large room comfortable bathroom guay. breakfast very well,parking is not within the price
poland,comfort double room,couple,3,2022,12,9.0,"a wonderful, romantic weekend","great location! very friendly service, good breakfasts. neatly furnished interiors. i highly recommend it!",the noise outside the window
portugal,comfort king room,family,2,2022,11,8.0,very good,staff excellent phenomenal view of our room,there should be a different price for the hotel guests in the restaurant and at the bar
austria,comfort double room,solo traveller,2,2022,11,9.0,superb,"the room was very comfortable and beautifully designed. the bathroom was really nice with a huge shower. the location of the hotel is very central, a parking garage (for a fee) is visible.","i didn't like the pink carpet in the hotel, otherwise everything was great."
belgium,comfort double room,couple,2,2022,11,8.0,great stay!,"very good situation, close to the metro and the center. friendship of staff. excellent value for money. panoramic bar.",no change in the toilet linen when requested. the upper shower did not work.
italy,comfort double room,family,2,2022,11,9.0,excellent choice for a visit to ricorto.,"excellent hotel, clean and quiet rooms, excellent breakfast varies with sweet and salty. excellent location, subway near direct line to the airport.",nothing.
germany,comfort king double room with romantic package,couple,3,2022,11,8.0,would stay there again but take breakfast in a small bistro/coffee in the zetrum!,"very clean, very nice reception employee, top out of the bar and restaurant (certainly the high light of the house) to reach the bus and subway very quickly and approx. 25 slow minute walk to the center","breakfast clearly. although almost everything is fine, but i expected more from a 4 -star house. but the coffee doesn't work at all !!!"
brazil,comfort double room,couple,4,2022,11,8.0,very good,quarto,breakfast employees
luxembourg,plus comfort suite,family,4,2022,11,10.0,super,"hello, frankly yes very pleasant, clean and the service very good and kind. and the 6 -star restaurant",all summer well
portugal,comfort double room,couple,2,2022,11,10.0,recommend,"very welcoming space, with excellent quality, sympathy on the part of the employees. the excellent breakfast, went to know porto and got a fantastic impression of your services. i recommend 100% thank you very much ics",no review
france,comfort twin room,group,1,2022,11,9.0,superb hotel,very welcome  well -located,everything is very good
germany,comfort king room,family,5,2022,11,10.0,exceptional,great hotel. location optimal. everything can be easily reached on foot. personnel is very friendly and helpful. restaurant and bar are great but very price -intensive. but once you should afford that. the view is awesome. breakfast was great. for everyone. gladly again.,no review
finland,comfort single room,solo traveller,2,2022,11,9.0,short city break.,the location was excellent. short walk to all key destinations and shopping area. the staff was extremely friendly and service.,"the hotel's own restaurant is quite expensive compared to other restaurants in the area. on the other hand, the restaurant has great views of the city."
italy,comfort double room,family,3,2022,11,10.0,exceptional,all position cleaning availability,no review
germany,comfort double room,couple,3,2022,11,8.0,would book again in this hotel but take breakfast in a stoss cafe,nice hotel with an outstanding view from the bar/restaurant on the roof very nice employee at the reception the breakfast was good and sufficient but i expected a little more from a 4 star hotel,the coffee from breakfast is not possible !!!! it wasn't just bad that was horrible
netherlands,comfort single room,solo traveller,2,2022,11,10.0,exceptional,it was very neat and kind. the front staff was very fluent in english and the greenman was kind. it is a hotel for 4 stars. breakfast is also delicious!,error 500 (server error)!!1500.that's an error.there was an error. please try again later.that's all we know.
portugal,comfort king room,family,1,2022,11,9.0,superb,the spacious room and cleaning.,room service limited.
portugal,comfort king room,group,2,2022,11,9.0,porto beautiful city lively,all well -heated spacious rooms excellent restaurant.,breakfast a bit lacking for the level of the structure to be improved
switzerland,comfort king room,couple,2,2022,11,9.0,great hotel in a central location :),"very clean hotel with very comfortable beds, super delicious breakfast, close to the center and nice staff. we felt comfortable. the bar & the restaurant on the 17th floor is also cool.","3 small details: -we we booked a room with a king -size bed and had 2 single beds together! -persons of breakfast is nice, but they are hectic, always jump back and forth !! (especially the lady in a suit) -parklassklimklitte (parking garage next door) is very expensive (2.5 days = eur 74)"
unknown,plus comfort suite,couple,4,2022,11,10.0,exceptional,"attitude, cleaning, service, help, rule",nothing loved everything in the center of porto near everywhere we were on foot was clean and pleasant and also a really rich breakfast
france,comfort family room,group,1,2022,11,10.0,very pleasant stay and hotel consistent with the description.,"cleanliness, comfort, quality",nothing
brazil,comfort king room,group,6,2022,11,8.0,very good,great room and excellent location,no review
portugal,comfort twin room,family,1,2022,11,10.0,"hotel very well located, with a panoramic bar with an incredible view of the city of porto","we loved the location, which allows you to explore the city on foot very easily, the comfort and decoration of the room, breakfast and bar 17, which has an incredible view of the city of porto.",no review
spain,comfort king room,group,2,2022,10,8.0,very friendly staff and good breakfast,comfort location,i would have preferred garage place in the hotel building
united kingdom,comfort king room,couple,2,2022,11,10.0,perfect for us.,"i loved breakfast, very complete, and that the hotel is near the center, 15-20min walking. highly recommended .. and of course we will return.",nothing.
spain,comfort king room,couple,2,2022,11,10.0,exceptional,"room, excellent views of the city. very friendly staff.",buffet variety breakfast
portugal,comfort king room,couple,3,2022,11,9.0,superb,"fantastic breakfast.  huge and very comfortable bed. excellent nursing. wc with very hot water, good ph and pressure. good quality of wc utensils, shampoo/softener/cream/soap/cap, etc. very pleasant luminosity. courtesy: 4 delta coffee capsules and 4 teas.  extremely well -aspired tar.  we had a very good stay that exceeded our expectation.",no review
spain,comfort king room,family,3,2022,11,8.0,very good,"comfortable hotel located 5 min from the subway and 15 min from the center, large room and very clean facilities",the repetitive and not very varied breakfast buffet. every day was full of guests
italy,comfort family room,family,3,2022,11,9.0,superb,camera,no review
spain,comfort single room,solo traveller,1,2022,10,9.0,"great stay. if i return to porto, the safest thing repeats",i loved the hotel in general. good location and facilities.,no review
italy,comfort double room,couple,1,2022,10,9.0,optimal,"excellent hotel for everyone. it has all the services that i can be useful. central and comfortable location for restaurants, services and visits city center.",no review
portugal,comfort double room,solo traveller,2,2022,10,8.0,perfect for the goal,location,no review
chile,comfort family room plus,group,2,2022,10,10.0,exceptional,the location to have a piece with three beds,"that he had carpet, looks unclear. there was a bit of moisture smell"
switzerland,comfort double room,group,2,2022,9,9.0,everything war tip top,"the rooms, breakfast and the bar were great","the check-in was cumbersome, we had to wait a long time"
spain,comfort double room,family,5,2022,8,9.0,cozy hotel in a beautiful city,the room was spacious and comfortable. everything was very clean. the very attentive staff. very good location. an excellent bar on the last floor. excellent views of the city.,nothing
france,comfort double room,couple,2,2022,10,9.0,rather well located and comfortable room,very comfortable bed. bar and restaurant at the 17th floor with beautiful view of the city,"too bad the 2 days we were there, the breakfast was noisy because there was a group that took the bus a little later."
brazil,comfort double room,couple,2,2022,10,10.0,it was worth every paid cebtavian.,parking lot in front of the hotel.,i liked everything
brazil,plus comfort suite,family,4,2022,10,8.0,"good location, pleasant room.",spacious,no review
brazil,plus comfort suite,family,1,2022,9,9.0,"comfortable room, very good breakfast.","i liked the room a very good size, because the accommodation for 3 people was not bed next to it was another environment with sofa bed and with a fully independent door and a balcony.","i arrived at night at the accommodation and had passed my card without me reaching the establishment. i complained he chose to reversal but not to have any inconvenience i left the way it was, but complained."
netherlands,comfort twin room,couple,5,2022,10,9.0,very comfortable hotel with panoramic view.,"very comfortable, large rooms with a seat in the room and a balcony. the restaurant on the 18th floor is of a very good level. also nice that there is an outdoor terrace with a great overview of porto at both the restaurant and the bar on the 17th floor.","comfortable, beautiful bathroom with a bath with shower section/rain shower. for older people, only a shower is more comfortable, but is also a suggestion and not as a negative point. hotel is not beautiful on the outside but on the inside! very satisfied."
france,comfort twin room,group,7,2022,9,10.0,"very good stay, both on the quality of the hotel and the city of porto","everything was perfect, excellent value for money",no review
peru,comfort single room,group,1,2022,10,9.0,highly recommended,"good location, friendly staff, modern facilities",does nothing happen
spain,comfort twin room,family,3,2022,10,10.0,exceptional,"cleaning, wide rooms, spectacular terrace","the bathtub was very high and although i am agile, it cost me a lot to enter and leave, they should think of. shower"
sweden,comfort single room,group,5,2022,10,9.0,very good hotel in quiet area with just a few minutes walk to the center.,very nice and helpful staff. good breakfast. restaurant including skybar on the 17th floor with great views of the city!,setting surface in the bathroom for necessity and the like. missing a comfortable chair or small armchair in the room.
sweden,comfort single room,group,5,2022,10,8.0,very good,excellent breakfast. generous opening hours,no review
italy,comfort family room plus,family,3,2022,10,8.0,very good,no review,"unfortunately the breakfast was the painful note ... both for the quality of the food, which was rather scarce, especially the desserts, both for the excessively noisy environment, and for the restive number of the dishes made available to guests. all partially compensated by the courtesy of the staff."
peru,comfort single room,solo traveller,1,2022,10,8.0,very good,the dining room,uncecated room and lobby
norway,plus comfort suite,group,3,2022,10,8.0,"traveling more than happy to return to dom henrique downtown, porto","location could have been better, there was a bit of tracing on the slopes, but suite in the 11th floor with balcony and panoramic views of the old town and the sea weighed up well for it. the breakfast was impeccable, good selection of both cold and hot including scrambled eggs and bacon. a visit to the top terrace is required. did not ate, but there was nothing to complain about the drinks. the cleaning tip top, and all the employees we support were gentle and helpful - just as it should be. all in all - good value for money in my book.",no review
spain,double room - disability access,couple,3,2022,10,9.0,great,"above all, the excellent staff of the establishment",i think breakfast could be improved: to be more varied
poland,comfort king room,family,4,2022,9,8.0,very good,"a convenient hotel with an interesting restaurant with a ""balcony"". comfortable rooms, a large comfortable bed. a big plus is the garage located right next to it. possibility to buy a subscription for three days (favorable price). a good point to explore porto.",no review
spain,comfort suite,family,2,2022,8,8.0,very good location and comfort,"breakfast is great, varied and of very good quality. we traveled three adults and reserved a suite that was like two very spacious and independent rooms, with space of being. the very friendly reception staff told us a paralysis to the car right next to the hotel, by 21 eu for two nights. from the room we could see the car. it has a spectacular terrace with oporto views.",nothing
peru,comfort double room,couple,3,2022,9,9.0,superb,"the hotel is very nice, good room and good services but it is a bit far from where everything happens",location away walking
spain,comfort double room,couple,2,2022,8,8.0,very good,"the beautiful hotel, friendly staff. the room had very beautiful views, the sunset looked. the comfortable beds.",location-price
france,comfort suite,family,4,2022,10,8.0,very good,"location of the hotel, spacious room",noisy breakfast room
spain,comfort twin room,couple,1,2022,9,9.0,pleasant,wide room. on the 17th floor you can take something and have a very beautiful view of the city.  there is a parking lot attached to the hotel that is well price.,"to say something, the carpet of the room."
kazakhstan,comfort family room plus,family,1,2022,9,10.0,exceptional,"location, good breakfast, cozy rooms, comfortable bed, spacious bathroom.",no review
mexico,comfort twin room,family,4,2022,9,9.0,superb,the hotel has a beautiful view,no review
germany,comfort king room,couple,2,2022,9,9.0,nice hotel,"nice hotel with a great view of the city, very close to the subway trindade. we had a large, beautiful room in which we felt very comfortable. the selection at breakfast was very good.",the pillows were a bit uncomfortable.
israel,comfort family room,family,2,2022,9,10.0,exceptional,large and clean rooms.  the hotel staff is very kind and does everything to enjoy the stay. a good aromic morning ministers  excellent location short walk from places  central. we loved very much!!,no review
spain,comfort double room,solo traveller,2,2022,8,9.0,good experience,hotel that looks old already but is partially renovated and has very good maintenance and cleaning. breakfast of very good quality. the cafeteria above all with very good views. friendly staff. in the room all services of 4 stars of rigor.,perhaps somewhat outdated aesthetics and the appearance of the building on the outside that is something gloomy.
germany,plus comfort suite,family,5,2022,9,8.0,average,spacious accommodation with 2 rooms very clean.,"the breakfast was very sugar -heavy. personally, i would have liked to be unsnecessary ceralies. vocide was made of whole powder, the bacon was not crispy. definitely not 4 stars!"
switzerland,comfort twin room,couple,4,2022,9,8.0,very good,- close to the center (5 to 10 minutes on foot) - parkaus (silo) next door - great view on the 8th floor from the balcony,no review
brazil,comfort king room,couple,2,2022,9,9.0,i felt at home,very good breakfast. pleasant and prestigious staff,price
brazil,comfort suite,group,5,2022,9,9.0,excellent,excellent bed.,no review
spain,comfort family room,family,5,2022,8,10.0,i would undoubtedly return!,"all excellent, a perfect location and a quality hotel. the perfect breakfast with very good coffee. we have been in the family and very broad and comfortable suite.",small tvs but it is an unimportant detail.
spain,comfort twin room,couple,4,2022,9,8.0,very good,the room  the personnel who attended breakfast,regular reception staff very lazy breakfast
united states,comfort single room,solo traveller,1,2022,9,10.0,the best of the best,excellent,"nothing, all very bn"
spain,comfort twin room,couple,9,2022,9,9.0,a very pleasant stay in porto,"everything, very good location, near the most tourist area. the room very wide and comfortable. very friendly and attentive staff. fabulous views from the 17th floor terrace and from the room.",we liked everything
germany,comfort king room,couple,4,2022,7,9.0,short trip to porto to the atlantic,"centrally located hotel, very easily accessible on foot. nice and helpful staff gives good tips. near the hotel there is a very inconspicuous but very good local restaurant, recommended - just ask at the reception.","unfortunately, the roof-top-bar in relation to the outside area is quite small, i.e. there are few places outdoors. a real outdoor breed would be nice."
france,comfort double room,solo traveller,4,2022,8,8.0,pleasant stay,"quiet, well located",no review
netherlands,comfort single room,group,3,2022,9,9.0,superb,"fantastic breakfast, friendly staff, clean and fresh room, beautiful view and centrally located.",nothing
france,comfort double room,couple,5,2022,9,8.0,very good,alright,no review
angola,comfort suite,family,1,2022,9,10.0,"great and nice, i recommend",quarto,checkout time
brazil,comfort family room,couple,2,2022,7,8.0,very good,location,cleaning and very dark rooms
spain,comfort twin room,couple,1,2022,8,9.0,superb,the room is very wide. the bed very comfortable. the views of the spectacular terrace.,the carpet of the room needs to improve.
portugal,comfort double room,family,2,2022,9,8.0,fantastic location,fantastic location. managing to do almost all the downtown of porto on foot. metro trinity near which allows you to easily go where you want metro as it is an interface season with the various lines. there is no parking lot but has mm park in front with the possibility of purchasing ticket for several days in advance for reasonable price.,nothing to mention.
spain,comfort double room,couple,1,2022,9,10.0,exceptional,the location. the deal.,no review
france,comfort double room,couple,3,2022,9,8.0,very good,friendly and available staff,old tv network and works badly  very worn bedroom flooring
spain,comfort family room,couple,2,2022,9,9.0,superb,the location and can be seen from the terrace all porto,you need an update is a bit old
denmark,comfort suite,group,4,2022,7,8.0,very good,large rooms - good location,no review
spain,comfort king room,couple,2,2022,9,8.0,very good,the very central location. quiet area with restaurants around. there is a parking parking where you can get bonds for days and leave cheap. good breakfast and staff kindness,the carpet was a little stained. the very dark halls.
netherlands,comfort king room,couple,2,2022,9,8.0,prima,"nice view, good location","not everything was clean, blood stains in bed and curtains, breakfast moderate"
italy,comfort king room,couple,3,2022,9,9.0,superb,beautiful location closely close to the center. convenience of the public parking parksilo in front of the hotel. the last 2 floors of the hotel are beautiful where the bar and restaurant with terraces with a city view are found respectively.,x
portugal,comfort double room,family,2,2022,9,10.0,exceptional,"price quality relationship, sympathy of employees, location according to the intended work,","nothing to register or declare,"
spain,comfort family room plus,family,1,2022,9,10.0,exceptional,"staff, facilities and breakfast service.","all excellent, we will surely return"
italy,comfort single room,solo traveller,2,2022,7,8.0,fully satisfying,"comfortable location to visit the city. excellent breakfast, varied, abundant and tasty. internal set -up both from the common spaces and of the very accurate, clean and modern room.",room a little too small.
belgium,comfort double room,couple,3,2022,8,8.0,very good,"cleanliness, breakfast",nothing
spain,comfort double room,couple,2,2022,9,9.0,excellent,"i liked everything: the room, the bar, the attention of the personnel with the exception of a person named antonio at the reception","the attention of mr. antonio, very unpleasant and rude his tone. very badly educated"
spain,comfort double room,couple,7,2022,8,10.0,excellent stay in a quiet and very well communicated area,"excellent location, a quiet area a few meters from the trindade metro station that has a direct connection with the airport. it is also located a couple of streets in the commercial area of   rua catarina.  broad and modern room. it has functional air conditioning and acts silently.  as a welcome gift we had water and fruit in the room. excellent buffet type breakfast the wifi is free and works correctly. the stay was very satisfactory.",no review
switzerland,comfort single room,solo traveller,2,2022,8,8.0,very good,all,"nothing, everything was great"
germany,comfort suite,group,1,2022,9,9.0,felt comfortable,next door you could have breakfast,a little far from the center.
france,comfort double room,couple,1,2022,8,10.0,exceptional,magnificent view warm and very complete room,no review
belgium,comfort double room,couple,4,2022,8,9.0,very nice stay,the kindness of the staff.  the cleanliness of the room,no review
turkey,comfort double room,family,2,2022,8,8.0,i recommend.,they upgrade and cleaning was good.,it wasn't nice that the place was carpet.
spain,comfort king room,solo traveller,4,2022,7,9.0,a dream week,"the room very comfortable, spacious and with excellent views. the bed very comfortable.",no review
netherlands,comfort double room,couple,2,2022,9,9.0,would go back,beautiful new and spacious room on 9th floor with a beautiful view nice restaurant and bar on 17th floor.,nothing
spain,comfort king room,solo traveller,1,2022,8,9.0,superb,the location,no review
spain,comfort twin room,solo traveller,3,2022,8,9.0,absolutely recommended,"even if the hotel is a bit older, it is absolutely recommended. the location is super central and therefore everything can be reached on foot. the staff was super attentive and very helpful, room with balcony and mega outlook, the roof terrace absolutely highlight. there is also a bus stop right outside the door",the place of the breakfast buffet quite small and therefore it was quite chaotic.
france,comfort family room,family,1,2022,8,8.0,very pleasant hotel but disappointing if the room is downstairs,the location near the metro and in the center. the terrace of the restaurant bar staff kindness  the room of the room,the decoration of the rooms a little aged and the gloomy view of the 2nd floor as well as the smallness of the windows
germany,plus comfort suite,family,7,2022,9,9.0,"a very good hotel, located in a good area and gives a decent value for price","excellent hotel, courteous and very services. there is a walk from the city center but is still located in a quiet and calm area. great breakfast. nice restaurant on the 17th floor of the hotel. excellent value for price.",no review
spain,comfort double room,couple,2,2022,8,8.0,very good,the location is very close to the subway,no review
spain,comfort double room,couple,2,2022,8,8.0,very good,"very attentive and friendly staff. the room very clean. we asked for a room with a balcony if there was availability and gave it to us without problem. the location was perfect,",no review
italy,comfort twin room,couple,2,2022,8,10.0,in porto with class,all,nothing
spain,comfort double room,couple,2,2022,9,8.0,close to the center,the hotel is very close to the center and is clean. the 17th floor with an impressive bar and rte,older people recommend using bus to go down to the center
russia,comfort single room,solo traveller,2,2022,8,10.0,"comfortable, stylish, convenient",stylish hotel. comfortable bed. a pleasant promat in the lobby and on the floors. beautiful bathroom.,no review
spain,comfort family room plus,family,4,2022,9,7.9,good,views,scarce gym
portugal,comfort family room plus,family,1,2022,8,8.0,very good,no review,very small double bed
spain,plus comfort suite,family,1,2022,8,8.0,very good,"it was near the city council and stores, leisure and restoration. there was public parking near.",there were works nearby and they were not well marked. they left halls on the sides and when you arrived almost at the end they had no way out.
spain,comfort king room,couple,3,2022,7,10.0,well as always.,the treatment of the staff and everything in general.,no review
netherlands,comfort twin room,couple,3,2022,8,8.0,nice room and good location,the location within walking distance around 15 minutes from the old center and directly located at the nearby (public) parking garage. the hotel is quite old but well renovated. the room and shower were playful and not standard classified and we had a large balcony. two small skybars.,nothing
france,comfort double room,couple,1,2022,8,10.0,exceptional,top,no review
spain,comfort double room,couple,1,2022,8,9.0,superb,the spectacular terrace  excellent staff. very comfortable rooms,no review
mexico,comfort single room,solo traveller,3,2022,8,9.0,bueno,the location,the room was very small
germany,comfort double room,family,4,2022,8,8.0,very good,"compared to breakfast, i clearly ordered breakfast. unexpectedly, i arrived at the hotel and said that my room rate does not include breakfast. i can only pay for it myself. for example, for breakfast, children also charge full price, which is too unfair. breakfast is too expensive! ! ! ! the location cannot be said to be too good. that's all.",no review
spain,plus comfort suite,family,1,2022,8,9.0,superb,"well located, broad rooms (we had double and suite, both very wide), very nice rooftop bar",no review
spain,comfort single room,solo traveller,3,2022,8,9.0,porto is still wonderful,very central good breakfast very friendly staff,"obsolete gym stairs to access and unusable ramp for suitcases and disabled people,"
spain,comfort double room,couple,1,2022,8,10.0,exceptional,quality facilities staff care,no review
france,comfort double room,family,1,2022,8,8.0,very good,the panoramic bar otherwise nothing special,although it is forbidden to smoke in the certain rooms does not hesitate to smoke on the small balcony of my room suddenly the odors arrive in the neighboring rooms
italy,comfort single room,solo traveller,4,2022,8,10.0,highly recommended,"excellent hotel in porto, spacious and clean bedroom and bathroom, top floor restaurant with breathtaking views and excellent dishes and service, 15 minutes maximum and you get to the center what do you ask for better? 10+ in all",no review
spain,comfort king room,couple,4,2022,8,9.0,very comfortable. i would return without thinking about it.,the wide and comfortable fabulous room.,the quality of breakfast products.
peru,comfort single room,solo traveller,2,2022,8,8.0,good,"normal breakfast; information to tourists, regulate the",no review
portugal,comfort single room,solo traveller,5,2022,8,9.0,superb,"the slight problems that arose were soon solved. very central location. very professional, worthy and friendly staff. simple and comfortable furniture.",the streets on the streets are very beautiful but slippery. but this is not about the hotel.
germany,comfort family room plus,family,3,2022,8,10.0,perfect,"we had a family room, were big enough, clean and a wonderful view of the city.  the hotel was very central, you could all walk very on foot  achieved well and further routes could be well  reach the metro.  we can definitely recommend the hotel!",the price should include breakfast in the price be.
portugal,comfort double room,couple,1,2022,7,9.0,superb,does the restaurant have a view? it is very good,no review
spain,comfort double room,couple,3,2022,8,10.0,very good stress near the center,"the room and the terrace, its quiet location but near the center. very friendly staff. the restaurant is a bit expensive but delicious.",no review
spain,comfort double room,family,1,2022,8,10.0,advisable,"all. spacious room, comfortable bed, great bathroom. location at the foot of public parking and subway station. the views from the bar on your 17th floor are spectacular.",nothing
denmark,comfort double room,family,4,2022,8,9.0,superb,alt.,no review
italy,comfort double room,couple,3,2022,8,8.0,very good,no review,absence of bidet and aspirator in the bathroom
angola,comfort king double room with romantic package,couple,1,2022,7,10.0,exceptional,i loved the fourth c panoramic view 360 deg. food is fantastic the location is fabulous,because it does not have its own parking lot.
austria,comfort twin room,couple,4,2022,8,9.0,superb,personal very helpful. great view. change of room after a night (14th floor with balcony) instead of 3.,hard way to hang out wet things
spain,comfort double room,family,3,2022,8,10.0,exceptional,"the very good location. the terrace on the 17 small floor, but with very good views. very attentive and pleasant staff. good hotel !!",no review
spain,comfort double room,couple,1,2022,8,9.0,brief but delighted,perfect room and bathroom too,somewhat hard pillows
spain,comfort family room,family,3,2022,8,8.0,good location good breakfast,the very good location and very good and abundant breakfast,i did not like the ground that is carpet
italy,comfort family room,family,1,2022,8,9.0,good ratio between price and quality of the stay,"professionalism, attention to detail and an excellent breakfast",no review
spain,comfort family room plus,family,4,2022,7,10.0,exceptional,we were staying on the 12th floor. everything perfect!,no review
france,comfort double room,couple,3,2022,8,8.0,a pleasant stay,well located hotel to be quickly in the historic center. superb rooftop pleasant staff comfort the gourmet restaurant and its very professional staff,only less pleasant point: the organization of breakfast with a buffet lacking space to allow easier traffic.
russia,comfort single room,solo traveller,1,2022,8,10.0,exceptional,hersey,nothing everything is super
spain,comfort double room,family,2,2022,8,10.0,we would repeat experience,facilities and personnel at the height. they reformed the building and they were very good.,"maybe the location could be improved. the hotel is the best in the area. there are many streets that seem abandoned, but this is extended to much old town."
spain,plus comfort suite,family,3,2022,8,9.0,very good,perfect.,room in the room
brazil,comfort double room,couple,3,2022,8,10.0,very beautiful!,of the comfort of the hotel and breakfast (breakfast). location distant but pleasant to get to know the streets full of trade along the way. great bar restaurant with panoramic views.,no review
spain,comfort family room,family,3,2022,8,10.0,exceptional,"ideal location. you can get walking to the center in 15 min. also stop metro (direct to pont luis i) to 4 minutes walk. parking good price right in front.  correct restaurant or cafe bar for tapas on the 17 floor with spectacular views. large family rooms with 2 authentic separate rooms. it is reformed, and clean.","the carpet and decoration quite dark corridors, but it goes to taste ..."
france,comfort double room,couple,3,2022,8,9.0,superb,breakfast  the welcoming staff,the bed is really not comfortable it is not  possible to have that in a hotel
france,comfort double room,couple,2,2022,8,10.0,very good and pleasant stay,very well located and large room with balcony and beautiful view,no review
france,comfort king room,family,3,2022,8,10.0,a birthday full of attentions,the hotel is very well located  very trendy decoration  the view is splendid  the rooms are spacious and comfortable,we liked everything
spain,comfort double room,couple,3,2022,8,9.0,superb,breakfast was great.,"the hotel is a bit separated from the center, but with a small pleasant walk you approach"
spain,comfort double room,solo traveller,1,2022,8,8.0,very good,"everything correct, i was how much years and happy. the great location, in five minutes you are in the center. there is a parking lot,","it's a bit old, but very clean"
spain,comfort double room,couple,2,2022,8,8.0,very good,the views,room size it was very small.
brazil,plus comfort suite,family,2,2022,8,9.0,excellent,beautiful hotel,nothing to declare
spain,comfort family room plus,family,1,2022,8,8.0,it has no very good breakfast parking,"the room was very quiet, it was very comfortable. the extremely friendly reception staff. breakfast very good and complete.","it has no parking. it has a nearby municipal parking, but it is not the hotel parking."
portugal,comfort double room,family,1,2022,8,9.0,"in the city center, but far from the confusion.","the dom henrique hotel offers an excellent quality-price relationship. ideal for those looking for a good service, in a hotel located in the center and with a significant story that dates back to the time the port was not yet one of the fashion tourist destinations. even the building, a tower close to that of jornal de noticias and not especially beautiful, has become, over the years, in an emblematic element and, in its way, the indispensable element of sky llne from invicta. the restaurant, located on the last floor (the 17th), features a competent service and stunning views, being today a true classic of the city. finally, the dom henrique hotel's breakfast is truly excellent when compared to most foreign hotels with similar classification. definitely a hotel to recommend.",no review
spain,comfort family room,family,4,2022,8,10.0,"fantastic hotel,","the family room is fantastic, a separate room for marriage, with tv in each room, the room for children has two separate beds.  buffet breakfast is very good, natural orange juice i think that difference in breakfast.  it is near the center, less than 10 minutes walking to the city council and far enough to make it a quiet area at night to rest.  the terrace has spectacular views.",no review
spain,comfort twin room,family,2,2022,8,9.0,superb,"modern structure, excellent location, parking on the side, very nice panoramic bar, large rooms, clean",the part of the gluten -free products of the breakfast buffet can be improved.
spain,comfort family room plus,family,3,2022,8,9.0,4 days as a family.,location and comfort of the beds. very very agricultural on staff,somewhat short breakfast in variety.
spain,comfort double room,family,1,2022,8,10.0,marvelous,"the incredible, spacious and beautiful room, all very clean   the entire great building and charming workers",all perfect
spain,comfort double room,couple,3,2022,8,10.0,exceptional,location and reception staff,the bathroom was very small.
spain,comfort double room,solo traveller,1,2022,8,10.0,perfect view and stay.,10!,no review
spain,comfort twin room,couple,1,2022,8,8.0,good hotel to rest.,good location.,"it does not have its own parking and it is a very complicated area to find a place in public parking. there is a very good parking lot next to the hotel, but when we arrived it was complete."
germany,comfort double room,couple,2,2022,8,8.0,very good,the location and especially the bar,the breakfast room is too tight and that's why it is loud in it
portugal,comfort double room,couple,1,2022,8,8.0,more or less,we don't have breakfast,very soft cushions of the view
spain,comfort double room,couple,4,2022,8,9.0,superb,staff treatment. very comfortable bed and pillow. its location.,"size room size.  bath and room light. breakfast, always the same."
spain,comfort king room,family,2,2022,8,9.0,miy sgraable stay,all good in general,everything was fine
morocco,comfort king room,solo traveller,1,2022,8,8.0,very good,"although it is an old hotel, i wanted a room with a great view, and they came with a balcony on the 12th floor, giving it a panoramic view of porto. if i were to be greedy, the old town would have been better. it was a 4 star but the bellboy carried me my luggage and there was a comfortable stay with water and apple service. it's a high-rise building, but there are three elevators so i didn't have to wait much. the shower water pressure and wifi were fine. the only thing i knew was that it was just a few minutes' walk from the station, and the elevator was able to get off to the platform, and there was only one stop to the airport. you can walk down to tourist spots.",the sad thing was that the bathroom was not well cleaned and a lot of the hair of the guest in front of them fell on the floor.
spain,plus comfort suite,family,4,2022,8,9.0,superb,very comfortable hotel. very professional and very attentive people. the recommended hotel restaurant.,no review
chile,comfort double room,couple,1,2022,8,10.0,exceptional,"location, quality of rooms and services. excellent.",that does not have parking
france,comfort double room,family,2,2022,8,8.0,very good stay... we will come back!,"its location, the panoramic terrace, the staff ... and breakfast",the location of the room between two elevators and wifi (difficulty connecting)
luxembourg,comfort double room,couple,2,2022,8,8.0,very good,the grand view on porto of the bar/17th floor restaurant. friendly and considerate staff.,no review
germany,comfort double room,couple,2,2022,8,8.0,"nice, cozy stay","very large, clean room!",at breakfast there were often things like purple or cutlery sold out very quickly and the staff hardly came after.
germany,comfort double room,solo traveller,6,2022,8,9.0,superb,"pleasant atmosphere, friendly staff, consequent rooms.",no review
italy,comfort double room,family,2,2022,8,8.0,"structure just out of the start of the center, very close to metto. the service is appropriate to the hotel level and l","position, cleaning and service","structure in part to be towed, but comfortable"
argentina,comfort suite,family,2,2022,7,10.0,excellent place !! i would come back again,excellent breakfast and unbeatable location,the only thing i didn't have a garage
denmark,comfort double room,couple,2,2022,8,9.0,superb,"a great place, good service and cannon view from restaurant/bar on the 17th floor. breakfast was reasonable.",no review
france,comfort family room,family,3,2022,8,8.0,very good,the location is ideal 2 steps from the city center hotel staff at the reception are very kind and helpful.,ras
portugal,comfort double room,couple,2,2022,8,8.0,very good,location and professionalism and kindness of hotel staff,nothing
netherlands,comfort double room,couple,2,2022,8,8.0,good place to visit porto for a day.,location. excellent breakfast. friendly service.,no private parking space.
brazil,comfort double room,couple,4,2022,8,10.0,recommend,"all services were excellent, excellent breakfast",no review
france,plus comfort suite,family,3,2022,8,9.0,superb,emplacement,hard mattresses and not comfortable extra bed
switzerland,comfort double room,group,2,2022,7,9.0,great hotel with a beautiful view of postage!,"very good location. the trindade metro station is only a few minutes away from the hotel. the rooms are clean, modern and functional. air conditioning is also available and very useful, especially in summer. the rootprest restaurant in the hotel is certainly the highlight. from there you can enjoy a wonderful view of porto. reserving beforehand is worthwhile, since the number of places is limited and the restaurant is also happy to be visited by other guests. the bar is also very cozy. good breakfast buffet.","the place at the breakfast buffet is a bit tight, especially when many people are there at the same time."
france,comfort double room,couple,1,2022,7,9.0,superb,very well located and beautiful view of the city,a little cold staff
switzerland,deluxe panoramic suite,couple,2,2022,8,8.0,very good,"exceptional panoramic room, top breakfast. proximity to the trindad metro. we had a great stay",nothing
france,comfort family room plus,group,1,2022,8,10.0,exceptional,the room was very spacious and clean accessful services and staff,no review
unknown,comfort double room,couple,4,2022,7,9.0,superb,the terrace of the room,everything has been perfect and
france,comfort king room,couple,2,2022,7,10.0,exceptional,all,no review
angola,comfort double room,couple,1,2022,5,8.0,excellent,all,nothing
spain,comfort double room,couple,1,2022,8,8.0,very good,location and the desjuno,nothing
france,comfort twin room,family,1,2022,7,9.0,"wonderful hotel, central and great performances.",the central position of this hotel makes it a visit to porto on foot with dreams. the 17th floor restaurant is a wonder both for the view and for what you eat.,no review
germany,deluxe panoramic suite,couple,4,2022,7,8.0,good hotel for city tours when staying with a car,"the view from our room 1603. we first got room 1601. however, this does not really have the panoramic view, but only looks at the parking garage. after complaint we got a better room (1603). you can park in the silo auto opposite the hotel. be sure to exchange the parking ticket for a multi -day ticket. otherwise the parking garage is overpriced.",i can't think of anything.
portugal,comfort double room,family,3,2022,7,8.0,very good,"hotel well located, very polite and attentive team. spacious and clean room. comfortable beds and scarf.","the bathroom was a problem in the drain that made it difficult to flow after bathing. however, it did not affect the experience as the whole."
spain,comfort single room,solo traveller,3,2022,7,8.0,porto is still wonderful,natural orange juice at breakfast. room views. staff kindness,stairs and bad ramp at the entrance
italy,comfort king double room with romantic package,couple,2,2022,7,8.0,very good,"breakfast, staff, room size",the room would need a restyling
chile,comfort double room,solo traveller,4,2022,7,10.0,i recommend this hotel 100%. very friendly and accompanied staff. thanks and i hope to return!,very good and the magnificent location.,no review
brazil,comfort family room plus,family,2,2022,7,8.0,very good,all well evaluated,not having a proper garage.
portugal,comfort twin room,couple,2,2022,7,9.0,very functional hotel in the city center,"modern hotel in the city center. we had a spacious, quiet and well -equipped room with a balcony. very good breakfast. at the foot of the hotel there is a paid parking park (economical when paid right on the chaggy).",nothing to mark.
argentina,plus comfort suite,family,3,2022,7,9.0,superb,comfortable room and very nice terrace bar,no review
spain,comfort family room plus,family,2,2022,7,8.0,family week,"they put us in a family room, with two very wide rooms and each had the same equipment  very wide sink and terrace","the price of breakfast, next door is black coffee, that an extraordinary family breakfast, it costs you half and serve you at a table"
denmark,plus comfort suite,family,1,2022,7,8.0,very good,"nice breakfast. fine and clean room, good beds.",no review
brazil,plus comfort suite,family,4,2022,6,10.0,very good!!!,all,does not apply
colombia,comfort king room,couple,5,2022,7,10.0,very good hotel in porto,"everything, location, comfort, price, breakfast",all perfect
france,comfort double room,couple,8,2022,7,8.0,very nice hotel for our 4th visit but a downside for the cleaning this time,the location the rooms  the roof top (bar and restaurant) the staff,household cleaning
france,comfort king room,group,3,2022,7,10.0,motorcycle trip with friends,spacious room  very complete breakfast bar and restaurant with incredible panoramic views,nothing
germany,comfort double room,solo traveller,3,2022,7,8.0,very good,"nice and friendly staff, good diverse breakfast and a great view of the 17 floor and very good and inexpensive food on the 18th floor.",no review
germany,comfort king room,couple,9,2022,7,8.0,very good,except for the english breakfast (beans and bacon) everything was very good. the staff was helpful and friendly and the hotel has a good starting point to explore the city.,beans n bacon at breakfast
belgium,comfort double room,couple,1,2022,7,9.0,decouverte de porto,very pleasant staff comfortable and clean room. impeccable service,"location, a little far from douro (30min) a little far to eat there too."
spain,plus comfort suite,family,1,2022,7,9.0,comfortable and practical,very complete breakfast. near the center and very attentive staff.,no review
colombia,comfort double room,couple,2,2022,7,9.0,superb,good attention,no review
germany,comfort family room plus,family,4,2022,7,8.0,very good,location is okay. view in the 13th floor top.,"unfortunately, the bar on the roof can only be used after a reservation and then very early. here would be more spontaneity, especially for overnight guests, or clear separation in advertising."
france,comfort family room plus,group,1,2022,7,9.0,superb,"the location, eat on site with an upper view of the city, clear view. pro i metro",in the family room with 2 bedrooms there is no electrical outlet in one of the rooms to recharge telephone....
italy,plus comfort suite,family,1,2022,7,8.0,great location ....,la..position,the carpet everywhere .....
spain,comfort single room,solo traveller,5,2022,7,8.0,very good,beautiful oporto views from the room 15th. cleaning and kindness of the staff,the room was small thing to move. there is no place to place clothes in the closet very narrow and very small.
costa rica,comfort double room,couple,4,2022,7,10.0,excellent. 100% recommended,all,everything was very good
italy,comfort single room,group,1,2022,7,9.0,"excellent location, cleaning and rich breakfast.","very clean and elegant rooms, with beautiful view on porto. excellent, varied and abundant breakfast. well -furnished and elegant common areas. excellent location to visit the city center and a stone's throw from the metro to the airport.",no review
lithuania,comfort double room,couple,3,2022,7,10.0,"first time porto- i really liked people's mood, smiles, the bustle of the old town",hotel in the very center next to the main square. puki open space on the 17th floor,the view may not be enough from the hotel window. i would recommend collecting rooms from 7-8 gold
germany,comfort double room,group,3,2022,7,8.0,relaxed city trip with a suitable hotel,"spacious, clean room rooftop bar friendly service good breakfast good location",reservation regulation of the rooftop bar
qatar,comfort double room,couple,1,2022,7,8.0,very good,the terasse in the 17th,all ok
spain,comfort double room,couple,3,2022,7,10.0,exceptional,all,there was no parking lot
spain,comfort twin room,couple,4,2022,7,10.0,exceptional,"staff treatment, wide rooms and restaurant","the little amplitude of the hotel, very narrow. it is in a difficult slope to climb."
austria,comfort double room,couple,1,2022,7,9.0,ideal when you are traveling by car,"great hotel bar, however, a reservation is required for restaurant; central location, parking garage next door (ticket for eur 13/day)","breakfast was ok, but the terrace was not very inviting"
spain,comfort double room,group,1,2022,7,8.0,very good,no review,small room
france,comfort double room,solo traveller,4,2022,7,8.0,good .,the restaurant terrace,it was dificil that communicating french
italy,comfort single room,solo traveller,4,2022,7,9.0,superb,the location near the center and the metro very kind staff excellent air conditioning system well adjustable,small rooms there is no support for the suitcases
morocco,comfort double room,couple,2,2022,7,9.0,successful stay in porto. deserves to be revisited because there is still a lot to discover,"comfort, proximity to the historic center and public transport. the consistent breakfast, the exceptional and warm welcome of the staff. the restaurant bar.",the absence of a balcony or small terrace
french polynesia,plus comfort suite,family,4,2022,7,8.0,"very pleasant, i will come back","pleasant room with a view / bar with very varied view / breakfast / no expectation either at recording or elevators, everything is fluid.",no review
france,comfort double room,solo traveller,1,2022,7,10.0,parfait,breakfast and rooftop,pillows
spain,comfort double room,couple,2,2022,7,9.0,"good location, good and varied breakfast. elegant hotel",abundant and good breakfast. very good location. the excellent room touched us a equipped balcony.,no review
spain,comfort double room,solo traveller,1,2022,7,8.0,very good,the staff and especially the bar and restaurant on the 17th floor,no review
brazil,comfort king room,couple,2,2022,7,10.0,"excellent hotel, comfortable, well located, worth the price.","i liked the room, location, breakfast and employees. restaurant 17 has a wonderful view of the city. but it is necessary to reserve in advance.",the wi-fi signal was weak and sometimes it didn't work well in the apartment.
brazil,comfort suite,group,2,2022,7,10.0,perfect,everything was in the expected,everything was great
france,plus comfort suite,solo traveller,2,2022,7,9.0,superb,"restaurant with a panoramic view of the fantastic city, and a very successful kitchen with good fresh products and qualities. impected table service. the bar a floor below the restaurant is comfortable and welcoming, with a card for small appearances completely honest, and good. the bartender will be delighted with one of his cocktail not to be missed. charming, attentive and listening staff. breakfast although having no particular fantasy and a coffee powder, is very complete, has a lot of choice, and is of good quality. the 10th floor room was a more, spacious, comfortable junior suite, with a terrace and a very nice view of the city. the hotel situation is perfect for walking walks towards the center of porto. all for a very reasonable value for money.  it should be noted that the hotel is of a rather international and modern style, more than endowed with a typical charm in its locality.",no review
portugal,comfort king room,couple,4,2022,7,8.0,optimal,all,no review
norway,comfort double room,couple,7,2022,7,8.0,very good,got upgraded the room when we were going to be there for a whole week. balcony and air conditioning,stains on the carpet should have been cleansed away
switzerland,comfort double room,couple,2,2022,7,8.0,very good,nearby parking - bedroom and bathroom very well -  organization of very professional breakfast with competent and very friendly staff.,no review
spain,comfort king room,family,2,2022,7,8.0,very good,"large room, big bed and good situation",parkin was not at the hotel was a few meters and public
canada,comfort single room,solo traveller,4,2022,7,10.0,"excellent stay, two street corners of the rua santa catarina, and less than a kilometer from the city center","the view of the 17 ieme floor, where the bar and the restaurant are located.",air conditioning did not work
spain,comfort double room,couple,2,2022,7,9.0,superb,the terrace of the floor 17. spectacular views,the prices of the cafeteria. a coffee cost eur 3.5
brazil,comfort family room,family,2,2022,7,10.0,excellent hotel !!,"excellent room, everything perfect!",no review
netherlands,comfort king room,couple,4,2022,7,10.0,"in retrospect, we made the right choice by booking this hotel.","combination of the whole, good hotel, good rooms, friendly and helpful staff, good breakfast. good location compared to metro and bus",nothing
france,comfort twin room,group,2,2022,7,9.0,"i recommend this establishment which is very comfortable, beautiful stay.","the considerate and very pleasant staff, the spacious room, the comfort of the bedding, the panoramic view of the restaurant.","the view of our room in a dilapidated parking lot, but this is the risk of the city center, namely that the fastest will have the best views."
portugal,comfort double room,couple,1,2022,7,8.0,very good,"location, view of the 17 floor port",no review
spain,comfort suite,family,3,2022,7,9.0,superb,very friendly staff food room very nice upper terrace with good restaurant and views,the building on the outside a little old
spain,comfort single room,solo traveller,2,2022,7,8.0,very good,no review,the room too small.
spain,comfort double room,couple,2,2022,7,10.0,exceptional,a terrace with wonderful views and meter nearby.,no review
france,comfort king room,couple,3,2022,7,10.0,"super stay, comfortable, well placed, calm, very caring staff.","the welcome, the simple but sufficient breakfast, the bedding was perfect for us, the air conditioning, the room was really superb, our plane was shifted very early in the morning for our return, the hotel prepared us what breakfast before leaving. nothing to say we recommend! drinking a blow to the 17th floor was really great, and the dinner was good, really great. we also used the gym which is small but for me completely functional.",the only thing would be the cleaning only of a small part of the bathroom: when we arrived behind the bathroom door it was not cleaned. nothing is serious of course. the rest was nickel.
italy,comfort double room,couple,2,2022,7,9.0,excellent stay,excellent breakfast. very convenient location to reach the center and a short distance from the subway. very clean room.,the bidet is too close to the shower. we must be contortionists to use it.
france,comfort king room,family,4,2022,7,10.0,exceptional,"excellent welcome, excellent breakfast buffet",no review
spain,comfort double room,group,5,2022,7,9.0,nice and comfortable,good situation  17th floor terrace with good views,no review
france,comfort king double room with romantic package,couple,7,2022,7,10.0,very pleasant stay thanks to the welcome to the staff at. listening seeking to satisfy thank you,simple but complete not satisfactory pastries,viennoiseries
france,comfort double room,couple,3,2022,7,8.0,very good,"spacious rooms with beautiful bathroom. we were on the 12th floors, with a breathtaking view of porto. good soundproofing of the rooms. the breakfast was of quality. a public parking is located just opposite the hotel for 15 euros per day (3j package for 30 euros).",not much to say
france,comfort king room,family,4,2022,6,8.0,pleasant,breakfast was excellent.,"the catering service at the bar leaves something to be desired, we were served as cold food when we asked for very hot soup. it was necessary to return the soup twice to possibly have a lukewarm soup. the person at the bar who was preparing the notes seemed not to master his cash register. if we had been dishonest we could not have paid several consumption. we had to explain everything to him ..."
portugal,comfort king room,couple,1,2022,7,9.0,optimum,of the comfort of the rooms and the location of the hotel.,"nothing much, but we find it funny the service of the bar staff. a group of pregnant guests came in, who should be coming from a party congress, and all customers who were sitting on the hotel terrace, they were overcome by the men in handle, as the employees immediately attended the exalous entities, referring to the calendar all other guests who were already installed on the same terrace. an episode with very little importance that does not remove quality or comfort to the hotel is a typically portuguese feature, even less and less frequent, but from time to time we are still toasted with these rurality and underdevelopment.  how is it usual to hear: its very typical."
netherlands,comfort double room,couple,7,2022,7,9.0,perfect,"everything was great. the hotel is super located in the city. you stand on the quay of the douro river on the quay. the staff is very friendly and nothing is too much. from the hotel you have a super nice view of the city. the rooms are spacious, clean bathroom and wonderful bed. you are not bothered by traffic or other people who sleep in the hotel. in short, highly recommended! we had a great time.","in fact, we don't have anything that we didn't like. the only thing that might be even better is if the tv can be connected to the phone, but that is really a luxury problem haha."
portugal,comfort king room,couple,1,2022,7,8.0,very good,reception service,service at the bar and restaurant. worse than being answered in a tasca.
belgium,comfort double room,couple,2,2022,6,9.0,very good hotel with a view and super good restaurant.,"reception super good, piccolo helped immediately upon arrival and departure. reception very friendly. very good restaurant with beautiful views of the city. close to metro and at car rental company.","yet at some walking distance of the historic center, especially the way back is up. breakfast was a little less choice. (especially since the restaurant is so good, this is a disappointment)"
canada,comfort double room,couple,4,2022,7,9.0,beautiful stay!,size of the rooms and the double occupation bed. the 17th floor restaurant offers a super nice view. the public parking lot next door.,"a little far from the water's edge, where the action is."
germany,comfort king room,couple,4,2022,6,8.0,very good,breakfast and location were great.,no review
unknown,comfort single room,solo traveller,1,2022,7,9.0,comfortable hotel with great view,"very comfortable beds with good pillows, great views from the upper floors on postage, very good breakfast and nice staff. location good central. roof terrace also nice with a unique view.","light conditions in the bathroom and room could be a little better, difficult to make up :)"
china,comfort double room,couple,2,2022,7,8.0,very good,"overall very well, welcoming staff, impeccable cleanliness and generous and varied breakfast.","a downside, the noise of traffic very present (room on the 8th floor) and the television of a neighboring room."
canada,comfort double room,solo traveller,2,2022,7,8.0,very good,its location,the carpet in the rooms
italy,comfort single room,solo traveller,1,2022,7,8.0,very good,"impeccable hotel. small but clean room, comfortable bed. silent environment. very close to the trindade metro to reach the airport. my offer did not foresee breakfast.",no review
san marino,comfort king room,couple,1,2022,7,8.0,very good,"king room 15 floor, beautiful large comfortable",no review
brazil,plus comfort suite,family,3,2022,7,10.0,exceptional,licalization,no review
mexico,comfort king room,couple,1,2022,7,8.0,very good,"quality price to limit, but well","he says he has parking and it is not true, he has one next to him."
germany,comfort double room,couple,2,2022,6,8.0,he was really relaxing and beautiful,the location and friendliness of the staff also of course also the terrace with a restaurant,the fitness center cannot really be called a fitness center
czech republic,comfort family room,family,1,2022,6,10.0,exceptional,location,no review
france,comfort single room,group,5,2022,6,9.0,very comfortable and clean hotel,"its restaurant on the last floor. very classy,   but unfortunately we were placed inside. could not take advantage of the view.","the service in the restaurant, too cold."
brazil,comfort single room,solo traveller,3,2022,6,9.0,superb,accommodation,front desk
portugal,comfort twin room,family,3,2022,6,9.0,i will return to the hotel without a doubt.,"the location of the hotel and the variety of breakfast lunch, as well as the sympathy of the reception employees.","the small size of the breakfast room. the location of the dishes in a place only and with little space, reducing the fluidity of the self-service."
israel,comfort family room plus,group,1,2022,6,9.0,superb,"really excellent location, very close to the pedestrian and mall many cafes and restaurants around the hotel and on a 15-20 minute walk from the river and bridge to gaia",no review
mexico,comfort family room plus,family,2,2022,5,10.0,"very close to the port, it's about 10 minutes walked",all good,nothing
france,comfort suite,family,3,2022,6,8.0,parfait,spacious and very clean room!  breakfast: ras - continental - no more value pasta de nata excellent nevertheless,road noise
switzerland,comfort twin room,group,1,2022,5,9.0,recommended city hotel,"friendly staff, good breakfast. public parking garage right next to the hotel at favorable conditions",no review
argentina,comfort suite,couple,2,2022,6,10.0,very good,"the super great room, very comfortable. the location is very good. the most lazy breakfast. comfortable parking in front.",no review
france,comfort family room,group,2,2022,6,8.0,intense,"the situation. very close to the historic center. the room, with balcony. the roof terrace",lack of socket in the rooms. price of the transfer airport hotel very expensive 45 eur. prix divided by 2 with a taxi on return !!
argentina,comfort twin room,family,3,2022,6,8.0,very good,very attentive and helpful staff. very comfortable rooms,no review
belgium,comfort double room,couple,3,2022,6,8.0,very good,"very pleasant hotel, very smiling staff panoramic view of the city on the 17th floor","just the variety of breakfast which after 3 days remains classic, for the rest, nothing to say, superb hoteloid"
south korea,plus comfort suite,group,3,2022,6,8.0,very good,"inside the chairs there is a beautiful view of the city. a good location, on foot did not go to the railway  breakfasts are good, tasty, but muply greenery.","they did not bring water when i called that there was no water in the room, they brought a 0.5l bottle and for payment of 7.5 euros :(  on the last day, they already brought water"
portugal,comfort double room,couple,1,2022,5,8.0,excellent location!,"they upgrade from the bedroom, which was great: bedroom and living room. excellent location, near the center and the nearby parking park is very convenient.  very good breakfast.","despite the upgrade, i was on a lower floor which did not please me due to the noise of buses early in the morning. should remodel the rooms that are dated."
france,comfort double room,couple,7,2022,6,8.0,comfortable and very clean hotel,very varied and generous buffet breakfast,"the panoramic restaurant on the 17th floor which is offered from our arrival  we booked tuesday for saturday evening  bad surprise when arriving  we were placed in the middle of the room without any views  too bad: we left  another negative little point: the hotel is really at the top of porto, a little far from the hotel center"
switzerland,comfort king room,couple,2,2022,6,8.0,large chamber - but the whole common infrastructure is underdimensive,"large room, large balcony (but not very pretty - than concrete), beautiful view. calm.  breakfast: fresh fruit (pineapple, oranges, grapefruit, kiwis - but only if we arrive just after replenishment!). different breads. situation: practice to go to the airport (trinidad station is close).","reception: completely undersized. the poor receptionists did not smile in their little dark corner. breakfast room on the ground floor: totally undersized. it looks like a tokyo station.  breakfast: the poor employees ran in all the senses to replenish the buffet. only a coffee/tea machine (for a hundred rooms !!!) bar on the 16th floor: there are 4 small tables on a tiny terrace !!! restaurant on the 17th floor: we could not supper there, because all the tables were reserved for the following two evenings. the whole ""common"" infrastructure is absolutely undersized."
switzerland,comfort double room,couple,2,2022,6,10.0,exceptional,well located and welcoming staff,no review
canada,plus comfort suite,couple,8,2022,6,9.0,exalent hotel,"development and staff service, terminal for practical taxi",small tv and no station in french
guadeloupe,comfort family room,family,2,2022,6,9.0,restaurant extra !,the restaurant on the top floor! a pure treat!,the hotel has no parking ... but there is a paid parking lot next door.
austria,comfort double room,couple,3,2022,6,9.0,you feel very welcome,"the bar on the roof is really very nice, with a great view over postage",the beds are quite narrow
hungary,comfort double room,group,3,2022,6,10.0,exceptional,"the staff is very kind and helpful, the hotel was stylish, the room was very nice, comfortable and clean. breakfast is abundant, the staff is constantly watching what has been lost and is replaced immediately. the rooftop bar was fabulous! overall, we are very satisfied, it was a good choice to take here!",no review
france,deluxe panoramic suite,couple,3,2022,5,9.0,superb,"perfect restaurant, beautiful view especially at night, spacious and clean room.","just miss a card with a little more local specialties, otherwise it was still good ..."
austria,comfort king room,family,3,2022,4,9.0,perfect location if you want to explore postage on foot and appreciate a large room,"central location, great view from the roof terrace, very large room, free welcome drink in the bar on the roof",no review
brazil,plus comfort suite,family,1,2022,5,10.0,"excellent stay, close to everything we needed, well located.",everything was very good.,nothing
spain,comfort double room,couple,3,2022,6,8.0,very good,"great location, close to everything and super, super friendly staff. they explain and help you in everything they can","cleaning rooms and bathrooms, these in turn are a bit old"
spain,comfort twin room,group,2,2022,6,9.0,superb,the room is wide with good views and very clean. the comfortable beds.,"although it is close to santa catarina, it is not so much from the historic center. to go, no problem. to return, it is uphill."
peru,comfort family room plus,family,1,2022,6,8.0,comfortable and adequate,buffet breakfast is not respected biosafety measures.,food and biosafety standards and have more umbrellas available. to leave things when we arrived it was complicated because they do not have a download zone.
israel,comfort double room,group,1,2022,6,9.0,"good hotel, good value for price and all attractions within walking distance.","excellent hotel, large and cozy rooms, we were accepted with fruits and a bottle of mineral water. the room was ready in advance and overall was a good experience. the hotel staff is kind and near the hotel with a really good burgers.",no review
portugal,comfort family room,family,2,2022,5,9.0,being out and at the same time feeling at home.,excellent hotel. i intend to go back.,no review
brazil,comfort suite,group,2,2022,5,10.0,the stay was very good. very attentive employees.,"i liked the service, location and breakfast.",i don't remember anything
netherlands,comfort twin room,group,4,2022,5,8.0,it was a successful stay,the rooms and the balcony,the breakfast was too expensive and it was disappointing
france,comfort double room,family,1,2022,6,8.0,very good,"sight, cleanliness, staff",no review
switzerland,comfort double room,family,3,2022,3,9.0,highly recommended hotel with a wonderful view of postage,"perfect location, unique roof terrace with a view of the city .. very good food in the restaurant.",no review
czech republic,comfort king room,couple,3,2022,5,8.0,"overall, i recommend - serious quiet accommodation.","the hotel is located in a high -rise building with a total of 17pats. we had a room on the ninth floor where it was really quiet. the room was clean, spacious, really comfortable were large beds. thanks to the construction of the building, the rooms have interesting shapes. we had the accommodation with breakfast - it was really worth it ... perfect gastro, including several types of 100% juices, good coffee, fresh fruit, etc. thanks to the tall building we easily found the hotel (you can see after climbing from the metro station). the advantage is also its position - about 10-15 minutes to the center of porta. pingo dolce (something like our penny market) is at a distance of a few minutes away. it took about 30 minutes from the airport. manual air conditioning was not noisy. the room was a refrigerator with minibar, kettle, tea, coffee. porto is really super destinations (three nights proved to be a suitable choice).","tv - i would recommend a larger better screen on the wall of the room (the tv was located on the table), the radio was missing (sometimes the built -in radio is part of the room equipment)."
germany,comfort family room plus,family,2,2022,5,9.0,relaxed stay with all amenities on the edge of the old town,"a positive surprise for family 4: 2 rooms, hallway and bath instead of +2 sleep sofas! view of porto's old town from the room (balcony room), roof restaurant/ bar, helpfulness at reception and breakfast, extensive breakfast, gluten -free offer, location on the edge of the old town",more than 1 restaurant tip on the arrival evening would be nice.
switzerland,comfort twin room,couple,3,2022,5,9.0,we felt very comfortable for the postage of wicking in your hotel!,"big, room with a nice bathroom! good breakfast buffet! super bar in the 17th floor !!! friendly staff! good location!",no note!
france,comfort king room,couple,4,2022,5,9.0,very beautiful place,"location, large bedroom (1601), clean even if the towels of the bathroom are not systematically changed day by day. friendly staff, pleasant rooftop and good restaurant.","no french -speaking channel, but the bottom hurts literally on breakfast, absolutely not worthy of a 4 star, orange juice of very poor quality, more than medium coffee, freezed pastries, bottles in bottles, minimalist dairy. second or third choice cold cuts and cheese.  really breakfast is to review. a shame as the hotel in itself is qualitative"
france,comfort twin room,family,4,2022,5,9.0,superb,"hotel ideally located. very close to the trinade metro station and bus stations. set back, nevertheless, of the historic district a very good hotel, which deserves its 4 * excellent breakfast/buffet",nothing
portugal,plus comfort suite,group,1,2022,5,10.0,it was the welcome of my weekend that already needed months.,"easy access, rooms exceeded all our expectations. comfortable and silent. as it was a short trip, we did not take advantage of the other zones available for the hotel guests. but it is an establishment that i will definitely visit",no review
belgium,comfort double room,couple,4,2022,5,9.0,ideal hotel for a city trip to porto. everything accessible on foot and close to metro station.,very friendly staff. the breakfast was very extensive and was continuously supplemented. the restaurant on the 17th floor is great and you get the view for free.,no review
netherlands,comfort king room,couple,4,2022,5,8.0,very good,"nice location, friendly staff.","the operation in the bar. we finally went to get it ourselves, but many people also walked away because they could not order anything."
france,comfort double room,solo traveller,2,2022,5,10.0,super stay,"the rooms, the breakfast, the roof top, and the location",the external appearance
israel,comfort twin room,couple,1,2022,5,9.0,"spacious rooms, comfortable location",all right,no review
portugal,comfort double room,couple,3,2022,5,8.0,very good,"the location is perfect can have access to everything without a car, i ordered a room that had a balcony and the hotel served without any problem, the room very comfortable and clean.","breakfast doesn't have much variety, but this doesn't make it bad."
spain,comfort double room,couple,2,2022,5,10.0,spectacular,all,breakfast price
france,plus comfort suite,family,2,2022,5,8.0,"the top hotel, restaurant to review",the french speaking staff! very pleasant and clean,the restaurant! bcp bcp too long and nothing not even terrible to taste!
brazil,comfort double room,couple,5,2022,5,10.0,excellent,good accommodations and good service. good location. well cared for and has one of the best restaurants i visited in porto. i recommend.,no review
spain,comfort twin room,family,4,2022,5,8.0,"good stay, but a little expensive if you need a shower",very clean. breakfast was pretty good.,"we asked for a double room that had shower in the photos, but when i arrived, i had a bathtub (it also put that everything was adapted to disabled). anyway, we told them our problem and changed our room, although i think that for size and floor, it was of a category lower than we paid. for this last room, the price was too high."
argentina,comfort double room,couple,3,2022,5,9.0,superb,spectacular unbeatable location,no review
spain,comfort twin room,couple,3,2022,5,8.0,very good,the room the best,the noise in the room that was almost unbearable at night
argentina,comfort double room,couple,2,2022,5,10.0,exceptional,"we liked, for its location, attention, cleaning. etc.",the narrow bed. of a place and a half.
mexico,comfort twin room,group,2,2022,5,10.0,exceptional,"-the public parking is just in front, which facilitates the use of car. -dosayuno very rich and varied.",no review
germany,comfort king room,solo traveller,7,2022,5,9.0,very happy to get to know the great city of porto even better,room with balcony - great view over postage - very nice breakfast fulfilled all wishes location near the metro - very good,no review
france,comfort double room,group,1,2022,5,8.0,very good,the situation,no review
argentina,comfort double room,couple,1,2022,5,10.0,exceptional,"location, attention, the two equals. tell the swallows to sleep early.","narrow bed, and not two places as i asked for"
portugal,plus comfort suite,group,1,2022,5,8.0,sleep and walk,quality/ price relationship,customer service in check in
united states,comfort double room,couple,1,2022,5,10.0,excellent,"you are close to everything but in an area where there are no noise or traffic. nice, cozy and had a detail with us for our anniversary. spectacular terrace",that they give you the latest
france,comfort double room,couple,3,2022,5,8.0,very pleasant stay,"spacious and pleasant room, location facilitating the city visit and the trips, parking in front",slightly distant staff
israel,comfort double room,couple,3,2022,5,8.0,very good,no review,"very small rooms, a small bed"
switzerland,plus comfort suite,group,2,2022,5,9.0,superb,the location  the large room for 3 people  very good and very complete breakfast very welcoming staff  the terrace on the 17th floor and its cocktail,nothing everything was very good
spain,comfort double room,group,2,2022,5,8.0,naso weekend,"spacious and comfortable room, and very comfortable bed and quality savanas","breakfast does not correspond to that of a 4 -star hotel, it could be more varied, and the restaurant leaves much to wish, the food disappointed me greatly, and it took a lot to bring the dishes. the trrraza of the room is very wasted, it could be more profitable"
portugal,comfort twin room,solo traveller,1,2022,5,9.0,superb,"excellent professionals, from check-in to the end of the stay",no review
germany,comfort double room,solo traveller,1,2022,4,8.0,very nice hotel with good service,very nice hotel and incredibly friendly and attentive staff!,a little loud and noisy
colombia,comfort double room,family,2,2022,4,9.0,superb,the attention of almost all staff the view to the city in the restaurant the comfort of the rooms,"the attention of staff at the restaurant, unpleasant.  watching all the time, rude treating diners differentiated"
france,comfort king room,couple,3,2022,5,8.0,practical to visit porto,emplacement,proximity to fast tracks
switzerland,comfort king room,family,5,2022,4,9.0,i have always found myself well in your structure as well as in the city of porto that i now know,"position that immediately has in the center, respectively breakfast always excellent as well as the restaurant in particular the view of the city",i have been going to porto for years and i have always gone to your structure this means that i have always found myself well and i have always paid at the start instead this sprint i was asked for payment on arrival .... it is true i could give a deposit but i preferred to pay the entire stay .... i don't know if it is right .... ????
portugal,comfort twin room,couple,1,2022,5,8.0,very good,"- the entrance to the room and the room is very welcoming, very recent and very ""cozy"". also chill the attention they had given that in the observations said they would like to have a room with a balcony, and they had this special attention; - location. it is close to everything, we did everything on foot given the traffic and difficult parking and we were able to do everything on foot very easily!","there was nothing that says i didn't like it, perhaps the friendliness of the reception, which was not 100% as i am usually used, not being as attentive as i was waiting."
germany,comfort single room,group,4,2022,4,9.0,superb,great bar in 17th floor with a view of the city. good location.,breakfast rather average
france,comfort single room,family,1,2022,4,8.0,very good,very good location allowing easy arrival and wealthy port viste. the restaurant and bar at the top of the hotel are very nice with magnificent views,no review
france,comfort double room,couple,1,2022,5,10.0,exceptional,place almost in the center. parking opposite the day rate of 13 euros. good breakfast. panoramic restaurant of the most beautiful effect. music in the bathroom.,nothing
switzerland,comfort family room,group,2,2022,5,9.0,superb,the location of the hotel it is well worth a 4* the fact that they speak french excellent restaurant,nothing
spain,comfort double room,group,3,2022,5,10.0,"quiet, relaxed","the treatment of the staff, cleaning and the situation of the hotel away from the tumult.",nothing to review
spain,comfort double room,couple,2,2022,5,10.0,a great stay,"the very comfortable, modern and clean inhabit. good breakfast and varied. the excellent location and very friendly hotel staff. i advise it 100%. a perfect stay.",there is nothing negative
france,comfort king room,couple,3,2022,5,8.0,very good,no review,orange juice not natural damage to breakfast
austria,comfort single room,solo traveller,3,2022,5,8.0,very good,location breakfast cleanliness,single room for this price too small
spain,comfort suite,group,2,2022,5,10.0,great,"nice, comfortable and good service. great location",no review
italy,comfort single room,group,3,2022,5,9.0,superb,welcoming .. very clean ... helpful and friendly staff ...,no review
france,comfort double room,couple,1,2022,5,9.0,great stay in porto,super location. very well kept and good restaurant,nothing
portugal,comfort king room,group,2,2022,5,10.0,"central hotel, very comfortable, always coming back","super efficient, friendly and polite employees, ready to resolve any issue. panoramic bar with incredible view. comfortable, clean, spacious bed. very good breakfast.",no review
portugal,plus comfort suite,family,3,2022,4,9.0,superb,no review,"not being bad, some quality and variety of breakfast"
germany,comfort double room,solo traveller,3,2022,4,10.0,was on a pilgrimage from porto to santiago,well -kept and the great view from the 17th floor to porto,no review
spain,comfort single room,group,1,2022,4,9.0,superb,close location and parking,nothing negative to highlight
spain,comfort twin room,couple,2,2022,4,9.0,superb,views and their mattresses,little variety at breakfast. i have been before and there was more variety
brazil,comfort double room,couple,2,2022,4,8.0,great cost benefit,"well located, good installations, comfortable. it has electronic service to call taci at the entrance. gentile attendants.",very small cabinet
germany,comfort family room plus,group,3,2022,4,9.0,great short trip in postage,"location, roof terrace",reception
sweden,comfort twin room,couple,1,2022,4,9.0,superb,the staff,sound level in the breakfast room
france,comfort king room,couple,4,2022,4,9.0,very pleasant,spacious and panoramic room. restaurant with magnificent views. restaurant card.,"breakfast not qualitative enough. reconstituted juice, no country ham, flavored yogurt, bread and not crisp elastic."
netherlands,comfort king room,couple,4,2022,4,8.0,city   trip,"good breakfast, nice roof terrace",hard bed
italy,plus comfort suite,family,3,2022,4,8.0,very good,panoramic terrace. bathroom with big shower. comfortable rooms.,no review
portugal,comfort double room,couple,1,2022,4,8.0,comfort and near the center,"comfortable, welcoming, spectacular terrace",in the room it was heard through the ac conduct even though the others were turned off. bad smithy in the rooms
germany,comfort suite,group,3,2022,3,8.0,very nice hotel we would get back!,"very friendly staff, room always clean.",error 500 (server error)!!1500.that's an error.there was an error. please try again later.that's all we know.
brazil,comfort double room,couple,2,2022,4,10.0,excellent cost in cost,"the tidying of the room, the existential restaurant and bar at the hotel",the size of the room
germany,comfort king room,couple,3,2022,4,8.0,nice hotel for city trip,"friendly staff, clean rooms, good location",no review
spain,plus comfort suite,family,4,2022,4,8.0,very good,"the views from the room (plant 15) are spectacular, everything is seen. the room is very comfortable. it is centered, but porto slopes can be killer. i liked the plant 17 also. you can get to the bar, if you have a low room.","the parking is next to the hotel, but it is not from the hotel. you cannot pay by card. the supplementary bed is very uncomfortable"
israel,plus comfort suite,family,4,2022,4,10.0,highly recommend,breakfast with a large selection of options,the extra bed is uncomfortable. there were hotels that the open bed was convenient.
spain,comfort king room,couple,3,2022,4,10.0,a very nice and well located hotel to meet porto,"the great room with a very large and comfortable bed, with a lot of space and without any noise. the bar on the 17 very pleasant floor and with excellent views",no review
france,comfort double room,couple,4,2022,4,10.0,perfect for a weekend,near the center and very clean,no review
italy,plus comfort suite,group,4,2022,4,8.0,very good,the location is the view from the room,the bathroom was also missing soap to wash. for three guests only 2 towels and not even changed.
brazil,comfort double room,family,2,2022,3,10.0,wonderful hotel,"new facilities, kindness of employees, location the bar that works at the hotel and excellent",breakfast i found little varied but nothing that disabled the pleasant stay in porto
portugal,comfort twin room,group,1,2022,4,9.0,recommend,good location. good amenities (spacious room and modern bathroom). built -in sound system allows you to have ambient sound (eg tv) in the bathroom. calm atmosphere inside and outside the hotel.,"the curtains showed the light a little in the morning when they wake up because they did not exist those more 'traditional' stores they gave to close. the tourist fee was only charged to me when i did the check-out. i preferred that the amount had been debited when the online reserve or at the time of check-in. the minibar offer was varied and there were even instant coffee, but for example, there was no coffee machine."
spain,comfort king room,couple,3,2022,4,10.0,"all very well! location, good treatment and good breakfasts","the location, breakfast and cocktails on the terracite that although it is small has a very good views of the city",it shows that they have renewed many areas of the hotel but the carpet on the floor i think is already a bit outdated.
spain,comfort double room,couple,2,2022,4,8.0,very good,"the pillows are divine, there were 2 for each one. the location was great. we had a balcony with beautiful views from the 14th floor.","the double bed is small, we sleep a little tight. there were no extra blankets in the room, but we asked for it and they brought it super fast :)"
spain,comfort suite,family,3,2022,4,8.0,good hotel,"the room was extragrande, very friendly staff and very complete breakfast","the noise. we were on a 2nd floor and the street noise is very tall, the windows did not sound good, and it must also be taken into account that the street is cobblestones and cars make a lot of noise when passing."
spain,comfort king room,couple,1,2022,3,9.0,to repeat without hesitation,"facilities, breakfast, staff attention, cleanliness",nothing
france,comfort double room,couple,4,2022,3,8.0,hotel ideal for a short stay on porto,"very good value for money, excellent bedding, king size bed, quiet hotel",no review
spain,comfort family room,family,2,2022,4,9.0,magnificent,very well located and excellent quality and price.,no review
italy,plus comfort suite,group,1,2022,4,10.0,bene,all,all
spain,comfort double room,group,1,2022,4,8.0,"well located, excellent treatment","location and double room (the individual room was a bit small). excellent treatment, very friendly. the bed very comfortable.","in the breakfast buffet we had to wait for some things that did not recover on time. everything was very clean except for a dryer (i was pringoso) and it is something that curiously happened in the two rooms we had. i would have thanked information about the near parking (if you do not buy a prepaid card as soon as you park 13 euros at 27 euros, which is what happened to us ... it is more than double and if the hotel in the information related to the close parking included this information would be appreciated)"
belgium,comfort family room plus,family,3,2022,4,10.0,exceptional,excellent location. pleasant staff and speaking french. panoramic restaurant on the top floor not to be missed. recommend!,no review
spain,comfort double room,couple,3,2022,4,9.0,"hotel with good situation, clean clean","well located hotel, parking economic annex to leave the car without problems  good very friendly personal breakfast  clean and comfortable room",the room mockery
spain,comfort suite,family,4,2022,4,8.0,very good,"very wide, clean, well located room",improveable acoustic insulation
austria,comfort double room,couple,4,2022,4,9.0,any time.,"we stayed 4 nights and received an upgrade - room very large and beautiful, best view. the breakfast buffet has offered everything you like. location very good, on foot in 5 minutes at the town hall.","there is actually nothing to complain about, except that the bathroom could be a little wider, but you don't necessarily have to go in for two. shower great!"
tunisia,comfort king room,couple,4,2022,4,8.0,pleasant stay,"the room was spacious with a large comfortable bed, the breakfast quite generous, the location is appreciable near the historic center and 5 minutes from the trindad station to go to the airport. having a lounge with a beautiful panoramic view of the city.",the heating system which is to be improved
israel,comfort double room,couple,2,2022,4,8.0,very good,good location. the hotel is clean. on the 17th floor bar with stunning views.,"pretty old. parking, i paid 47 euros for a little less than two days ...."
belgium,plus comfort suite,group,1,2022,4,9.0,"thanks in part to the roof terrace, a good base for a visit to a beautiful city!",the outside looks seventies but the hotel surprisingly neat on the inside; clearly recently refurbished.,no review
portugal,comfort double room,solo traveller,2,2022,4,10.0,exceptional,"attentive employees. very good location, next silo self. room with balcony. quality ratio good price.",no review
peru,comfort double room,couple,2,2022,4,8.0,very good,"the restaurant, good food, good prices","a little small the rooms, we arrived at noon and we had to wait until 2 for the l check in"
portugal,comfort double room,couple,1,2022,4,10.0,exceptional,the super -cozy room,"not having parking, but in either way it has a super accessible and cheap park"
turkey,comfort double room,couple,4,2022,4,10.0,beautiful,yes,town center
reunion,comfort twin room,group,1,2022,3,10.0,gorgeous,spacious room staff who master several languages staff kindness location,no review
france,comfort king room,couple,3,2022,4,8.0,very good stay,the roof top breakfast the staff,"despite the blackout curtains i was awakened by the day, a little out of the way"
france,comfort double room,couple,4,2022,4,9.0,superb,thank you to the whole team of staff ... welcoming and warm. spacious and clean chamber. bar rooftop. special meention at the cozy restaurant panoramic view at the 18th floor with high quality cuisine and impeccable service! we recommend without hesitation.,no review
netherlands,comfort twin room,group,3,2022,3,10.0,great stay!,"super friendly staff, perfect location and large spacious room, equipped with all conveniences.",no review
germany,comfort twin room,couple,5,2022,4,8.0,very good,"homely equipment, balcony, rooftop bar",no review
switzerland,comfort twin room,couple,3,2022,4,8.0,good location.,bar,darkness
argentina,comfort king room,couple,2,2022,4,10.0,"gran hotel, lindisima city","very good hotel. the location is very good and it is easy to the center. we had no breakfast included and we did it in an excellent bakery in the same block of the hotel, leaving 50 more to the right. the parking is payment but it is very comfortable, in front of the hotel (22 euros for two days and being able to leave and enter as many times as you want. on the 17th floor there is a panoramic bar and in 18 a spectacular restaurant is not cheap but it is worth it. it is to reserve because otherwise you do not get place. everything excellent!",no review
spain,comfort single room,solo traveller,2,2022,4,9.0,highly recommended.,"modern facilities. cleaning. customer service. well communicated.  the 17th plant restaurant is very worthwhile, both for food, and for the attention of the staff (room and waiters)","perhaps a little away from the center, but did not prevent visiting the center of porto. little lighting on the room plant."
france,comfort double room,couple,3,2022,3,9.0,superb,"the hotel is well located, you have 2 metro mouths within 5 minutes. the rooms are clean and spacious, on the other hand in an offset formula otherwise you will quickly end up with a 140 bed. the firm restaurant at 10:30 p.m. and you need to book in advance, the firm bar at 00:00, the 2 are located on the 17th floor with 2 terraces with breathtaking views.",no review
belgium,comfort twin room,couple,3,2022,3,8.0,alright,restaurant and bar at the top,no review
france,comfort twin room,solo traveller,1,2022,4,10.0,ras,beautiful spacious room,no review
spain,plus comfort suite,family,1,2022,3,10.0,all phenomenal,all,nothing
portugal,comfort twin room,family,2,2022,3,8.0,comfortable and pleasant.,the hotel is beautiful and pleasant. the room was quite large and comfortable and the location is excellent. i also highlight the silence.,"the only less positive aspect is the parking lot that should be free through the hotel protocol with the parking lot. for those traveling with babies logistics is complex, so it would be positive to have help from staff with the bags what did not happen."
france,comfort double room,couple,1,2022,3,9.0,pleasant hotel with rooftop and well soundproofed,"following an upgrade, we appreciated the size of the room, the shower room, and the view on the 10th floor. super soundproofing and very good bedding! the rooftop was small during our visit (only 4 tables) but with a super view of porto! access to the paying parking lot 1 minutes from the hotel was super practical to leave our vehicle safely.","we had a problem when we arrived, the room had not been cleaned or checked. however, the team knew how to react very quickly and immediately outpacked us to apologize for the inconvenience."
netherlands,comfort twin room,family,3,2022,3,9.0,had a wonderful stay!,"the size of the room with balcony, hygiene was good and it was wonderfully quiet in the room.",n.v.t.
germany,comfort single room,group,2,2022,3,8.0,very good,great high hotel with a brilliant view of the enchanting postage.,no review
spain,comfort double room,group,1,2022,3,10.0,sensational.,all perfect; one of the best porto hotels. it is the 2nd time i go and whenever i go to porto i will take it into account.,everything was perfect.
spain,comfort double room,couple,3,2022,3,9.0,superb,"excellent breakfast. the bed very comfortable on the 17th floor there is a cafeteria with views of the entire city, with a pleasant atmosphere. all the staff very friendly. the first day they presented us with a bottle of sparkling wine, a detail by the hotel",no review
portugal,deluxe panoramic suite,couple,2,2022,3,8.0,very good,good hotel staff attentive especially your director who resolved an extraordinary view of the city i will be back,a very concentrated breakfast room
france,comfort double room,family,2,2022,3,8.0,to redo; d,we appreciated the geographic location of the hotel a stone's throw from the main porto metro station. the choice at breakfast and the view of the hotel bar all over the city.,no review
france,plus comfort suite,family,2,2022,3,9.0,superb,cleanliness and comfort of the room breakfast,"very steep slope to access wheelchair, 2 people are necessary to help."
france,comfort double room,couple,3,2022,3,8.0,very good,ideal location when arriving by metro from the airport. 5min walk. and very well located for visiting porto.  breakfast very well. nice and speaking staff french.,no review
germany,comfort twin room,solo traveller,4,2022,3,8.0,very good,bed was great. as a woman a little better light in the bathroom would be nice. difficult to make up.  employees very nice. breakfast very good,light in the bathroom
france,comfort double room,group,3,2022,3,9.0,pleasant and relaxing,hotel very well located near the metro and the city center  very friendly and professional staff extraordinary restaurant both in the development of dishes and by its setting,a little dated room
netherlands,comfort king room,couple,4,2022,3,8.0,top,the staff is super,a little too worn may have one in turn
portugal,plus comfort suite,family,3,2022,3,8.0,exceptional,room,i liked everything
sweden,comfort double room,couple,3,2022,3,8.0,good and nice hotel in postage,bar restaurant and breakfast was nice. nice with balconies,no review
spain,comfort king room,couple,3,2022,3,10.0,exceptional,"the hotel's location is excellent, it is very close to the center, also the 17th floor restaurant has spectacular views, a good connection with the main street of stores","the only thing is that it is at the top of the city, then to return from the river you have to climb many slopes, although the walk is worth it"
hungary,comfort double room,couple,2,2022,3,9.0,"good location, helpful staff, 3x diet daily",breakfast was fine. neighborhood very good public transport relationship but downtown walking distance,no review
italy,plus comfort suite,group,3,2022,3,8.0,comfortable,breakfast and room,slippers not present in the room
spain,comfort double room,couple,1,2022,3,10.0,exceptional,"staff attention. anniversary trip with my wife, they had the detail of giving us a bottle of champagne.",no review
brazil,comfort suite,group,3,2022,3,9.0,fair price,"space, cleaning, organization","although we reserved room for 3 people, they never had amenities and towels for the three"
netherlands,comfort twin room,couple,7,2022,3,10.0,exceptional,spacious room with balcony. friendly staff.,nothing
spain,comfort double room,couple,2,2022,3,9.0,comfortable,centric and well communicated,no review
spain,comfort double room,family,3,2022,3,10.0,all perfect,"very clean, very spacious, very comfortable, the very friendly staff, the comfortable facilities and especially the 17th floor with the bar and restaurant was beautiful.",no review
germany,comfort single room,solo traveller,3,2025,3,7.0,"great location, great view",wonderful roof-top bar! rifle system quickly and practical.,"presently listed, the gym is hardly worth the name."
spain,comfort double room,group,4,2025,3,7.0,hotel with unbeatable situation,magnificent bed and good bathroom,"restoration service in the restaurant, last floor took a barbarity and when the sandwich club pan stiff and inner chicken cold and badly done"
france,comfort twin room,group,4,2025,3,7.0,good,"lunch very well, good location, nice decor and comfortable",the average household (cardboard found under bed and not to us) and the replenishment of water not made.  very cold welcome from a male staff at the counter following a small dysfunction with booking. fortunately his colleague was more attentive and sought to manage the problem.
belgium,plus comfort suite,couple,3,2025,3,7.0,not bad at all,"the sea and city view, the staff, the room and quiet to sleep well in a good big bed",average breakfast for the hotel but super orange juice.  coffee on the first day in the room but not renewed the next day.
portugal,comfort family room plus,family,1,2025,3,4.0,i would not recommend it,the terrace with the view. we stayed on a 5th floor and the view was very nice,"the shower i consider that it must have closed doors, and one of the double rooms lacked plugs to load electronic equipment. the doors did not close well the buffet site is super reduced and the terrace heater are not enough to give heat in view of the cold weather of the time"
czech republic,comfort family room plus,family,3,2025,2,6.0,pleasant,position,noise of the room during the room throughout the day without warning. fadni snidane
portugal,comfort king room,solo traveller,4,2025,2,2.0,i didn't like it,location,"an unbearable noise was under construction, denied by the employees later offered room change"
spain,comfort double room,couple,3,2025,2,6.0,pleasant,"the best of this hotel was, without a doubt, its location. it is close to several areas of restoration and important monuments, so it is very easy to move on foot. in addition, it has a subway stop at just 5 minutes walk, with connections to all lines, including that of the airport, which makes the transport very comfortable. another point in favor is its small terrace, which offers incredible views of the city. seeing sunset from there was a success. the broad and comfortable room.","what i liked least was that the views of the room gave a large surface garage, which subtracted charm. in addition, although some street noise was heard, it was not a problem to rest. breakfast also seemed quite basic, with little variety and with nothing especially remarkable"
spain,comfort double room,family,3,2025,2,7.0,good,"it is worth 7 mins walking the market and allies, but in the area around there is nothing and it is a bit disappeared. although we had read that breakfast was great, the truth is that there was variety but quality was not good, neither in sausages and cheeses nor sweet. sincerely for the price, i would choose a more central hotel and with closer areas and restaurants.","one of the nights we stayed at the hotel to take a ""snack"" on floor 16 and took about an hour and a half to literally serve a chicken snack with lettuce, cold."
france,comfort double room,couple,2,2025,2,4.0,disappointing,no review,the meal at the 60 euro restaurant without drink
spain,plus comfort suite,family,1,2025,2,5.0,"too demanding in its rules, little in their obligations",location,"treatment of reception personnel upon arrival, i know that the rules say that check in is at 3pm, but they did not advance even 1 minute, this is not a good service, the truth is the door of the bathroom did not close, and the room window did not close."
portugal,double room - disability access,couple,1,2025,2,5.0,passable,location,the service and room options through booking lately implies that we are only with the remaining options ...
italy,comfort single room,solo traveller,1,2024,11,7.0,good,city center. parking nearby,rooms an old style po '
morocco,comfort double room,couple,2,2025,2,7.0,apart from the remark of the person who manages the restaurant of the 17th andg nothing to say,the ideal location in the city center and also not even at 3 minutes metro station to go to the airport  personally reception nothing to say,a person who manages the restaurant of the 17th non -professional floor i asked to go to the restaurant but he told me forbidden to pass in front of people eating despite my request to see the location and then the card to take our dinner. nb that we are resident at the hotel in question
spain,comfort single room,solo traveller,3,2025,1,7.0,buena,views and location,very distant and serious reception staff
france,comfort double room,couple,1,2025,1,2.0,very bad night,no review,not being able to sleep because the hotel staff put us in a room in front of a parking lot with work that started at 4am
portugal,comfort double room,couple,3,2025,1,4.0,let's not go back.,breakfast was quite pleasant and the 17 -floor restaurant.,"they put washed towels but did not take the used ones. on new year's eve, guests ceased to have access to the bar, we wanted to buy a bottle of water and only let people get in the hotel's passage dinner. in terms of price price, a small room have attributed us without balcony."
spain,double room - disability access,couple,1,2025,1,7.0,normalized,full breakfast and parkingly in front of the hotel,a little far from the river area
spain,plus comfort suite,family,2,2024,12,7.0,good,located,the christmas service
spain,comfort double room,couple,1,2024,12,4.0,i consider not returning. pity.,"it is silent, well located and is clean. breakfast is good.","the service d restaurant (""17"") is very poor. example: onion soup included a cheese panecillo (i am intolerant) and did not specify it in the description of the plate. the hake was frozen. frigged potatoes were not natural, but also pregnant like those of hamburgers. bad food at an undeserved price."
kazakhstan,comfort double room,couple,3,2024,9,5.0,passable,sededed argraid due to disclosure reasons. good restaurant on the roof.,an old hotel requiring updates. the first room was the smell of the sewer.
puerto rico,double room - disability access,couple,1,2024,12,7.0,acceptable,"the room is adapted, the hotel is small but it has what is necessary for a tourist who is passing and good location.","they sold me a room adapted for people with reduced mobility, i called to make sure the facilities and when we arrived we stumbled that the hotel does not have a wheelchair ramp. they threw cement to a ladder, making it extremely inclined for a chair, it serves to climb merchandise, but not chairs."
poland,comfort single room,solo traveller,2,2024,12,6.0,pleasant,"the only thing i really liked about the property was the 18th floor view and breakfast. the employees were also very friendly and friendly. unfortunately, this was not enough to fully enjoy the stay","i didn't like the fact that i found a long woman hair on the bed and that there are stains on the pillows. there were also no slippers in the bedroom, although the hotel has 4 stars. the view of my room - it is better not to comment, there was an atmosphere of depression, taking a picture black and white. the price is not absolutely justified by quality. i evaluate the restaurant soup 2/10 - for the first time in my life i saw a soup of cream without bread, which i had to pay separately. of course i did not buy bread, because it should be included in the price of the order - it is a soup"
israel,comfort double room,couple,2,2024,11,5.0,a remote and disappointing hotel,eater,"an old and non -maintained hotel. a small and not renovated room. an uncomfortable bed. despite what the hotel was listed is very far from the consumer, historical and river. hear noise from neighboring rooms."
italy,comfort double room,couple,3,2024,11,7.0,good,no review,we asked for a knife and a plate charged us 3 euros
morocco,comfort double room,couple,3,2024,11,7.0,a suitable hotel nothing more,good breakfast at a reasonable price. welcoming staff,the room was quite small. the whole hotel seems quite sad
spain,comfort single room,solo traveller,2,2024,11,7.0,good,very good location. very friendly staff that speaks perfectly spanish. parking just in front of the hotel.,for some reason i did not get the wifi to work. i requested new keys and did not work either.
portugal,comfort single room,solo traveller,1,2024,11,5.0,passable,very good location.,"the too small room for price, and insufficient breakfast."
france,comfort family room plus,family,1,2024,10,7.0,good,the terrace  roof top  the rooms  good breakfast,another ad with parking offered by booking when there is no parking
germany,comfort double room,solo traveller,1,2024,10,6.0,ok.,lage,equipment gets old  service bad in the skybar.
chile,comfort single room,solo traveller,2,2024,10,7.0,good,good breakfast,dark runners and
switzerland,comfort king room,family,3,2024,10,6.0,pleasant,debit,the breakfast buffet. bad coffee and not good bread was rubbery.
brazil,comfort double room,group,2,2024,10,5.0,disappointing because of the expectation of the location,"i didn't like the location! the surroundings are dirty, very smell of pee, the night is very dark. the room had a balcony that had no point of light. it is far from ribeira which was our main interest, in the restaurant punctual options of dishes that unfortunately did not please. employees to the satisfaction, but overall it was disappointing because of our expectation. we made mistakes in choosing the hotel. a pity! the hotel is good!",we made mistakes in choosing the hotel. the surroundings are very ugly and dirty! the hotel is clean!
morocco,comfort single room,solo traveller,1,2024,10,7.0,good,breakfast bar on the 7th floor,room 605 too narrow bathroom non -separate toilet  parking view
portugal,comfort king room,family,4,2024,10,7.0,good,quarto,cushions
portugal,comfort king room,family,1,2024,10,7.0,good,good location in the city center with good amenities,"unfortunately our stay coincided with a europa league soccer game, which made it difficult for night rest due to the very noisy fans housed at the hotel"
japan,comfort twin room,family,2,2024,7,1.0,staff making fun of asians,the room was very spacious for the reasonable price. i made a request in advance and they were placed on a higher floor. also on the top? the restaurant in the area was very ambience and delicious.,"the staff at check-in was the worst. maybe because he can't speak english, he makes fun of him. he let out a huge sigh. i was asked to speak using google translate, but the translation didn't work as quickly as i was deliberately speaking. also, the shower head is in tatters and full of mold. this time in portugal, i used two hotels in porto and one in lisbon, and it was the worst hotel."
brazil,comfort double room,solo traveller,3,2024,8,7.0,good,very small fit,room size
germany,comfort double room,couple,3,2024,9,5.0,passable,"the location of the hotel is ok transportation all nearby, must also be because the center is a bit wide on foot","room and hall all very dark, bathroom too narrow had to be careful not to run against the sink breakfast was ok, at the check in it is very important to the time at 3:00 p.m., although the guests all leave early"
switzerland,comfort single room,solo traveller,1,2024,9,6.0,unfortunately i have no desire to return to this hotel because there was a dirty room,"very good restaurant on the 17th floor, delicious cocktails  but in my room it was poorly cleaned. and this is a big minus.",dirty! have red hair but in the bathroom had black hair from previous residents
sweden,comfort king room,couple,2,2024,9,7.0,good location with lovely roofable,"full hotel on the outside, but fresh inside. very nice rooftop with lovely views compensated more than well for the ugly exterior. good location with easy walk down to central postage.",very hard beds.
switzerland,double room - disability access,group,4,2024,9,7.0,good,the location is sensational for a short trip through postage.  breakfast was sufficient and good.,"unfortunately we had a disabled -friendly room, which we didn't need. so the bathroom was not that great. in the bathroom it stank very much out of the drain. that was very uncomfortable."
germany,comfort double room,solo traveller,4,2024,9,7.0,good,great roof terrace and great restaurant! most of the time everything can be reached within 10-15 minutes.,breakfast is on the ground floor. room dark and getting old.
spain,comfort double room,couple,3,2024,9,3.0,poor,personal,"1st cleaning deficiency: the bathroom was with a tread and a hair on the floor before entering 2nd a horrible atmosphere upon entering 3o las moquetas throughout the hotel 4th the horrific room, does not correspond to the photo, seems to be less meters than the hired"
brazil,comfort family room plus,family,3,2024,8,6.0,pleasant,no review,zero sympathy of employees
switzerland,comfort double room,solo traveller,5,2024,8,3.0,poor,no review,"cleanliness, quality of the food, (in) friendliness of the staff"
italy,comfort double room,couple,2,2024,8,7.0,advised,good location and room ok,nothing in particular
germany,comfort double room,family,3,2024,8,5.0,passable,"rooftopbar on the 17th floor, restaurant 18th floor. very good breakfast","small rooms, very noisy, no parking in the hotel's garage. parking garage for 3 days 50 euros extra! although german television was displayed on tv, there was no connection. no stream possible either, datv too old. carpet floors in the rooms - no go nowadays!"
austria,comfort double room,couple,2,2024,8,3.0,never again in such a small double room!,no review,"the size of the room with a net 12 m2 for a double room, only one armchair, a shaft -like view to the outside is not acceptable for a 4stern hotel and i cannot recommend this hotel for booking.com customers."
spain,comfort double room,couple,2,2024,8,7.0,nice for a few days,"good breakfast, good terrace with good views. charming staff","the room is small, the bathroom too and it takes some reform. the location is not the most central, within which porto is not very large"
italy,plus comfort suite,group,3,2024,8,6.0,pleasant,"they gave us the communicating chambers as required, which is very welcome. the terrace and restaurant are really beautiful. good breakfast with so much choice.","we had chosen this hotel for the location, it was in the center but the area was not the best. decadent structure. the carpet wherever was not very clean."
czech republic,comfort double room,family,3,2024,8,7.0,good,no review,the room was on the first floor without a view
switzerland,comfort double room,family,1,2024,8,4.0,i do not recommend this establishment at all.,"the comfort of the beds, the beautiful space in the room.",the neighbors of the room next door are made an excruciating noise and the staff of the establishment came to strike hard at their door at 5 a.m. no regard to customers. breakfast staff not friendly at all.
spain,comfort king room,family,2,2024,8,7.0,a site to be a couple of nights for its location and quality price ratio,the location - easy to walk to the historical center and easy to come by car,"the staff very well in front desk and in general. the treatment by a lady at the ""roof top"" restaurant was quite badly educated and when you climb to see the supposed ""roof top"" literally blocks the step and prevented us from climbing the terrace by not reserved in the restaurant .... the rest of the staff very very well but she very badly."
spain,comfort suite,family,2,2024,8,6.0,pleasant,wide room,no review
france,comfort family room,family,5,2024,8,4.0,not worthy of a 4 -star,the location,room very badly clean / no water recharge or coffee all along the stay  staff not welcoming / not smiling  bad / snack badly cocktail  not worthy of a 4 -star
portugal,comfort twin room,couple,2,2024,8,7.0,my sincere feedback so they can improve the details that make all the difference.,"everything was ok. the cleaning could be better. we ordered one more night, but did not exchange towels and did not put soap and accessories again in the room.","we ordered breakfast in the room. they delivered fast but charged beyond the amount. for a fried egg charge 10 eur. no comments.  and the portion of fruits was an apple wrapped in the plastic.  could be without more capricious, as they charge another 10 eur for a fried egg."
morocco,comfort double room,couple,5,2024,8,5.0,i will not come back to this hotel,the location,toilet is constantly leaking traffic noise the bathroom items have never been renewed very tight in unpleasant personal bathroom products we asked 2 times to change the non -courteous response room we asked to repair the hunt not frankly for the price that we have helmeted it is not worth the cost
portugal,comfort twin room,couple,1,2024,8,6.0,view and balcony,breakfast and location.,"the room was a disappointment. i chose this hotel instead of another because of the porch and sight from the room, and when i arrive at the room that was assigned to me, i had no balcony (just a window that only partially opened!) no view - i was turned precisely to the opposite side, to a parking lot. i understand that, within each category, the best rooms go to those who arrive first, but then in this case they have to make a better expectation management, since when i saw the room, i felt defrauded. it is not costing to send a message to inform or allow free cancellation if the room is not similar to the photos in booking. because, honestly, if it wasn't for the view and the porch, i had not reserved this hotel (which was even more expensive than my second option)."
germany,comfort single room,solo traveller,3,2024,8,7.0,good,plus point is the location and especially the hotel bar on the 17th floor or restaurant on the 19th floor with a great view over the city.,no review
spain,comfort suite,group,4,2024,8,7.0,did not meet my expectations,room size,rooms without soundproofing little lighting throughout the hotel the scarce breakfast  it has no own parking and the public is very expensive the very small gym with few facilities
lithuania,comfort king room,family,4,2024,7,7.0,the reality was a bit disappointing,"great and friendly staff. a neat and clean hotel. enough near the center. the roof has a bar with a wonderful panorama. for breakfast, there is always freshly squeezed orange juice, fresh fruit. food is constantly filled, never missing.","the hotel is very old and it is visible. the rooms are dark and uncomfortable. by no means corresponds to 4 stars. breakfast food is always the same, never changed. in practice, no tomatoes and not very tasty cucumbers are not healed during the vegetable-seeson ... bar on the highest floor with a great view, but it is already very worn inside, the cocktails are not even reaching the middle level."
italy,comfort double room,couple,3,2024,7,7.0,a good hotel with high level peculiarities but i was definitely expected more,"exceptional breakfast of very high level. good level hotels, good cleaning, very courteous and prepared staff.","the location of the hotel is uncomfortable, even the metro that is near the air is rather cumbersome to be achieved. unfortunately, the structure of the city with its differences in height does not help. the room was small in size and the decor not brand new, the wardrobe was missing."
germany,comfort double room,solo traveller,8,2024,7,4.0,"an aging hotel, which urgently cries out for renovation",the view from the 14th floor on porto is a sensation!,"the hotel is outdated, wired and would have to be renovated very urgently. my room was grubby and also used up, the balcony unappetized due to vogel-ka-ka. from the bathroom a penetrant, foul, moldy smell, so you disgusted yourself a little."
italy,comfort family room,family,3,2024,8,7.0,good,no review,"we booked on booking and gave us a room on the first floor on the 17 available without view, or rather with a view of pipes, and dark. bathroom cleaning could be better."
greece,comfort family room plus,family,2,2024,7,7.0,sympathetic,"great staff, very nice bar and restaurant as a location, installation and view but not at the same level the kitchen.","in the quadruple one room with the double bed was very small with a small wardrobe, without space to put suitcases, without sockets for charging and even a trash basket. the other room with the two beside was more spacious."
brazil,comfort double room,family,4,2024,7,6.0,says it has but there is no!,location,in the announcement says it has parking and has no. we had to spend about 70 eur. old hotel and needing improvements. not very cuts.
austria,comfort single room,solo traveller,3,2024,7,7.0,"good hotel, but still room for improvement in some areas","hotel is very clean, staff at the reception and breakfast in contrast to the bar area (see my comments below) are well trained; overall employees very friendly  good breakfast","the hotel is central, but not really at the center; on foot you go down to the promenade on the douro for a good 20 minutes.   the hotel bar lacks professional leadership. untrained/unmotivated staff; tables are not cleared or only cleared after prior request, staff lets guests wait a long time, waitress (from south america?) understood no or only poorly english; the wrong thing was brought with 2 out of 3 orders.   the whole city center of porto is currently a single large construction site/establishment new metro line (stand jul 24) many needle tubes/traffic routing not optimal; also difficult for pedestrians, as many places/streets are locked up and cannot be crossed."
spain,comfort single room,solo traveller,1,2024,7,6.0,pleasant,amability and cleaning,location. take to take a taxi to return to the night
switzerland,deluxe panoramic suite,couple,4,2024,6,7.0,we liked the stay,breakfast good. location good,"the 'living room' is very spartan, without a plant or pictures!"
italy,comfort family room,family,2,2024,7,7.0,good,good location,"serious and not very welcoming reception lady, rest of the staff well"
germany,comfort double room,group,1,2024,6,6.0,ok for one night.,personnel was very friendly.,the dark room (with a funny small balcony behind a concrete corner) was ok for one night. perhaps the weather also clouded the overall impression somewhat.
france,comfort double room,solo traveller,2,2024,7,5.0,passable,breakfast  bedding  clean room,some staff members were antipathetic.  .
israel,comfort double room,couple,2,2024,6,6.0,pleasant,no review,"old -fashioned, parking"
luxembourg,comfort double room,couple,2,2024,6,7.0,good,good breakfast.,the room was dark and did not correspond to the photos seen on booking.
italy,comfort family room,family,2,2024,6,6.0,it could have gone much better,"excellent breakfast, kind staff, nice restaurant, nice bathroom, bathroom products",room over horrible!
argentina,comfort double room,couple,3,2024,5,7.0,good,breakfast,location and cleaning
israel,comfort twin room,couple,4,2024,6,6.0,pleasant,"reasonable location, expensive parking but near the hotel, tickets can be purchased for only two and three.",dark in rooms and corridors. high price and a feeling that saves the guests.
switzerland,comfort king room,couple,3,2024,6,7.0,,outlook,bathroom
spain,comfort double room,couple,3,2024,6,7.0,good,no review,"the location is well in subway but the return is impossible. completely remote center. the insufficient coktail service, the margarita could not drink. it is simply to follow a formula."
germany,comfort double room,group,4,2024,5,6.0,"nice, restaurant top, breakfast expandable, conservative concept","room, restaurant","breakfast, lunch box on departure"
france,double room - disability access,couple,4,2024,6,7.0,i will not go back to this hotel,the staff,the view 2nd floor the noise of air conditioning  the factory side there were so many people
switzerland,comfort double room,couple,4,2024,5,7.0,good stay at porto of 4 nights.,"very pleasant staff, location close to the center, quiet area, breakfast very good. staff speak french.","a little ""old -fashioned"" room furniture but it does not shock for a short stay. slightly narrow bathroom width."
france,comfort king room,solo traveller,5,2024,5,6.0,disappointment,"the convenient geographical location: not quite central, but practical (several bus lines in front of the hotel, proximity to the metro for the airport). the size of the room (king comfort); comfortable bedding. the balcony with table and chairs. the breakfast buffet (despite a very limited choice of jams and the lack of seasonal fruit). the 17th floor bar.","the size of the safe, where it is impossible to store a laptop. very unequal staff kindness. tetley tea (industrial and tasteless) to breakfast and in the rooms. the shower gel bottle did not work: it took three whole days for the problem to be solved. i registered online on the link indicated by the hotel, but i had to redo the recording on arrival. no french tv channel. the toiletries used are not replaced (handkerchiefs, cotton swabs). in summary, accumulation of inconvenience for a 4 -star hotel."
ecuador,comfort suite,family,3,2024,5,7.0,normal but well located,"location, 17th floor restaurant, the views, the people of the front desk, room size","regular breakfast, that you can't get a breakfast sandwich when you paid for it, old room furniture"
france,comfort double room,couple,1,2024,5,7.0,just passing,bedroom comfort,"hotel location, external appearance"
czech republic,plus comfort suite,family,9,2024,5,5.0,average stay depreciated by bad room service.,"breakfast was a good, relatively rich selection, but the whole day of days of stay was not changed by breakfast. the room 903 was good and bright, we used both separate rooms. the adjacent balcony was also the advantage. the staff at breakfast was helpful and service. the hotel restaurant on the 17th floor was with a nice view of porto. the service was on the level, but they did not save us at dinner one mistake in the order, so we had to wait for the remedy that came and the chef itself apologized personally. the availability of transport was very good, because both metro and bus were within range of 5 minutes. the center and market were also easily accessible, which is the advantage of locating the hotel.","the bedding was often not changed. we have not received soap for the last three days and we often got only two towels and two roles of toilet paper instead of three (there were three people in the room). once it also happened that we got a loaded toilet paper instead of a new roll. even shower gel and shampoo were not complemented! when evaluating the price-performance ratio, it is striking that at a relatively high price of accommodation, the basic hygiene needs were not met (see above). with frequent showers in the port, we did not even get an umbrella to rent, which is a common hotel service in rainy destinations (especially if the hotel has 4 stars)."
portugal,comfort double room,solo traveller,1,2024,5,7.0,good,location is great. comfortable and clean room. good service and good breakfast. ideal for a night stay. i recommend.,no review
switzerland,comfort family room,family,2,2024,5,7.0,good,"the room was huge, had a lot of space and it was clean with pleasant beds. the restaurant and the bar on the 17th floor was great!","the hotel is getting very old, the rooms are urgently needed by a refresh."
poland,comfort double room,family,5,2024,5,1.0,bad,no review,hopeless dark rooms
italy,comfort suite,family,1,2024,4,6.0,never again in this hotel,harged breakfast,"large room, on the first floor in front of the main road, more or less like being on the ring road. in description c it was ""room with a view"" in fact it was directly on the multi -floor parking."
spain,suite premium deluxe,couple,1,2024,4,6.0,disappointment,"the location and the views, floor 16","we took a suite, and we had the disco just above, until 2 in the morning with electrononic music. old hotel, old facilities. the air conditioning makes a lot of noise"
switzerland,plus comfort suite,family,2,2024,3,7.0,good,the view on the 14th floor,"the hygiene and staff, especially in the morning buffet"
spain,comfort double room,solo traveller,1,2024,4,7.0,correct hotel and with a restaurant and bar with extraordinary views,best of all is the cafeteria - restaurant on floor 17. good views and quiet,"too far from the riverbank, for my liking"
brazil,comfort twin room,couple,3,2024,3,7.0,good cost benefit,the room is large. the bathroom is good. breakfast is very diverse. the room had a beautiful view of the city.,"the room had a carpet, i don't think it was very clean, i had a clogged nose every day. the air conditioner did not work."
germany,comfort king room,couple,4,2024,4,6.0,this hotel can only be used to sleep.,large and clean room,badly trained staff ... very unfriendly. the food in the bar was underground!  fitness room doesn't work at all.
portugal,deluxe panoramic suite,family,2,2024,4,7.0,good,no review,"it is a little dated in the colors used and a ""naked"" suite room."
germany,comfort single room,family,3,2024,3,7.0,porto is a beautiful and interesting city.,the location is good. you can quickly get to the bus/metro/restaurant/bar on foot. the breakfast was very good.,the rooms are too dark. a large ceiling lamp should be attached here.
united arab emirates,comfort double room,family,4,2024,3,6.0,pleasant,personal super,the towels are not changing daily. as the room
canada,comfort double room,couple,3,2024,3,7.0,comfortable hotel near the historic center with excellent restaurant on the 17th floor with superb view of the city,the location near the historic center  the 17th floor restaurant,"no wardrobe or hangers in the room, only some drawers small room the room did not correspond to the description: no bright no strong trunk"
peru,comfort king room,family,1,2024,3,6.0,pleasant,breakfast,delay in hot water street bulla they gave me a room for disabled
brazil,plus comfort suite,family,4,2024,3,5.0,bad cost benefit!,wide rooms,the air conditioner did not work last night. i asked the reception to send someone to help with it but have not sent us anyone. the oldest breakfast employee was very rude and treated very badly.
spain,comfort double room,family,3,2024,3,7.0,good,located,little room
spain,comfort double room,couple,1,2024,3,7.0,pleasant,the perfect breakfast,the bar and its staff
portugal,comfort double room,couple,1,2024,1,6.0,i've been worse but i've been better.,breakfast.,very small room. high price for service provided.
france,comfort double room,couple,1,2024,3,5.0,passable,no review,"noisy room, at 15 floor, we heard the noise of the cars also noisy lunch room"
italy,comfort king room,couple,4,2024,3,7.0,overall however positive.,"the room intended for breakfast is not really beautiful. too many people, tables all attached. the breakfast, however, is very rich and the staff is kind and helpful. as a vegan, i can say that i managed without problems having what i had requested. first of all, oat milk. the location of the hotel on the other hand is good because not far from the center and from the various attractions. the metro connection is also very close.  we have never used the restaurant. room i have to say super comfortable, with a truly wonderful king size bed.","unfortunately, it was not reported that the wonderful terrace of the 17th floor, one of the reasons why i had chosen the hotel, was not accessible for work in progress. it would have been appreciable that the structure had reported it to booking. another negative thing was the fact that, as often unfortunately abroad, the bathroom did not contemplate the bide.  in addition, the change of towels took place only and exclusively when we left the towels used on the ground, having noticed, after three days, that the towels had not been moved. they should put a warning relating to this ""habit"" that i find it objectively very bad. throw on the ground, in addition to being a gesture that is not stately at all, forces the service staff to collect from the ground. one thing that i find humiliating to impose to those who work. it would be enough to put a lot of cotton to use customers, in which to store used things and to wash, that the service staff could withdraw without problems. a little attention that in a 4 star is expected to find."
spain,plus comfort suite,couple,1,2024,3,6.0,pleasant,location and views,we spent cold at night
portugal,comfort double room,couple,1,2024,2,4.0,disappointing,"the hotel is great, great breakfast, great employees. i was very disappointed was with the room.",no review
luxembourg,comfort double room,couple,2,2024,2,6.0,december for a 4 -soiles,"breakfast was superb, the reception of hosts too","no passage from the cleaning service to the room, we have two nights, the first day someone had the reflex to call us in addition in english to ask us if we needed bath sheets ... the soundproofing is mauvia despite that we stayed at 14th"
portugal,comfort suite,family,1,2024,2,5.0,passable,nothing to point out.,"the way employees speak to guests, an aggressive way, not being delicate or welcoming. it was an experience not to try again."
portugal,comfort double room,group,2,2024,2,5.0,passable,service,not to have a view and not explicit on the site of not having the breakfast included
angola,comfort twin room,couple,3,2024,2,6.0,pleasant,location,lack of a micro wave in the room
spain,comfort double room,couple,2,2024,2,5.0,passable,"the service quite good, the workers of the hotel very friendly the bed is comfortable  it is close to the center without being so close to the streets with a lot of noise","- it was very hot in the room, even with the heating off, it was time to leave the window open at night - it would be fine if they put it more modern, another color of rooms, without carpet, reform the bathrooms, the appearance would change a lot. it is an old hotel, but with a little remodeling it would look very good."
germany,comfort double room,family,1,2024,1,7.0,good,no review,"breakfast was far too expensive for the offer.  the hotel advertises with a view, it also has it if you are unlucky on the back on a large road with dilapidated buildings."
japan,plus comfort suite,couple,2,2024,1,6.0,the room had a terrace and was on a high floor so the view was great.,"the staff members were both very friendly and bad people, so it was hard to decide. the bakery across the road was very tasty and recommended for breakfast.",it's a shame that there are staff who look down on asians.
spain,comfort suite,family,1,2024,1,6.0,pleasant,the situation,"the bad soundproofing of the room they gave us, it was impossible to sleep. the quite unpleasant breakfast staff and the very small dining room for such a large hotel."
brazil,comfort double room,couple,1,2023,12,5.0,i will not come back.,service,breakfast expensive and has no parking.
portugal,comfort double room,couple,1,2024,1,7.0,good,good location and good breakfast,"there should be some contract with a park, as it is difficult to park and the parks around are very expensive."
germany,comfort double room,couple,2,2024,1,7.0,four stars are really questionable here,"the room was modern, the location was very central","breakfast was not worthy of a 4 -star hotel, i would not recommend it, standard things were available, but the quality left a lot to be desired; the prices of the minibar were also very lavish; in the bar, non -alcoholic cocktails cost just as much as alcoholic cocktails, the german broadcasters of the tv did not work"
spain,comfort double room,couple,2,2024,1,7.0,good,"the terrace, the bed, the good treatment of the staff and the boy in charge of the cleaning of the plant.","the size of the room, very small and the supposed terrace."
germany,comfort double room,couple,3,2024,1,7.0,good,"great for a city trip, location super about 5 minutes to the metro. room large but a bit worn.  breakfast was okay from the selection, but no variety, the same thing every day. but can recommend the hotel",no change in the breakfast buffet
italy,comfort king room,couple,3,2023,12,5.0,passable,"the price was not high, but it was certainly not a four star ..",the breakfast was not of quality and there was no variety  the terribly dark common parts ... it should be weaned out the window had drafts
switzerland,comfort double room,family,5,2023,12,4.0,rather not good.,restaurant 17 deg in the attic was friendly and eat very well. location from the hotel well.,"booked comfort double room for me. room very small, small balcony with a small view. (lock approx. 1m left and right facade). everything is very worn out. bath for little people. (everything pressed together.) breakfast buffet for 15.00 euros and 2,00 euros surcharge for a fried egg. personnel not friendly dito reception."
brazil,comfort family room,couple,3,2023,12,1.0,bad,nothing,nothing
netherlands,comfort double room,group,2,2023,12,7.0,great hotel in an excellent location,nice staff,bed was erg hard
spain,comfort king room,couple,3,2023,12,6.0,pleasant,no review,location
germany,comfort double room,solo traveller,2,2023,12,6.0,pleasant,breakfast was good! there was a rain shower in the bathroom. rooms and bathrooms were very appealing.,"i looked at a concrete wall. there was a balcony/ terrace, but the view was bad. i was on the 3rd floor. my room was also on the elevator, so that you always had the noises."
brazil,comfort double room,family,4,2023,11,7.0,"only related to the bathroom that needs reform,","very well located. easy access.   excellent, well diverse breakfast and staff of the excellent hotel. extremely careful and respectful.","the bedroom has an extremely small bathroom problem, it looks like a corridor. it is difficult to be able to use. it really needs a renovation.   breakfast only sins for not leaving individual salt, it is quite uncomfortable to need to share the salt shaker with everyone"
portugal,comfort double room,couple,2,2023,11,7.0,"deleting the room, very good stay.","very friendly, super helpful staff. very good breakfast","the very small, very dark room, almost without sight."
portugal,comfort double room,family,2,2023,11,5.0,passable,i liked the location,i didn't like the room. very expensive for what is
germany,comfort double room,solo traveller,1,2023,11,7.0,everything ok - need an update or renovation again,rooms as expected and booked - get a little old. breakfast was fine. had a little bit of the bahnhofshalle.,mold around the bathtub/shower on the joint bar
portugal,comfort king room,couple,2,2023,11,6.0,the stay was reasonable,great location  good breakfast  comfortable bed,"the room cleansing was done late, and we left for breakfast at 8:30 am and returned at 3:00 pm and only around 3:30 pm they knocked on the door to clean the room when we entered the bathroom/ shampoo bottle was empty and was not placed the other day in cleaning, the shower had no pressure to hear the bathrooms from the side and the street at night"
portugal,plus comfort suite,couple,1,2023,11,6.0,it could have been better,"very good breakfast, and very helpful employees","the nursing windows of the windows, it was windy the windows not to seal, well enough, a lot of air entered the room and caused movement of the doors and the ceiling coating, for the price deserved better"
norway,comfort double room,couple,1,2023,10,7.0,good,no review,was placed between 2 lifts
germany,comfort double room,couple,1,2023,9,7.0,"comfortable hotel, good location for city exploration",location good for exploring the city. breakfast room a bit tight and hectic,no review
france,plus comfort suite,solo traveller,1,2023,10,7.0,there is better,the view and the space of the suite,"the location, the welcome when i arrived was a little cold because the man seeing a young man arrived at believing that i was someone else, when he understood that i had a suite and not a basic room as he thought then he became a little nicer ... but curiously he made me pay everything to arrive even tourist taxes for fear that i don't like it.  we must not judge a book on the cover but what it contains ... the habit does not make the monk."
italy,comfort double room,couple,1,2023,9,7.0,good,no review,the mattress despite being certainly new could be of better quality
netherlands,comfort king room,couple,2,2023,9,6.0,pleasant,the location of the hotel.,the hotel itself has no parking garage. there is a parking garage nearby but is a little ghetto -like. the hotel is both in color as well as the lighting and has an 80s look. the outside of the hotel may be cleaned.
portugal,comfort twin room,couple,1,2023,9,5.0,passable,"location, cleaning and very attentive, friendly and helpful","i didn't like the fact that we have two individual beds instead of having a double bed, we ended up sleeping badly. neither justifications gave us not to have had a double bed."
united kingdom,comfort twin room,family,2,2023,9,7.0,good,all good ... near the center,it has no parking ... the one next to 35 euros 48 hours .... for the hotel price it should be free
france,comfort king room,solo traveller,2,2023,8,7.0,good,everything was clean and comfortable,breakfast with low -qualitative products given the price despite a wide choice. perhaps we should favor quality to quantity?
algeria,comfort double room,solo traveller,1,2023,8,6.0,pleasant,no review,internet problem  there was no internet that day
austria,double room - disability access,couple,4,2023,9,5.0,passable,rooftopbar lage,very loud despite the closed window (2nd floor) very little light in the wood -paneled corridors and also dark lifts
spain,comfort double room,solo traveller,3,2023,8,7.0,acceptable hotel,i liked the bed and there was no noise.,"unbearable noise of the elevator that was heard every time someone used it, i imagine that it only affects rooms near it. but until 12 at the complicated night sleep, i don't imagine a friday or saturday."
france,comfort suite,family,3,2023,8,6.0,pleasant,the lounge bar is nice. the view of the rooms too,"cleaning the rooms is more than approximate, there was a hygiene stamp when we arrived on the ground. breakfast is limited compared to other hotels. the bedding is far from agreeing. the breakfast room sticks to the shoes and the hotel is dilapidated."
azerbaijan,comfort king room,couple,2,2023,8,7.0,good,"the hotel is an old, poor smell of rooms, good breakfasts, on the recipe will help with any questions, in a normal normal",no review
portugal,double room - disability access,solo traveller,1,2023,8,3.0,terrible,no review,"room with very old needing works and cleaning, breakfast is ridiculous a tiny room with people to line the door to get in and after entering the room there were no glasses spent 15 minutes appeared but they were boiling 25 minutes without orange juice could continue but so much, i just sorry for the employees because poor ones were trying to reset things"
spain,comfort family room plus,family,5,2023,8,7.0,normal,location,"it does not have its own parking or the treatment of the restaurant of the 17th floor is not entirely correct, and for not finding the food, that no matter how much makeup as an author food i do not give it for a 4*. very expensive for what we ate. the best views"
austria,comfort twin room,couple,6,2023,8,3.0,best time behind,no review,the smelly carpet in the rooms the very hard mattress (and we actually like hard mattresses) the loud breakfast room the location the service staff that unfortunately not enough english speaks to understand that you want to have salt
france,comfort double room,family,4,2023,8,7.0,good,spacious and comfortable rooms. very relaxing after a hot day. ask a room to the south so as not to have seen the big parking lot. a beautiful view from the bar and the restaurant. the neighborhood is nice and bcp less touristy than the hyper center.,an international style hotel that lacks soul and warmth. the staff is particularly cold. breakfast is abundant but food has no taste as often as this hotel style. in the end i don't think i will come back.
spain,comfort suite,family,2,2023,8,7.0,good,situation close to the historic center,a little expensive
brazil,comfort double room,couple,1,2023,7,7.0,expected more.,coffee and restaurant,"dark corridors and elevators, the painted bathroom is not consistent with a 4 -star, painting from the horrible tub. the building (facade) needs cleaning. work in front of the hotel."
canada,comfort family room plus,family,2,2023,7,7.0,elegant and clean,the staff are expressed in french. hygiene measures (covid) are very well respected. porto view from our very beautiful room,location far from the main attractions. dark and not very bright atmosphere.
germany,comfort single room,solo traveller,1,2023,7,7.0,good,central location. outlook. bar in the 17th floor.,"no direct view from the room, only about winding balcony."
israel,comfort double room,couple,1,2023,7,1.0,most problematic,it's not breakfast. sandwich and coffee are not breakfast,"we ordered a single wheelchair tailored. the room unequivocally is not adjusted to a wheelchair. and that despite we found out on the phone and we were told that the room was adjusted. at the entrance to the hotel.  although we were told friday parking- there is no parking hotel. we arrived with a van, disabled. and he had no parking. also in this regard romanino because we asked on the phone and we were told that the hotel has parking"
spain,comfort double room,family,3,2023,6,7.0,a three -star hotel classified as four stars,i was very clean and in a good location,monotonous breakfast and very unknowing staff in general
portugal,comfort double room,family,1,2023,6,7.0,there is no late check out after s. joao's night,the location,"call 12:10 to the room to remember that i had to check out, which i did at 12:15 pm ... not even on s. joao's day in porto this hotel is tolerant ... anyway ..."
germany,comfort double room,couple,3,2023,6,7.0,good,rooftopbar rooftop-restaurant lage personal,bad fragrance in the room because of the old carpet breakfast very mediocre
germany,comfort double room,group,2,2023,6,7.0,good,"was well located on the old town, the buses drove in front of the hotel",no review
belgium,comfort king room,family,5,2023,5,6.0,pleasant but a little disappointed,the help of room staff,a request prealla the choice of room not taken into consideration via contact booking.com request following the 3rd visit to this establishment
brazil,comfort double room,couple,3,2023,6,6.0,reasonable,no review,"the bathroom was weird to access the shower, had to climb the tub, which was very high and did not have enough support support. the cleaning of the room was good but opened the window and we could not close. i had to call the reception that came next. even knowing the operation of the window, they had some difficulty closing."
israel,comfort double room,couple,5,2023,6,4.0,disappointing,the place was reasonable as we were looking for a hotel with parking,we were in the hotel 5 nights with our arrival in the room there was a bottle of water in 4 tissue tea bags a 5 -liter package and one shower hat. throughout the 5 days these products were not replaced. these are the most basic products that indicate a customer whose cost is very low.
germany,comfort suite,group,8,2023,6,6.0,"good location, price performance ratio is not right",the location was good beds comfortably everything was very clean,breakfast was plentiful but not good quality the suite was on the roadside on the 2nd floor. we expected the suite on the upper floors the rooftop restaurant was mini outdoors. personnel could have been a little friendlier.
spain,comfort double room,group,2,2023,6,7.0,convenient to visit porto,"staff attention, bed and shower",the room furniture gave an old and worn appearance. painting the entire wall and furniture of the same anodine ocher color gives the feeling of being in a cell.
spain,comfort double room,couple,1,2023,3,7.0,good,the location was fine,there were no parkings
germany,comfort family room plus,family,3,2023,5,7.0,good,cheap location for city tours. the great roof top restaurant on the 17 floor with very good food and a nice view in the evening. room in good condition and carefully renovated.,"the breakfast was rather moderate and loveless and the price was not worth: bad coffee, simple sausages, cheap cheese, warm dishes also of sad quality, little bread selection ... tight space in the breakfast room. einziger lichtblick waren frische geschnittene ananas. besser kein fruhstuck bestellen und im nahe gelegenen bolhao markt essen!"
spain,comfort single room,solo traveller,1,2023,5,6.0,correct for work trip,"location, breakfast",they do not give good restaurant service. the products are good but the service is mediocre.
netherlands,comfort twin room,family,2,2023,4,7.0,good,sky bar good bed,coffee at breakfast the cooked eggs were very cold and the egg mass was also not very tasty
spain,comfort double room,couple,1,2023,4,7.0,"total disappointment with breakfast, which makes bad quality price","very good location, clean and personal very friendly.","a total disappointment at breakfast. the bolleria was not fresh or quality, the puff pastry and donuts were not above all that did not seem even the day before they were hard. stop variety but we would have been made up of that it was a fresh product. the entrance to the hotel is at the three portuguese hour seems too late."
spain,comfort double room,couple,5,2023,3,7.0,good,comfort,no review
spain,comfort double room,couple,1,2023,4,6.0,pleasant,a little dark halls or dates,huvication
france,comfort king room,couple,4,2023,4,5.0,very disappointed with this establishment,that the location not very far from the metro,the soundproofing of the very noisy rooms wake up at 5 a.m. compared to the exterior noises rooms not very clean sheets not changed hair in the bathroom the staff not too listening to our requests basic breakfast
spain,comfort double room,family,3,2023,4,7.0,good,facilities,location in the upper part of the city
spain,comfort king room,solo traveller,1,2023,3,7.0,perfect porto site,localizacion,it has no parking
spain,comfort double room,family,2,2023,3,5.0,passable,breakfast,the small room with an unpleasant smell
france,comfort king room,couple,2,2023,4,7.0,"good stay, good pleasant personal location","good breakfast, the view of our room was very beautiful",error 500 (server error)!!1500.that's an error.there was an error. please try again later.that's all we know.
spain,comfort family room plus,family,2,2023,4,7.0,"good location, good treatment.",the location and size of the rooms.,the restaurant size for the buffet breakfast. that a 4* hotel does not put toothbrush.
germany,comfort double room,family,3,2023,3,7.0,good,the central location,that there was no birthday sparkling wine for breakfast for my wife on request.
spain,comfort double room,couple,2,2023,2,7.0,mediocre,the room wide and clean. normal breakfast.,"the staff is not frankly very friendly. very insistent in the hotel regulations when doing the check-in (they make one feel like a vandal or a thief); it would be appreciated that the staff will answer when they are given good morning or thanks, like any human being.  nor is it appreciated that they take time to open the door 5 minutes at night when it is raining outside."
france,comfort double room,couple,1,2023,3,4.0,,no review,no review
portugal,comfort king room,family,1,2023,3,5.0,passable,during the night he opened the door to the spold several times.,no review
spain,comfort double room,couple,2,2023,3,7.0,good,the terrace,when we rest again after eating the room was not fixed
france,comfort double room,family,1,2023,3,7.0,good,"location, welcome ...",no review
switzerland,comfort double room,couple,2,2023,2,6.0,,no review,no review
spain,comfort king double room with romantic package,couple,1,2023,2,7.0,good,"the good and cozy room, the very good breakfast","the bathroom a little small, maybe they had some failure since it was going to celebrate a special date so i bought the romantic package and i had to claim some things included in the reception, such as the porto cup and the details in the room that they should in my opinion seems to give me without having to ask for it."
switzerland,comfort suite,family,1,2023,2,7.0,good,the size of the room!,"the fact that they have installed us on the 1st floor when we stayed in mid-february, no overload at this time of the year. very regrettable! not at all centered for tourist visits to porto."
spain,comfort king room,couple,2,2023,2,7.0,good,"large room, air conditioning heating and good views.","the room was a bit noisy, soundproofing is not well cared for by what is seen. we were staying on the 11th floor, room 07 and was next to an elevator, it was heard until 12 at night. in addition, the shower of the other room is heard a lot."
germany,comfort double room,couple,6,2023,2,7.0,good,"room, breakfast and location ok.","coffee on rooms had to be paid extra, coffee pads cost 1,-euro, we find some piere for a 4 star hotel."
spain,comfort king room,group,1,2023,1,7.0,good,very good location and breakfast ... friendly personnel,the beds a bit hard
portugal,comfort family room plus,group,1,2023,1,6.0,pleasant,no review,the lack of socket to charge the phone in the second quarter. i had to turn off the television so i could use this outlet.
portugal,comfort double room,couple,1,2023,1,7.0,good,no review,i heard the wind in the room a lot
switzerland,comfort double room,couple,4,2022,12,7.0,pleasant,the location was at the top,"proximity to the center, the establishment is well worth these 4 stars."
colombia,comfort family room,family,3,2022,12,1.0,bad,portuguese    terrible. i will never return to this hotel again  espanol   terrible. jamas volvere to this hotel   english    never coming back to this hotel,"portugues   o hotel e um total disaster! from o primeiro dia or distrust foi total, as bad feets, sem crosseseiros, or banheiro sujo e as undertaken deixaram os subjects of limpeza do hotel jogados no quarto.   o cafe da manha e terrivel !! a equipe e rude, pedantic, nao ajuda em. mais voltarei never to this hotel.  mainly to loira that serve or cafe da manha e uma rude complete, terrivel that this type of people and opening openings.  spanish   the hotel is a total disaster! from the first day the discomfort was absolute, the badly lying beds, without pillows, dirty the bathroom and the waitresses left the cleaning items of the hotel lying in the room.  breakfast is terrible !! the staff is rude, pedantic, nothing helpful. i will return to this hotel.  especially the blonde who attends breakfast is a rude, terrible that this type of people and personnel work in a hotel, for people like her never return."
spain,comfort family room plus,family,2,2022,11,4.0,"the staff nothing, the hotel policy less",the hotel itself,"i was dirty,  they closed the room for not having paid it the first night, we arrived with the 4 -year -old girl who had fallen asleep in my arms and we could not open the room where all our things were inside, having left a credit card for possible damage when making check in. he did not open the door and we also had a note of them inside where he said that going down to talk to them at reception ... it was quite uncomfortable more when we were 3 family bedrooms. when we had said we would pay during the stay .."
netherlands,comfort king room,solo traveller,2,2022,12,7.0,great hotel in an excellent location.,"room was spacious and modern, and the hotel was quiet. the location is fantastic with a (paid) parking garage right behind the hotel. bed was a bit hard but fine, being able to sleep well.","it was very hot in the hotel, especially for the month (december). i wanted to cool the room, but the air conditioning did nothing practically. in the summer i would not want to sleep here."
poland,comfort single room,solo traveller,4,2022,12,6.0,sufficient,cleanliness- rooms were cleaned every day.,"the service speaks poorly in english, they started staying with a question about local tax, although i came at 1 am."
denmark,comfort family room plus,family,3,2022,12,7.0,"good location, close to pedestrian street, taxi and bus right outside the door, breakfast is good but not answer to 4*, friendly personal","2 bedroom in one, super good for family with small children who do not have to sleep the same beds or room with parents","the smell a little, the ceiling in time was loose when it blew"
spain,comfort double room,family,2,2022,12,7.0,good,beautiful hotel,the bed is terrible. nothing comfortable or firm. terrible back. they must change mattresses
spain,comfort twin room,family,3,2022,12,7.0,nice stay. support is a very pretty city.,the location.,"the hotel has no parking. it offers the possibility of parking on a parking lot, located in front of the hotel. this is fine. but the hotel should have places reserved for customers."
spain,comfort family room,family,1,2022,12,7.0,good,no review,"the air conditioning of my room was a lot of noise, which made rest difficult"
luxembourg,comfort double room,couple,3,2022,11,4.0,disappointed,very very comfortable cousins   in bed,"breakfast, the bathroom"
france,comfort king room,couple,3,2022,11,6.0,"too expensive... rooms really not at the top! bar, restaurant and top view",the bar and the restaurant are at the top with a magnificent view of porto ... this is the only reason why i come to this hotel,"i reserved a higher category room to avoid the other rooms i know and that i do not like it ... it was a renovated room after booking.com! suffering room walls and brown ceiling (suffocating), faded pink carpet ... 380 eur for 3 nights ... too expensive! there is much better and cheaper in porto"
argentina,comfort double room,family,4,2022,11,5.0,poor quality,i have nothing to highlight.,breakfast is not the quality i expected for a 4 -star hotel
portugal,comfort double room,family,1,2022,10,5.0,passable,no review,breakfast is not on the floor with panoramic views as we are suggested by the images. it is in a corner of the floor of the floor. the smell in the entrance hall is strong and annoying.
belgium,comfort single room,couple,1,2022,9,6.0,pleasant,equipment and bed too old,no review
argentina,comfort double room,couple,2,2022,10,5.0,bad experience,"nothing, very bad experience.","they gave us a very small room that was not like the one we had reserved. they told us that booking had deceived us on their page. after talking and showing what appeared in the search engine, they wanted to charge us 50 euros more to change room. before our insistence of denouncing booking what was happening since in our hiring he said a 25 -meter room and had given us one that had no 15metters. they told us that if we wanted they returned the money and that we went to another hotel. with the passage of more than an hour they offered us a room similar to that of the publication. the truth very bad moment is the first time this happens to me with a reservation."
germany,comfort twin room,family,2,2022,8,1.0,unspecific,no review,personnel not customer -oriented. missing qualification
germany,comfort double room,couple,4,2022,8,7.0,good,"functional, breakfast was good, great bar at a lofty height","you can feel the size of the hotel and the associated, but of course also wanted anonymity."
spain,deluxe panoramic suite,couple,1,2022,10,6.0,not to return.,the bed very comfortable and a view to impressive porto.,"unpleasant staff. there is no parking lot in the hotel (it is in front), they gave me a room that did not correspond to the reserved and less bad that they changed it to me, the air conditioning of the suite similar to the turbine of a plane when it is taken away. the coffee maker and the minibar horrible. it is not a 4 stars."
portugal,comfort single room,solo traveller,1,2022,10,7.0,good,location,quality-price ratio
spain,comfort double room,couple,2,2022,9,7.0,pleasant stay without pretensions,breakfast: well  location: very good room: small,the room and bathroom a little wider
denmark,comfort king room,group,3,2022,9,5.0,passable,"the hotel itself was fine, the rooms were fine",breakfast was bad
spain,comfort double room,couple,3,2022,9,5.0,passable,no review,i couldn't see the views from the terrace ... but lunch you can't go in ... or to take a drink
portugal,comfort single room,solo traveller,2,2022,9,5.0,"for the next, warn that the view is for a ""hole""!",location,"the ""view"" of the room. balcony for a hole."
france,comfort double room,solo traveller,2,2022,9,7.0,very good stay,lots of choices for breakfast with the possibility of a appreciated gluten-free diet good bedding and sanitary appreciated,"only one thing, very noisy breakfast room. my husband wearing hearing aids and it was not possible for him to stay in the main breakfast room. everything else was very good."
germany,comfort twin room,family,2,2022,9,7.0,good,the staff was very friendly and helpful. the restaurant was great.,the bathroom as well as the furniture and carpets would have to be kept better.
italy,comfort king room,couple,3,2022,8,6.0,pleasant,no review,the dirty glass of birds of birds in our room.
germany,comfort family room,solo traveller,1,2022,9,3.0,we had expected more from a 4 star house.,no review,"personnel was very unfriendly with check-in, unfortunately the photos of the rooms do not correspond to reality, wrong ideas are awakened"
france,comfort double room,couple,1,2022,9,7.0,good,location to visit the top city!,"even if it was the last room, the view was not pleasant at all! unable to open the window in the evening with cooking smells!"
netherlands,comfort double room,family,3,2022,9,6.0,pleasant,the location of the hotel,"service when checking in very chaotic and room was not cleaned  bed not made up, towels not changed"
germany,comfort single room,group,4,2022,9,7.0,good,"good location if you are on foot, but still very centrally located.","no bath towel changed,"
germany,comfort double room,couple,2,2022,8,4.0,we weren't satisfied,the location was very good and quite central,"the reception staff was not particularly friendly. it was a carpet in the room that was not clean. the shower did not work well when it should be repaired, it was just as before that the footprints of the plumber were still found. our room was generally getting a bit old and not as we expected"
brazil,comfort king room,couple,4,2022,9,7.0,good,location,"bed and pillows uncomfortable. breakfast also leaves a lot to be desired, no variety, cold breads, few fruits."
spain,comfort family room,family,2,2022,8,7.0,good,"the great restaurant, attention, comfort and food quality.",no review
germany,comfort family room plus,family,1,2022,8,4.0,disappointing,the view of the city.,impersonal and inflexible staff.
portugal,comfort family room plus,family,2,2022,8,5.0,passable,location,very weak breakfast for a 4 -star should be updated.
portugal,comfort twin room,family,5,2022,8,6.0,pleasant,the location of the hotel and the bedroom,no review
germany,comfort single room,family,4,2022,8,7.0,good,"location is great. countless buses take off right in front of the hotel that can be used to drive to all corners of the city. the metro station is also very close. the barrier -free room was well equipped, but access to the hotel was hardly able to create a challenge and even with assistance. the ramp is an imposition. people traveling alone with restricted mobility/ wheelchair users would have no chance to cope with them.",ramp at the integration to the hotel much too steep!
spain,comfort king room,couple,3,2022,8,6.0,pleasant,"the situation, since it was close to commercial and tourist interest areas","the lack of cleanliness in the room, the carpet was very deteriorated, in the toilet, they did not put shampoo until the last day, the first two never there, there were hairs on the bathroom, etc, etc."
spain,comfort twin room,group,2,2022,8,6.0,less than i expected ...,location,the hotel staff. really unfriendly
spain,comfort king room,couple,3,2022,8,7.0,very well located,"the location very well, the room well, we did not have breakfast despite putting breakfast included in booking, we did not know why.",no review
switzerland,comfort double room,couple,2,2022,8,6.0,"cute and comfortable hotel, however, to improve the cleaning","cute the room, kind staff, good and very varied breakfast. good location (10 minutes walk from the center).","from a 4 star i was definitely expected more in terms of cleaning: we found the label of a dress not ours inside a drawer, while outside the balcony it was full of cigarette butts, excrement of birds and other varied dirt. it was not for this reason, my general evaluation would certainly have been higher."
spain,comfort twin room,solo traveller,7,2022,8,7.0,i will not go anymore.,the views from the room,"the beds and the theme of cleaning the room. in addition, breakfast was quite little varied."
italy,comfort double room,group,4,2022,8,7.0,in short ...,good location to visit porto. good breakfast the common spaces in particular the bar of the 17th floor is beautiful.,"covers in the room, limestone in the shower, one evening returning after an excursion lasting the whole day, we found the room not clean and with the bed not redone, asking the reception they told me that they believed they were in the room ... afterwards they cleaned. nobody at the reception speaks italian. not good price quality."
spain,comfort double room,couple,4,2022,8,7.0,very nice staff,"the location, the tourist areas are 10-30 minutes walking. breakfast is complete and if something ends they replenish it. the attention of all staff, which is exceptional.","the room was too small. it was not comfortable to be a 4 -star hotel. i was clean, but not unpollored"
france,comfort twin room,couple,6,2022,8,6.0,bof for a 4 star,the reception is very pretty,you have to ask and/or recall every day for coffee and towels
spain,comfort double room,group,2,2022,8,7.0,good,excellent breakfast,"little light in the hotel, everything is quite dark; babitations, corridors, elevators"
spain,comfort family room plus,family,3,2022,8,6.0,the hotel is correct but if i had to repeat it would look for another more central,everything was very clean and the staff was very attentive. breakfast was varied and we liked it. the views from the upper terrace are spectacular.,"there were no plug in the children's room and that with all the electronic devices with which we travel some discomfort for its load. the hotel is a bit separated from the central area. if it were 5 'closer to the city council, it would be better located."
portugal,comfort twin room,couple,2,2022,8,5.0,passable,no review,bathroom  breakfast
spain,comfort single room,family,4,2022,8,7.0,i expected more due to the category and price of the establishment,staff attention l,"the lack of bide in the bathroom they announce a parkin that they do not have. they send you to one crossing the street with a somewhat peculiar fertilizer system: we were for 4 days and only allow us to pay 3. they say that when we win we make a renewal for one more day, i do so but at a higher price. there is the deception. i guess something would have to do the hotel about it"
italy,comfort double room,couple,2,2022,8,5.0,hotel datato,"comfortable location, you can get to the center quickly and the parking lot remains close to the hotel.",non -clear instructions to park the machine given in a summary way. hotels and rooms dated with negligible cleaning especially in the bathroom. minimal breakfast and with low quality industrial products. overall structure not consistent with the 4 stars.
spain,comfort double room,couple,4,2022,8,7.0,good in general,i was in front of the parking lot,a very fair four stars
france,comfort family room,family,1,2022,8,7.0,where are the 4* ?. good location,location 800 m from the station  comfortable bedding  public parking right next to it. 13 eur for 24 hours,where are the 4 stars. tiny tv unruly  bar dear at the price of a 4 -star
spain,comfort double room,family,3,2022,8,7.0,"great situation; without being the closest to the center, you get to everything walking.","the comfort of the room. the situation, 10 minutes from everything.",breakfast quite bad.
spain,comfort double room,couple,2,2022,8,6.0,pleasant,hotel terrace and location,you can't smoke
ukraine,comfort double room,solo traveller,5,2022,7,6.0,pleasant,food for breakfast and hotel location,cleaning the room
portugal,plus comfort suite,family,2,2022,7,7.0,good,no review,"the bedroom rod needed cleaning, it had a very unpleasant smell."
spain,comfort double room,couple,2,2022,7,7.0,good,the room,no review
spain,comfort family room,family,2,2022,8,7.0,"central hotel, with things to improve",the location. a wide quadruple room for four people,"the deal with the reception personnel on our arrival was very dry and touched the unfriendly. upon entering the room, which we could not access until 3:00 p.m. (we arrived at the hotel at 2:20 p.m.) there was garbage from previous customers and, having 17 plants, they located us on a second floor overlooking the air conditioning devices, which also made a lot of noise at night."
spain,comfort single room,solo traveller,3,2022,7,7.0,a 4 -star hotel in need of more reforms,the treatment of the staff and how close to the center and well communicated with public transport,"the few plugs that had the room. the non -preference of reservations for panoramic restaurant for hotel customers. breakfast was not four stars. the room had the old system air conditioning, the opening of the window was small and the cabinet and the furniture of the bathroom of little capacity. very small and old system, not current."
portugal,comfort single room,solo traveller,1,2022,8,1.0,suck generis,various breakfast that should be good but due to the successful i did not want to enjoy it conveniently,"to be approached at a haughty, unpleasant, arrogant and authoritarian tone, it seems to be running after someone who was on the run) by the receptionist when going to the car put half of the luggage if he had checked out... when the stay was settled when the reserve without possibility of cancellation!  4 stars room leaves something to be desired! they stated that it was a ""superior"" room, i do not dare to think about what the normal ones will be! in the attributed room it will eventually be necessary disinfestation, as they appeared 3 times insects in the toilet fallen on the floor. i think they came from the false ceiling because they were still alive... also the washing of the entrance stairs (front and side) without any wet floor signage or careful to become dangerous. it was my experience and this is not a complaint!"
brazil,comfort double room,solo traveller,1,2022,7,7.0,i do not recommend and would not return to this hotel.,"the location of the hotel is good, close to the main streets and sights.","the hotel has no accessibility, when you arrive you have stairs to reach the reception. cleaning the room also left something to be desired and the reception is not prepared to give the tourist tips. the daily rate is high for hotel accommodations. the hotel restaurant has a beautiful view of the city of porto, but the service is terrible. i waited 20 minutes to receive the menu and then 10 minutes for the waiter to take the order. as the waiter did not come, i had to get up and drive to him to ask the request to be made."
france,comfort family room plus,group,1,2022,7,7.0,good,localisation nickel,"i have never seen a room with 0 taking, impossible to load my cell phone, i had to put it in the children's room. given the price we pay for it to be incredible !!!"
spain,comfort double room,group,4,2022,7,7.0,"all good, but not to be 4 stars",restaurant on the last floor with views.,"the room was not very large and a very left terrace, to be a 4 -star hotel"
portugal,comfort double room,couple,1,2022,7,5.0,passable,location,noise of other customers in the nearby rooms in rest time (2.30 a.m)
netherlands,comfort double room,solo traveller,6,2022,7,7.0,"great hotel, nice location","great hotel within walking distance of the center (something outside). has everything you need, breakfast was great but nothing to write home about. every day the same so after a week is bored. there are also plenty of great breakfast/lunch cafes in the area where you can have breakfast much better.","mattresses were hard, so not very comfortable. cleaners only arrived late in the day to clean my room when i was back home (after 4 pm). furthermore, i did not ask if they could bring something (toilet paper, towels). 1x had a fault with the lifts, so that an alarm went off all afternoon, and i had to walk up 5 stairs to my room (while pregnant - was not looked over). then also performed a test again with the power unit, so there was no power in the rooms for an hour. no compensation or apologies, a pity."
spain,comfort double room,family,1,2022,7,7.0,"a good accommodation option in porto, relatively close to the city's points of interest","the room is comfortable. the bathroom, well and the bed quite comfortable. its location is quite good, not far from porto's tourist interest points. although the hotel does not have its own parking, the parking only (a few 100m) acts as a hotel parking. for eur 13 you get a full day bonus, with which you can enter and leave as many times.","breakfast is nothing more than passable. little variety and quality of mediocre products in general. the staff is a bit rancid. although those who frequently travel to portugal, either for work and/or for pleasure, we know that kindness, humility and desire to please have been lost in most cases. today in easy to find quite dry people."
france,comfort double room,couple,4,2022,7,6.0,"the hotel is not worth 4 stars, quality ratio is not terrible",the sympathetic staff  room cleanliness (households done every day)  the restaurant on the 17th floor with the view of the city,"the fairly narrow room with the view of the concrete parking lot and without a balcony ... it's not worth the 4 stars.  music in the bathroom did not work  entrance to the fairly narrow bathroom between the sink and the shower ... very average breakfast, don't worth 4 stars  the gym was ""in maintenance"""
germany,plus comfort suite,family,1,2022,7,7.0,"stadthotel in a good location, parking garage opposite (not incl.)","location, view from the balcony, nice staff","cleanliness on the balcony (a lot of bird dirt!), there are only 2 chairs for 3 guests; glasses not all clean not good lighting on the third person bed (sofa bed)"
france,comfort double room,couple,3,2022,7,7.0,good,personal location,no french channel tv not changed the towels during the stay
chile,comfort king room,couple,2,2022,7,7.0,good hotel,good breakfast ... good attention,the bathroom
portugal,comfort double room,couple,1,2022,7,7.0,extremely,"breakfast was very nice, extremely diverse. regarding employees, quite welcoming and always ready to help. very pleasant and accessible location.",no review
france,comfort family room plus,family,7,2022,7,6.0,a little too high value for money,"the bedding was very comfortable, the room for 4 was good, so spacious.","the balcony was dirty (seagull droppings), a day we found when we returned from a walk that the room had been poorly cleaned (unrealized, unrepatured water); we wanted to use the fitness room, we were told that it was under construction but the next day, with another interlocutor, it was available and not in work ... weird"
spain,comfort double room,couple,5,2022,7,7.0,good,the location and the restaurant on floor 18 ...,the price of the room somewhat excessive (eur 120/night). i expected a somewhat more spacious room. the bed was comfortable but the room somewhat small
portugal,comfort double room,family,2,2022,7,6.0,median,no review,"i thought i paid with breakfast included, but no. at the reception they just said no and did not strive to include breakfast. small room, awarded an annoying noise, especially at night, interval of 15/16 seconds for 24 hours! it was work. valve firing sensation. on the second night i complained, sent a security guard who just confirmed the noise. distant employees. a room maid neither good morning nor good afternoon. for 4 stars left something to be desired. nor parking."
spain,comfort double room,couple,3,2022,7,3.0,leakage,the bed,"that i chose it for the price and what is my surprise that they charged me eur 2 to verify that the card was true (come on, for their pretty face) and then eur 2 more per person and day as a government rate .... total, that when i went to pay, of the initial price for which i chosen it there was not even the coma of decimals, in three minutes i had paid 10 euros of more. i don't like these triquinuelas, i have felt cheated in my whole face."
morocco,comfort double room,couple,4,2022,7,7.0,good,the staff are very helpful,breakfast
switzerland,comfort king room,couple,2,2022,7,6.0,pleasant,the 17th floor bar with its open terrace,sad room with too small windows
france,comfort king room,couple,3,2022,7,5.0,fortunately satisfied that booking.com intervened for a room change,happy with the change of room on the 11th floor,"the first room on the 2nd floor facing a large covered parking lot, suddenly, very dark and very noisy."
argentina,comfort king room,couple,4,2022,7,7.0,good,"the staff was very friendly, they helped us with the suitcases upon our arrival. breakfast was very good and quite complete.","the room was too small as well as the bathroom. the location of the hotel was the worst, it was far from the areas of attractions and walks and the worst was the return because it was all uphill."
canada,comfort double room,couple,3,2022,7,6.0,a really expensive experience.,the staff was friendly and attentive.,breakfast... what a disappointment. do not think that you will taste your breakfast with the view you see in the photos (the reason why i rented this hotel) breakfast is passing on the ground floor.  i am portuguese and i was really disappointed with the quality of breakfast ... in fact i did not really take advantage of ... you enjoyed better quality in small cafes near the hotel.
switzerland,comfort double room,couple,2,2022,6,5.0,passable,no review,"the double bed is far too small for two people.  breakfast is not to diversify enough, not great!"
italy,comfort double room,couple,2,2022,6,5.0,passable,the roof,"not welcoming and professional welcome staff, breakfast low quality products attached lift is certainly not a 4 star !!!"
spain,comfort double room,couple,2,2022,6,6.0,very disappointed i do not recommend it,the good location  good views,breakfast was not good. the coffee seemed instantaneous. there was no natural juice of any kind. the scrambled eggs knew badly for a 4 star hotel leaves a lot to be desired. i do not recommend it !!!
netherlands,comfort double room,family,2,2022,5,7.0,furthermore great outside,no review,room was also the balcony with little light on the small side
austria,comfort twin room,group,4,2022,6,5.0,passable,no review,"additional debit eur 94, - which i cannot assign"
france,comfort single room,solo traveller,1,2022,6,7.0,good,the 17 floor bar with the panorama throughout the city.,"the room with seen on the antennas and the wall opposite, a few meters !!"
finland,comfort family room plus,family,1,2022,6,6.0,old hotel,location to the center,old equipment carpet floors.
spain,comfort king room,couple,1,2022,6,1.0,very shabby room for supposed 4 -star hotel,breakfast was correct,"the treatment, location and room that gave us a corner, with a very small bath, where it was not possible, the slippery and complicated bathtub to enter and leave since it was very high to enter, a mini flat screen that did not look good from the bed and the location was more than 25 minutes walk to the tourist attractions of the city when it put on its website that was 400 meters from the historic center."
italy,comfort double room,couple,2,2022,4,7.0,in short...,dignified accommodation 25 minutes walk from the city center.,staff not always attentive to the customer; disinfectant for the hands to the exhausted entrance for several hours in a row.
israel,comfort king room,couple,2,2022,6,7.0,not highly recommended,"the size of the room, a very large and convenient bed, a reasonable parking at a reasonable cost. a reasonable breakfast.","the atmosphere in the room is unpleasant, a floor furniture and cream walls, looks very outdated. thin carpet, a small, narrow shower. location is not really in the center, from central attractions back to the hotel about 15-30 minutes strenuously. the team ratio in the reception, including very warm and hearty and slightly more personal attitude. in summary, inadequate consideration for the price."
italy,comfort single room,solo traveller,1,2022,5,7.0,a large hotel in a quite central location in porto.,"the staff was very friendly and helped me in a difficult situation. the breakfast was very good, even if i expected something more for the type of structure. the room was quiet and clean, even if very small.","in relation to the size of the room, and the services offered the price i think it is still a little excessive. the hotel is 4 stars, but it does not give you this great impression ""premium""."
france,comfort double room,couple,3,2022,6,6.0,pleasant,the location. the staff at friendly reception. the bar staff especially the server with beautiful blue eyes. the very good panoramic restaurant.,we have booked for the panoramic restaurant for 7:30 p.m. and when we present ourselves we are told that there is no room. that you have to come back the next day.
germany,comfort double room,couple,1,2022,6,6.0,pleasant,the location was okay and the roof terrace is beautiful. breakfast sufficient.,"the room was small and dark. it was also next to the elevator and it was constantly heard of its noises. bad was also tiny. fortunately, there were only one night there."
germany,comfort king room,couple,2,2022,5,7.0,good,great location! very nice staff.,"the hotel looks bad from the outside. breakfast is ok, but there are better options for eur 13 per person. 3 stars motel one's can do that too."
netherlands,comfort twin room,couple,3,2022,5,5.0,passable,"nice large room with balcony, wonderful beds.","price, quality ratio is incorrect. breakfast didn't mean much. we have not seen any cheerful staff member in 4 days. hygiene in the room was fine, but with the balcony and the side window there were all dead birds among the beams."
israel,comfort king double room with romantic package,couple,1,2022,5,5.0,passable,the bar found on the 17th floor and overlooks porto,the hotel is dark and dark furniture is unpleasant
france,comfort king room,family,3,2022,5,7.0,pleasant set,the size of the room was very appreciable,"noisy room, it was located below the bar and restaurant. the equipment and more particularly the bathroom are to be renovated."
netherlands,comfort double room,group,7,2022,4,7.0,i enjoyed,"location itself was good but i expected that ""down town"" was slightly closer to the river.",no review
denmark,comfort double room,couple,3,2022,5,7.0,good,the view from the 17 floor and the location.,we were disappointed with the quality of the meat when you consider that it was a 4-star hotel.
spain,comfort double room,couple,3,2022,4,7.0,good,terrace  the room,nothing was wrong to say that i didn't like it
spain,comfort suite,group,1,2022,5,5.0,passable,the room decoration,"small rooms, small television, bad pastries, breakfast in general bad and juice ...."
spain,comfort double room,group,4,2022,5,6.0,pleasant,the location,the size of habituation and light
austria,comfort single room,solo traveller,4,2022,5,7.0,good,there is a bar with a great view. metro and buses can be reached on foot in a few minutes.,"the room was right next to the lift; the noises of the lift (machine noises) were heard all night. if you have a very easy sleep, you could be disturbed.  the direct area of   the hotel offers nothing special."
ecuador,comfort double room,family,1,2022,4,7.0,good location!,good roof bar with view of the antigua city.,"the bar had little variety of food, but it is not a problem if you want to take cocktails."
netherlands,comfort double room,group,4,2022,5,7.0,"good hotel, great restaurant with ditto view","great breakfast, location within walking distance of the center. staff friendly, checking in is a difficult process with the same questions several times","reception is very small, which yields slow service and rows"
spain,comfort double room,family,1,2022,5,4.0,disappointment,the pillows  breakfast,that could not smoke. not having 24h bar rooms service that we asked in time for seasonal fruit first they told me that there were no. then they tell me that if they have orange and strawberries and i think good that better that nothing raised me banana and orange not having a separate shampoo and gel  toothbrush and paste some comb and the reception entrance smelled like old
france,comfort double room,group,4,2022,5,6.0,correct value for money,no review,beds too small small bedrooms
spain,comfort double room,group,4,2022,5,6.0,pleasant,"the small terrace in the cafeteria, very pleasant to take a snack. and the location, excellent, very close to two important subway stations, and very close to accessing any tourist site in the city","the rooms are small and with very little light. nothing accounts ... for a couple of days that you will only be in the room just, acceptable, but but a bit overwhelming. i insist, especially the light ..."
spain,comfort double room,group,4,2022,5,7.0,little cozy rooms,location and terrace,the size of the rooms and the lack of natural light
italy,comfort double room,couple,2,2022,4,7.0,beautiful structure but not comfortable for the central area,service and restaurant (fine dining),position
france,comfort king double room with romantic package,couple,2,2022,4,6.0,expensive for what it is a shame,the panoramic view of the restaurant restaurant,breakfast is not worthy of a 4 star or even the decoration. a reception hall with a really bof floor lino
portugal,comfort family room,family,2,2022,4,6.0,pleasant,we like the location,"we made reservation, with a comfort family suite, with 1 double bed, and 2 individual beds. when we arrived we had room with 4 individual beds. in the first night we changed the room, to have a double bed, and individual couple and put a divan. on the second day we exchanged room for what we had made reserve and paid. in this all on arrival day we were exhausted and had 1h30m, waiting for us to get a solution"
spain,comfort single room,solo traveller,1,2022,4,6.0,pleasant,the views from the room,cleaning the cafeteria
spain,comfort family room,family,4,2022,4,7.0,good,no review,i had problems with laundry and until the night they did not recover the towels and a couple of days left us with less towels
spain,plus comfort suite,family,3,2022,4,7.0,comfortable and quiet.,the room and location. full breakfast.,"bar food would have to improve a lot because the price is high compared to quality. the sofa bed for comfort plus is very uncomfortable, they could change it to a more comfortable one. and at reception they would have to know spanish because of the proximity of the two countries since there is a lot of spanish tourism."
spain,comfort double room,couple,1,2022,4,5.0,i would not repeat stay in this hotel,"very normal breakfast, good location. nice terrace with bar in 17th floor","there were no towels in the room, we had to wait for them to bring us, because the laundry service was external, and they told us that it was no hotel problem. you announce it as a hotel with parking, and you don't have. 4 stars that do not reach three"
hungary,comfort double room,group,4,2022,4,1.0,i don't recommend it to anyone,"area, breakfast excellent. the room was very noisy in the immediate vicinity of 5 elevators and staircases. we couldn't rest, we couldn't sleep, we asked them to help us, but they didn't.","the room was unbearably noisy at night, we had to sleep with ear plugs, the metallic noise of the elevators and the blows disturbed the night."
spain,comfort twin room,family,2,2022,4,4.6,disappointing,"nothing. it is a 4 -star but emerged hotel, very expensive value for money","all in general and quite dry and unfriendly staff, but worse the individual room that looked like a zulo for the price they charge, the very bad and scarce buffet ... would never come back"
france,comfort single room,solo traveller,3,2022,4,7.0,good,geographic location,no review
peru,comfort family room plus,family,2,2022,4,1.0,regular,location,fourth was not like photos every girls
portugal,comfort double room,family,3,2022,4,7.0,on global all good,location,out of the bathtub is wide and a person with little mobility has difficulty leaving the bath
germany,comfort double room,couple,2,2022,4,7.0,"due to the hard bed, we actually drove a day earlier.",great breakfast and great location.,"the mattresses from the bed were hard, i didn't sleep all night."
netherlands,comfort king room,couple,2,2022,3,7.0,a good hotel for a continuous traveler.,"the restaurant is beautifully situated and you can eat delicious food. the staff is extremely friendly and hospitable. the hotel itself, on the other hand, is no more than place where you have a room, you can sleep and have breakfast. exactly as you want from a hotel, but nothing more than that.","the reception is not very inviting, just as the employee who received us. the hotel very dark and somewhat gloomy. in the breakfast room, the table is far too close together."
guadeloupe,comfort family room plus,group,3,2022,4,7.0,good,"view, calm and good location","breakfast was average. the sausages are vulgar mini boxes in a box, inadmissible when you know portuguese gastronomy.  in our suite of 2 bedrooms, no sockets to connect anything in one of the 2."
germany,comfort king room,couple,4,2022,3,5.0,there will be no further stay in this hotel!,"breakfast, good mattresses, good drinks in the bar!","hotel seems wiped up, furnishing style of the hotel dark, l cloudy and unbelievable!"
france,comfort double room,couple,4,2022,4,6.0,i think a simple hello from the 3 -quarter of the person and it would have changed a lot,location and cleanliness,"one in three people of the staff called hello. on arrival, no information is given to us on visits, transport ... i inquired in the parking lot and at the reception, i was ""told"" to go to the parking in front ... thank you 48 eur for 36 hours. the bedding well, bathroom and cleanliness too, but we did not feel well in the room because it is very dark and just has a small window on the side. i do not recommend if you have the means ..."
france,comfort king room,couple,5,2022,3,7.0,overall pleasant,proximity to the historic center. near the airport line metro. the breakfast service very good and effective staff.,"rather impersonal, it's a large hotel. strict schedule to recover the room. in addition minimum service at the level of the household."
germany,comfort king room,group,4,2022,3,7.0,good,"small defects (safe, door lock) were immediately remedied; friendly, helpful reception",the bathroom is very small and has no (!) ventilation
israel,comfort king room,couple,2,2022,3,7.0,overall all fine,"good location, spacious rooms, excellent roof restaurant with spectacular views",there is no ventilation in the toilet rooms breakfast was not for my taste
spain,comfort king room,solo traveller,2,2022,3,6.0,"very beautiful terrace to 17 floor, the rest has nothing to do with a 4 stars","the terrace is fine, its location is very central","the rooms and the hotel in general would need a renovation: it has this medium-viejo/ninety-year style that does not fit well. my particular room had the head of the old and spent bed, the air conditioning module of the early 2000s, and half -parking for half city. and not a lion was soundproof, that people were heard from the neighboring rooms. very small breakfast room. four stars just by having the terrace to 17 floor, basically. the rest would need a deep update."
spain,comfort double room,group,2,2022,3,4.0,disappointing,the hotel terrace,"the rooms were very small and the marriage beds of 1.35, for a 4 -star hotel i do not see it logical"
france,comfort double room,couple,2,2022,3,7.0,hotel tour near the center,"an aging modern hotel (tower), close to the center (500m on foot) with a paid parking lot just opposite (eur 13/1j and 21 eur 2j). the room was clean, well arranged, good bedding and the functional bathroom. hearty breakfast in a noisy room.","very dark room with an offbeat window, without view despite the 15th floor. we expressly asked for a quiet room far from the elevators and we had a room next to the 2 elevators and the service room with elevator ...."
portugal,comfort king room,group,3,2022,3,7.0,good,"staff's attention was 5 stars, always very available. the breakfast very good and with a lot of variety. location is another very positive point. the bar service and that incredible view is the highest point without doubt, all very harmonious, from the decoration of space, concept to service, the view is really something wonderful, especially at night, which makes it almost like a melody was","it was not the first time i was staying in this hotel, but this time the room that was attributed to me has disappointed a little, namely the lack of maintenance that i needed, i refer this since in the bed was really in poor condition, especially the fact that it was next to the zone of the pillows, it appeared to be ""rust"" able, especially for a stay of 3 nights ..."
italy,comfort double room,group,2,2022,3,6.0,pleasant,position,breakfast
portugal,comfort king room,couple,2,2022,3,7.0,good,"well -located room, good tissue, quality bathroom products. good and complete breakfast","from the non -existence of an exhaust in the bathroom: severe failure! well renewed bathroom. back and puf's back, deep in this, something too spent. remaining sofas, comfortable."
hungary,comfort double room,couple,3,2022,3,7.0,the perfect choice for a 3 -day sightseeing tour.,"breakfast was very good, staff direct, helpful.",no review
austria,plus comfort suite,family,5,2024,1,10.0,just recommend it.,"personal very friendly. room always very clean !! breakfast very good, however, the room very small.  outlook in the sweet gigantic on new year's eve. could see everything from the 14th floor. wonderful very central. you can find everything you need and get there with the metro, especially with children for excursions.",no review
spain,plus comfort suite,family,5,2023,12,9.0,superb,the whole hotel rooms views location personal cleaning all very well,no review
france,comfort twin room,couple,3,2023,11,10.0,exceptional stay,location in the city center interior decoration the spacious room with a view of the city the friendly staff who speak french  a varied breakfast and a superb restaurant on the 17 floor,ras
spain,comfort double room,family,2,2023,8,8.0,very good,the room views and restaurant,"breakfast slightly for four stars. the little spacious breakfast zone, a bit tight."
brazil,comfort family room,family,1,2023,7,10.0,"all wonderful, excellent!",all perfect !!,all perfect !!!
brazil,plus comfort suite,family,2,2023,6,10.0,"one of the best hotels, we will definitely be back in december again.","our stay was wonderful, very well received, the team provided a very comfortable room, we celebrated our wedding anniversary and had a beautiful surprise there returning from the room, sparkling and delicious cookies.  delicious breakfast, with a lot of variety.  not to mention the great location.",no review
united kingdom,comfort double room,solo traveller,2,2023,3,9.0,and excellent,comfort,the sympathy of employees
portugal,comfort suite,family,1,2022,12,8.0,very good,"location, room conditions and restaurant with stunning view!",the breakfast service. small space for many people and the replacements were insufficient for the number of people.
netherlands,comfort double room,group,3,2022,12,8.0,very good,breakfast,nothing
germany,comfort twin room,group,3,2022,11,10.0,central and pleasant personal,very central and clean,nothing
france,comfort double room,solo traveller,2,2022,10,9.0,"hotel very well located, good bedding clean and kindness of the staff. do not miss the view from the 17th etag","i liked the sight, the situation, the kindness of the staff.",the austerity of the outdoor building
spain,comfort king room,family,5,2022,7,9.0,very good,and,no review
france,comfort double room,couple,1,2022,7,9.0,very pleasant stay that meets our expectations,staff home - comfort - cleanliness,no review
france,comfort double room,family,3,2022,7,8.0,parfait,location - rooftop - room - restaurant / bar - welcoming staff - cleanliness,no review
belgium,comfort king room,family,4,2022,5,8.0,pleasant,personnel availability,the distance from the center of the city
portugal,comfort single room,solo traveller,1,2022,7,9.0,superb,"the view, the good presentation of the hotel, the breakfast with immense variety",television didn't work well
france,comfort double room,couple,4,2022,4,10.0,pleasant and relaxing stay.,"this establishment is very well located. near merchant squares, leading directly to the center of the city. the room was clean, quiet and spacious. the staff members are all welcoming, attentive and pleasant. the restaurant and the bar on the last floor is really to be done, because the view is incredible.",no review
kazakhstan,comfort family room,family,1,2025,3,10.0,exceptional,no review,no review
united states,comfort twin room,couple,2,2025,2,9.0,superb,no review,no review
spain,comfort double room,couple,2,2025,2,9.0,superb,no review,no review
switzerland,comfort double room,couple,1,2025,2,8.0,very good,no review,no review
united kingdom,comfort single room,solo traveller,3,2024,12,8.0,very good,no review,no review
chile,comfort family room,family,2,2025,2,9.0,superb,no review,no review
turkey,comfort single room,solo traveller,1,2025,2,8.0,very good,no review,no review
ireland,comfort suite,family,3,2025,1,10.0,exceptional,no review,no review
portugal,comfort double room,family,3,2025,1,10.0,exceptional,no review,no review
germany,plus comfort suite,group,3,2025,1,10.0,exceptional,no review,no review
italy,comfort double room,group,1,2025,1,9.0,superb,no review,no review
belgium,comfort single room,group,3,2025,1,8.0,very good,no review,no review
spain,comfort king room,couple,3,2025,1,9.0,superb,no review,no review
switzerland,comfort king room,couple,2,2025,1,9.0,superb,no review,no review
puerto rico,comfort king room,couple,4,2025,1,10.0,exceptional,no review,no review
serbia,comfort family room plus,family,1,2025,1,10.0,exceptional,no review,no review
brazil,comfort king room,group,3,2024,12,10.0,exceptional,no review,no review
united kingdom,comfort family room,family,1,2025,1,9.0,superb,no review,no review
malta,comfort double room,couple,2,2025,1,9.0,superb,no review,no review
slovenia,comfort double room,couple,2,2025,1,8.0,very good,no review,no review
switzerland,comfort king room,couple,4,2025,1,10.0,"big and comfortable rooms, very nice breakfast, personal very gently i would totally recommend!!",no review,no review
switzerland,plus comfort suite,group,2,2024,12,8.0,very good,no review,no review
ukraine,comfort twin room,family,2,2024,12,9.0,superb,no review,no review
israel,comfort double room,family,2,2024,12,10.0,exceptional,no review,no review
norway,comfort double room,solo traveller,6,2024,11,8.0,very good,no review,no review
georgia,comfort double room,couple,2,2024,12,9.0,superb,no review,no review
united states,comfort king room,couple,3,2024,10,8.0,very good,no review,no review
canada,comfort double room,family,1,2024,11,9.0,superb,no review,no review
canada,comfort king room,family,2,2024,11,9.0,superb,no review,no review
united states,comfort family room,family,1,2024,12,10.0,exceptional,no review,no review
morocco,comfort double room,couple,2,2024,12,9.0,superb,no review,no review
united kingdom,comfort double room,solo traveller,4,2024,12,8.0,very good,no review,no review
puerto rico,comfort king double room with romantic package,couple,3,2024,11,9.0,superb,no review,no review
croatia,comfort single room,solo traveller,8,2024,11,10.0,exceptional,no review,no review
ireland,comfort double room,couple,1,2024,11,10.0,exceptional,no review,no review
iceland,comfort double room,couple,3,2024,9,8.0,very good,no review,no review
spain,comfort king room,couple,3,2024,9,8.0,very good,no review,no review
sweden,comfort suite,family,3,2024,11,8.0,very good,no review,no review
switzerland,comfort king room,solo traveller,1,2024,11,10.0,exceptional,no review,no review
netherlands,comfort king room,couple,1,2024,11,9.0,superb,no review,no review
canada,comfort king room,couple,4,2024,10,9.0,superb,no review,no review
ireland,comfort double room,solo traveller,4,2024,9,10.0,exceptional,no review,no review
armenia,comfort double room,family,2,2024,8,9.0,superb,no review,no review
united kingdom,comfort suite,group,3,2024,10,9.0,superb,no review,no review
lithuania,comfort suite,family,1,2024,10,10.0,exceptional,no review,no review
united kingdom,comfort single room,group,2,2024,9,8.0,very good,no review,no review
united kingdom,plus comfort suite,couple,3,2024,10,10.0,exceptional,no review,no review
denmark,comfort double room,solo traveller,1,2024,10,8.0,very good,no review,no review
united kingdom,comfort double room,couple,4,2024,10,9.0,superb,no review,no review
united states,comfort king room,couple,3,2024,10,9.0,superb,no review,no review
united states,comfort king room,couple,4,2024,9,9.0,nice stay,no review,no review
sweden,comfort king room,couple,4,2024,10,10.0,exceptional,no review,no review
portugal,comfort king room,solo traveller,1,2024,10,10.0,exceptional,no review,no review
australia,deluxe panoramic suite,couple,4,2024,10,8.0,very good,no review,no review
united kingdom,comfort single room,solo traveller,2,2024,9,8.0,very good,no review,no review
united kingdom,suite premium deluxe,couple,2,2024,9,10.0,exceptional,no review,no review
israel,comfort king room,family,4,2024,9,9.0,superb,no review,no review
ireland,comfort king room,family,1,2024,9,8.0,very good,no review,no review
canada,comfort double room,couple,3,2024,9,8.0,very good,no review,no review
ireland,comfort twin room,family,1,2024,9,8.0,very good,no review,no review
netherlands,comfort single room,group,1,2024,7,10.0,exceptional,no review,no review
brazil,comfort family room,family,1,2024,8,10.0,exceptional,no review,no review
united kingdom,comfort double room,couple,3,2024,9,9.0,superb,no review,no review
united states,comfort king room,couple,2,2024,9,10.0,exceptional,no review,no review
netherlands,comfort twin room,solo traveller,1,2024,8,10.0,exceptional,no review,no review
ireland,comfort king room,couple,5,2024,7,8.0,very good,no review,no review
greece,comfort twin room,couple,1,2024,8,9.0,superb,no review,no review
canada,comfort double room,couple,2,2024,8,8.0,very good,no review,no review
portugal,comfort double room,solo traveller,1,2024,8,10.0,exceptional,no review,no review
united states,comfort double room,family,1,2024,8,10.0,exceptional,no review,no review
united kingdom,comfort double room,solo traveller,4,2024,8,9.0,superb,no review,no review
united states,comfort double room,couple,3,2024,8,9.0,superb,no review,no review
australia,comfort double room,couple,3,2024,8,9.0,superb,no review,no review
united kingdom,comfort double room,couple,4,2024,8,8.0,very good,no review,no review
israel,plus comfort suite,family,2,2024,8,8.0,very good,no review,no review
australia,comfort single room,solo traveller,4,2024,8,8.0,very good,no review,no review
canada,comfort king room,couple,1,2024,8,8.0,very good,no review,no review
portugal,comfort double room,solo traveller,1,2024,8,10.0,exceptional,no review,no review
spain,comfort family room,family,1,2024,7,9.0,superb,no review,no review
portugal,deluxe panoramic suite,group,3,2024,4,9.0,superb,no review,no review
united kingdom,comfort twin room,family,1,2024,7,9.0,superb,no review,no review
united kingdom,comfort single room,solo traveller,2,2024,7,9.0,superb,no review,no review
portugal,comfort double room,couple,2,2024,7,9.0,superb,no review,no review
united kingdom,comfort double room,couple,4,2024,7,10.0,exceptional,no review,no review
lebanon,plus comfort suite,family,3,2024,6,9.0,superb,no review,no review
united kingdom,comfort double room,couple,1,2024,7,9.0,superb,no review,no review
canada,comfort king room,couple,2,2024,7,8.0,very good,no review,no review
israel,comfort double room,family,2,2024,7,8.0,very good,no review,no review
israel,comfort king room,couple,3,2024,7,9.0,superb,no review,no review
switzerland,comfort single room,solo traveller,1,2024,6,10.0,exceptional,no review,no review
romania,comfort king room,couple,3,2024,7,10.0,exceptional,no review,no review
belgium,comfort double room,solo traveller,1,2024,7,9.0,superb,no review,no review
canada,comfort king room,family,4,2024,7,9.0,"excellent location in the heart of porto, with top class amenities",no review,no review
portugal,comfort single room,solo traveller,1,2024,7,9.0,superb,no review,no review
united states,comfort family room plus,family,2,2024,6,8.0,very good,no review,no review
united kingdom,comfort family room,family,1,2024,6,10.0,exceptional,no review,no review
australia,comfort double room,couple,4,2024,6,8.0,very good,no review,no review
united kingdom,comfort double room,couple,1,2024,6,10.0,exceptional,no review,no review
ireland,comfort double room,couple,3,2024,6,10.0,exceptional,no review,no review
puerto rico,comfort family room plus,family,4,2024,3,10.0,exceptional,no review,no review
qatar,comfort family room plus,family,3,2024,6,8.0,very good,no review,no review
qatar,comfort family room,family,2,2024,6,8.0,very good,no review,no review
australia,suite premium deluxe,solo traveller,3,2024,6,10.0,exceptional,no review,no review
canada,comfort double room,couple,2,2024,6,8.0,very good,no review,no review
united states,comfort twin room,family,1,2024,6,9.0,superb,no review,no review
canada,comfort twin room,group,1,2024,6,9.0,superb,no review,no review
united kingdom,double room - disability access,group,3,2024,6,8.0,very good,no review,no review
united states,comfort king room,family,4,2024,6,10.0,exceptional,no review,no review
united states,comfort suite,family,2,2024,6,10.0,exceptional,no review,no review
united kingdom,comfort king room,group,3,2024,6,10.0,exceptional,no review,no review
united kingdom,comfort double room,family,1,2024,6,9.0,superb,no review,no review
israel,comfort king room,group,3,2024,5,8.0,very good,no review,no review
united kingdom,comfort family room plus,family,3,2024,5,8.0,very good,no review,no review
netherlands,comfort single room,solo traveller,2,2024,3,8.0,very good,no review,no review
mozambique,double room - disability access,solo traveller,2,2024,5,8.0,very good,no review,no review
turkey,comfort double room,family,1,2024,5,10.0,exceptional,no review,no review
iceland,comfort king room,family,7,2024,5,8.0,very good,no review,no review
thailand,comfort twin room,couple,1,2024,5,10.0,exceptional,no review,no review
slovenia,comfort family room,family,3,2024,5,8.0,very good,no review,no review
united kingdom,comfort double room,couple,3,2024,4,8.0,very good,no review,no review
germany,comfort double room,family,2,2024,4,9.0,superb,no review,no review
malta,comfort double room,family,2,2024,4,9.0,superb,no review,no review
lebanon,comfort king room,family,2,2024,4,8.0,very good,no review,no review
united kingdom,comfort double room,couple,5,2024,4,8.0,very good,no review,no review
portugal,comfort double room,couple,1,2024,4,9.0,superb,no review,no review
united kingdom,comfort king room,couple,4,2024,4,9.0,superb,no review,no review
united kingdom,comfort king room,couple,3,2024,2,10.0,exceptional,no review,no review
united states,comfort double room,family,2,2024,3,9.0,superb,no review,no review
united states,comfort twin room,family,2,2024,3,9.0,superb,no review,no review
russia,comfort double room,solo traveller,1,2024,4,10.0,exceptional,no review,no review
united states,comfort double room,group,1,2024,4,9.0,superb,no review,no review
canada,comfort king room,family,4,2024,4,9.0,superb,no review,no review
lithuania,comfort single room,solo traveller,1,2024,4,10.0,exceptional,no review,no review
luxembourg,comfort king room,family,3,2024,2,10.0,exceptional,no review,no review
canada,comfort double room,family,2,2024,4,9.0,superb,no review,no review
united states,comfort king room,couple,3,2024,4,10.0,exceptional,no review,no review
israel,comfort single room,family,3,2024,4,8.0,very good,no review,no review
ireland,comfort double room,couple,3,2024,3,8.0,very good,no review,no review
croatia,plus comfort suite,family,2,2024,4,10.0,exceptional,no review,no review
portugal,comfort king room,family,1,2024,4,9.0,superb,no review,no review
iceland,comfort double room,solo traveller,3,2024,3,8.0,very good,no review,no review
ireland,comfort double room,couple,4,2024,4,10.0,exceptional,no review,no review
netherlands,comfort single room,family,1,2024,3,9.0,great hotel for visiting porto. absolutely loved the rooftop bar! will return for sure.,no review,no review
serbia,comfort double room,couple,1,2024,3,9.0,superb,no review,no review
puerto rico,plus comfort suite,group,2,2024,3,10.0,exceptional,no review,no review
united kingdom,comfort king room,couple,2,2024,3,10.0,exceptional,no review,no review
united kingdom,comfort double room,solo traveller,2,2024,3,8.0,very good,no review,no review
bosnia and herzegovina,plus comfort suite,family,4,2024,3,8.0,very good,no review,no review
portugal,comfort king room,couple,1,2024,3,9.0,superb,no review,no review
france,comfort double room,group,1,2024,1,9.0,superb,no review,no review
greece,comfort king room,group,3,2024,3,10.0,exceptional,no review,no review
united kingdom,comfort double room,solo traveller,1,2024,3,8.0,very good,no review,no review
canada,comfort king room,group,2,2024,3,10.0,exceptional,no review,no review
united kingdom,comfort king room,couple,4,2024,3,10.0,exceptional,no review,no review
belgium,comfort double room,group,3,2024,3,9.0,superb,no review,no review
germany,plus comfort suite,family,2,2024,3,8.0,very good,no review,no review
germany,comfort king room,group,1,2024,2,8.0,very good,no review,no review
israel,comfort twin room,family,2,2024,3,8.0,very good,no review,no review
united kingdom,comfort double room,family,2,2024,3,8.0,very good,no review,no review
serbia,comfort double room,family,2,2024,2,10.0,exceptional,no review,no review
united states,comfort single room,solo traveller,4,2024,3,8.0,very good,no review,no review
united kingdom,comfort king room,couple,5,2024,2,9.0,superb,no review,no review
georgia,comfort king room,family,3,2024,2,9.0,"excellent location, super friendly staff and the amazing view of porto!",no review,no review
ireland,plus comfort suite,family,3,2024,1,9.0,superb,no review,no review
united arab emirates,suite premium deluxe,couple,2,2024,2,8.0,very good,no review,no review
poland,comfort double room,solo traveller,3,2024,2,8.0,very good,no review,no review
portugal,comfort king room,couple,1,2024,1,8.0,very good,no review,no review
portugal,comfort double room,group,4,2024,2,10.0,exceptional,no review,no review
slovakia,comfort single room,solo traveller,4,2024,2,10.0,exceptional,no review,no review
united kingdom,comfort king room,family,3,2024,2,9.0,superb,no review,no review
united kingdom,comfort double room,solo traveller,4,2024,2,10.0,exceptional,no review,no review
portugal,comfort double room,family,1,2024,2,10.0,exceptional,no review,no review
united kingdom,comfort double room,solo traveller,2,2024,2,10.0,exceptional,no review,no review
united kingdom,comfort double room,solo traveller,2,2024,2,10.0,exceptional,no review,no review
slovenia,comfort double room,couple,1,2024,2,10.0,exceptional,no review,no review
united kingdom,comfort king room,family,3,2024,1,10.0,exceptional,no review,no review
germany,comfort single room,solo traveller,1,2024,1,8.0,very good,no review,no review
united kingdom,comfort twin room,group,1,2024,1,10.0,exceptional,no review,no review
portugal,comfort double room,group,1,2023,12,10.0,exceptional,no review,no review
canada,comfort twin room,couple,1,2023,12,9.0,superb,no review,no review
lithuania,comfort double room,group,2,2023,12,9.0,superb,no review,no review
spain,comfort double room,couple,1,2023,11,10.0,exceptional,no review,no review
united states,plus comfort suite,family,2,2024,1,9.0,superb,no review,no review
serbia,comfort suite,family,4,2024,1,10.0,exceptional,no review,no review
slovenia,comfort family room plus,family,3,2024,1,8.0,very good,no review,no review
united kingdom,comfort king room,couple,3,2023,12,8.0,very good,no review,no review
united states,comfort king room,couple,2,2023,12,9.0,superb,no review,no review
singapore,comfort twin room,family,3,2023,12,9.0,superb,no review,no review
united states,plus comfort suite,family,6,2023,12,10.0,exceptional,no review,no review
guatemala,comfort suite,group,2,2023,11,8.0,very good,no review,no review
portugal,comfort king room,couple,3,2023,12,9.0,superb,no review,no review
vietnam,comfort double room,couple,2,2023,12,9.0,superb,no review,no review
singapore,comfort family room plus,family,1,2023,12,8.0,very good,no review,no review
united kingdom,comfort double room,family,2,2023,12,9.0,superb,no review,no review
portugal,comfort single room,family,3,2023,12,9.0,superb,no review,no review
united states,comfort suite,family,2,2023,12,10.0,exceptional,no review,no review
ukraine,comfort family room plus,family,1,2023,12,9.0,superb,no review,no review
ireland,comfort king double room with romantic package,couple,4,2023,11,8.0,very good,no review,no review
portugal,comfort double room,couple,1,2023,12,10.0,exceptional,no review,no review
portugal,comfort king double room with romantic package,couple,1,2023,12,10.0,exceptional,no review,no review
portugal,comfort double room,couple,1,2023,11,8.0,very good,no review,no review
united kingdom,comfort king room,family,2,2023,11,9.0,superb,no review,no review
ireland,comfort double room,solo traveller,4,2023,11,8.0,very good,no review,no review
luxembourg,comfort double room,group,2,2023,11,8.0,very good,no review,no review
poland,comfort single room,couple,1,2023,11,10.0,exceptional,no review,no review
united kingdom,comfort twin room,solo traveller,3,2023,11,9.0,superb,no review,no review
united states,comfort twin room,family,1,2023,11,10.0,exceptional,no review,no review
luxembourg,comfort double room,solo traveller,2,2023,11,8.0,very good,no review,no review
united kingdom,comfort king room,solo traveller,2,2023,11,8.0,very good,no review,no review
united states,comfort double room,couple,4,2023,9,8.0,very good,no review,no review
united states,comfort single room,solo traveller,1,2023,10,8.0,very good,no review,no review
serbia,comfort double room,couple,1,2023,11,8.0,very good,no review,no review
iceland,comfort king room,couple,3,2023,10,8.0,very good,no review,no review
portugal,comfort single room,solo traveller,1,2023,8,8.0,very good,no review,no review
australia,deluxe panoramic suite,couple,2,2023,11,10.0,exceptional,no review,no review
lithuania,comfort double room,couple,1,2023,10,9.0,superb,no review,no review
lithuania,comfort double room,couple,3,2023,10,10.0,exceptional,no review,no review
united states,deluxe panoramic suite,couple,2,2023,10,8.0,very good,no review,no review
united kingdom,comfort double room,family,2,2023,10,8.0,very good,no review,no review
portugal,comfort family room plus,family,2,2023,11,9.0,superb,no review,no review
united kingdom,comfort double room,solo traveller,3,2023,10,9.0,superb,no review,no review
germany,comfort double room,family,1,2023,10,9.0,superb,no review,no review
ireland,comfort single room,solo traveller,2,2023,10,8.0,very good,no review,no review
latvia,comfort family room,family,1,2023,10,9.0,superb,no review,no review
belgium,comfort king room,couple,3,2023,8,10.0,exceptional,no review,no review
united kingdom,comfort double room,couple,4,2023,9,9.0,superb,no review,no review
israel,comfort single room,group,1,2023,8,10.0,exceptional,no review,no review
united states,plus comfort suite,family,2,2023,9,8.0,very good,no review,no review
australia,comfort king room,couple,3,2023,9,9.0,superb,no review,no review
united kingdom,comfort double room,couple,3,2023,10,10.0,exceptional,no review,no review
ireland,comfort king room,family,1,2023,10,10.0,exceptional,no review,no review
portugal,comfort double room,solo traveller,1,2023,8,8.0,very good,no review,no review
ireland,suite premium deluxe,couple,4,2023,10,10.0,exceptional,no review,no review
united kingdom,comfort king room,family,3,2023,9,9.0,superb,no review,no review
netherlands,comfort family room plus,couple,2,2023,9,8.0,very good,no review,no review
united states,comfort king room,family,3,2023,9,9.0,superb,no review,no review
united kingdom,comfort king room,couple,1,2023,9,9.0,superb,no review,no review
united kingdom,comfort king room,couple,4,2023,9,9.0,superb,no review,no review
united kingdom,comfort family room plus,family,1,2023,8,9.0,superb,no review,no review
united kingdom,comfort single room,solo traveller,4,2023,8,10.0,exceptional,no review,no review
united kingdom,comfort family room plus,family,2,2023,8,9.0,superb,no review,no review
united kingdom,comfort double room,family,1,2023,8,9.0,superb,no review,no review
germany,comfort double room,couple,2,2023,8,8.0,very good,no review,no review
united kingdom,comfort double room,family,5,2023,9,9.0,superb,no review,no review
australia,comfort double room,family,1,2023,6,10.0,exceptional,no review,no review
australia,comfort family room,family,1,2023,6,10.0,exceptional,no review,no review
australia,comfort family room plus,family,2,2023,7,10.0,exceptional,no review,no review
portugal,plus comfort suite,family,1,2023,8,8.0,very good.,no review,no review
iceland,comfort single room,group,1,2023,9,10.0,exceptional,no review,no review
united kingdom,comfort king room,couple,3,2023,9,8.0,very good,no review,no review
united states,comfort twin room,group,3,2023,9,9.0,superb,no review,no review
united kingdom,comfort king room,couple,5,2023,8,10.0,exceptional,no review,no review
norway,comfort double room,couple,2,2023,8,10.0,exceptional,no review,no review
united kingdom,plus comfort suite,family,6,2023,8,10.0,exceptional,no review,no review
albania,plus comfort suite,family,1,2023,6,8.0,very good,no review,no review
serbia,comfort single room,solo traveller,4,2023,8,10.0,exceptional,no review,no review
australia,comfort double room,couple,2,2023,8,9.0,superb,no review,no review
united states,comfort family room plus,family,2,2023,8,8.0,very good,no review,no review
france,comfort family room plus,family,2,2023,8,9.0,superb,no review,no review
united states,comfort twin room,couple,3,2023,8,8.0,very good,no review,no review
united states,comfort king room,family,1,2023,8,8.0,very good,no review,no review
gibraltar,comfort double room,couple,2,2023,8,9.0,superb,no review,no review
australia,comfort double room,couple,1,2023,8,8.0,very good,no review,no review
united kingdom,comfort double room,solo traveller,4,2023,8,8.0,very good,no review,no review
denmark,plus comfort suite,family,2,2023,8,10.0,exceptional,no review,no review
united states,comfort double room,family,1,2023,7,10.0,exceptional,no review,no review
united kingdom,comfort king room,solo traveller,2,2023,7,8.0,very good,no review,no review
united kingdom,comfort single room,group,2,2023,7,9.0,superb,no review,no review
united states,comfort king room,couple,2,2023,7,10.0,exceptional,no review,no review
united kingdom,comfort twin room,family,4,2023,6,10.0,exceptional,no review,no review
finland,comfort double room,solo traveller,3,2023,7,9.0,superb,no review,no review
georgia,comfort double room,couple,3,2023,7,10.0,exceptional,no review,no review
united kingdom,comfort king room,couple,3,2023,7,8.0,very good,no review,no review
canada,comfort double room,group,2,2023,7,8.0,very good,no review,no review
belgium,comfort double room,couple,1,2023,7,9.0,superb,no review,no review
israel,suite premium deluxe,solo traveller,3,2023,7,8.0,very good,no review,no review
ireland,comfort king room,couple,3,2023,6,9.0,superb,no review,no review
israel,comfort double room,group,1,2023,7,8.0,very good,no review,no review
united states,comfort family room plus,family,2,2023,7,10.0,exceptional,no review,no review
united kingdom,plus comfort suite,family,3,2023,7,8.0,very good,no review,no review
portugal,comfort single room,solo traveller,1,2023,7,8.0,very good,no review,no review
czech republic,comfort twin room,group,1,2023,7,8.0,very good,no review,no review
australia,comfort double room,family,2,2023,7,10.0,exceptional,no review,no review
switzerland,comfort twin room,group,3,2023,6,8.0,very good,no review,no review
south korea,comfort single room,solo traveller,2,2023,7,9.0,superb,no review,no review
sweden,plus comfort suite,family,3,2023,6,10.0,exceptional,no review,no review
united kingdom,comfort king room,group,4,2023,6,8.0,very good,no review,no review
australia,comfort twin room,group,3,2023,5,8.0,very good,no review,no review
chile,comfort double room,solo traveller,4,2023,6,9.0,superb,no review,no review
philippines,comfort double room,family,2,2023,6,10.0,exceptional,no review,no review
germany,comfort family room,family,2,2023,3,8.0,very good,no review,no review
united kingdom,comfort twin room,couple,3,2023,5,8.0,very good,no review,no review
united kingdom,comfort double room,group,3,2023,6,8.0,very good,no review,no review
egypt,comfort single room,solo traveller,5,2023,6,9.0,superb,no review,no review
chile,comfort double room,couple,2,2023,6,9.0,superb,no review,no review
united states,comfort double room,couple,1,2023,5,10.0,exceptional,no review,no review
australia,comfort family room plus,group,2,2023,6,10.0,exceptional,no review,no review
united kingdom,comfort double room,couple,1,2023,5,8.0,very good,no review,no review
portugal,comfort single room,solo traveller,2,2023,5,9.0,superb,no review,no review
united states,comfort family room plus,group,3,2023,5,8.0,very good,no review,no review
georgia,comfort suite,group,4,2023,5,8.0,very good,no review,no review
iceland,plus comfort suite,family,2,2023,5,8.0,very good,no review,no review
brazil,comfort double room,family,2,2023,5,10.0,exceptional,no review,no review
malta,comfort double room,couple,3,2023,5,8.0,very good,no review,no review
united kingdom,plus comfort suite,group,3,2023,4,8.0,very good,no review,no review
united states,comfort twin room,couple,2,2023,4,8.0,very good,no review,no review
united states,comfort single room,family,2,2023,5,10.0,exceptional,no review,no review
united states,plus comfort suite,group,4,2023,5,10.0,exceptional,no review,no review
iceland,comfort single room,solo traveller,1,2023,5,9.0,superb,no review,no review
slovakia,comfort single room,solo traveller,1,2023,5,9.0,superb,no review,no review
spain,comfort double room,group,2,2023,4,9.0,superb,no review,no review
united states,comfort twin room,couple,1,2023,3,10.0,exceptional,no review,no review
spain,comfort family room plus,family,1,2023,5,8.0,very good,no review,no review
united states,comfort king room,couple,2,2023,4,10.0,exceptional,no review,no review
canada,comfort double room,couple,4,2023,4,9.0,superb,no review,no review
italy,comfort family room,family,3,2023,4,9.0,superb,no review,no review
united states,comfort king room,couple,2,2023,4,10.0,exceptional,no review,no review
romania,comfort double room,couple,4,2023,2,10.0,exceptional,no review,no review
mexico,comfort double room,group,2,2023,4,10.0,exceptional,no review,no review
united kingdom,comfort king room,group,2,2023,4,8.0,very good,no review,no review
united states,comfort family room,family,2,2023,3,10.0,exceptional,no review,no review
china,comfort twin room,group,2,2023,4,10.0,exceptional,no review,no review
united kingdom,comfort double room,couple,3,2023,4,10.0,exceptional,no review,no review
united states,comfort twin room,group,3,2023,4,9.0,superb,no review,no review
finland,comfort double room,couple,2,2023,4,8.0,very good,no review,no review
germany,comfort double room,solo traveller,3,2023,3,9.0,superb,no review,no review
brazil,comfort suite,family,1,2023,1,8.0,very good,no review,no review
united kingdom,comfort double room,family,1,2023,3,9.0,superb,no review,no review
united states,comfort king room,couple,4,2023,3,9.0,superb,no review,no review
united kingdom,comfort double room,group,3,2023,3,10.0,exceptional,no review,no review
united states,comfort king room,couple,7,2023,3,10.0,exceptional,no review,no review
spain,comfort double room,solo traveller,1,2023,3,10.0,exceptional,no review,no review
ireland,comfort single room,solo traveller,3,2023,3,10.0,exceptional,no review,no review
croatia,comfort double room,family,1,2023,3,9.0,superb,no review,no review
kuwait,comfort double room,solo traveller,2,2023,3,8.0,very good,no review,no review
united states,comfort suite,group,2,2023,3,9.0,superb,no review,no review
spain,comfort single room,group,2,2022,12,10.0,exceptional,no review,no review
portugal,comfort double room,couple,1,2023,3,10.0,exceptional,no review,no review
india,comfort family room,family,2,2023,2,10.0,exceptional,no review,no review
united states,comfort king room,group,1,2023,3,8.0,very good,no review,no review
united states,comfort twin room,couple,2,2023,2,8.0,very good,no review,no review
india,comfort double room,solo traveller,3,2023,2,8.0,very good,no review,no review
united kingdom,comfort single room,solo traveller,2,2023,2,10.0,exceptional,no review,no review
croatia,comfort double room,family,1,2023,2,9.0,superb,no review,no review
israel,comfort twin room,family,3,2023,2,8.0,very good,no review,no review
portugal,comfort double room,couple,2,2023,2,10.0,exceptional,no review,no review
portugal,comfort double room,couple,2,2023,2,9.0,superb,no review,no review
portugal,comfort double room,couple,2,2023,2,9.0,superb,no review,no review
united states,comfort double room,solo traveller,2,2023,1,10.0,exceptional,no review,no review
portugal,comfort double room,couple,3,2023,1,8.0,very good,no review,no review
switzerland,comfort king room,family,4,2023,2,9.0,superb,no review,no review
ireland,comfort double room,group,4,2023,2,10.0,exceptional,no review,no review
united states,comfort double room,group,1,2023,2,10.0,exceptional,no review,no review
germany,comfort twin room,family,2,2023,2,10.0,exceptional,no review,no review
belgium,comfort king room,family,6,2023,2,9.0,superb,no review,no review
france,comfort double room,group,2,2023,2,9.0,superb,no review,no review
brazil,comfort double room,group,2,2023,1,9.0,superb,no review,no review
denmark,comfort double room,couple,3,2023,2,8.0,very good,no review,no review
united kingdom,comfort double room,couple,2,2023,2,8.0,very good,no review,no review
united kingdom,plus comfort suite,family,1,2023,2,9.0,superb,no review,no review
italy,comfort double room,family,2,2023,1,10.0,exceptional,no review,no review
switzerland,plus comfort suite,couple,1,2022,12,9.0,superb,no review,no review
united kingdom,plus comfort suite,group,1,2022,12,10.0,exceptional,no review,no review
croatia,comfort double room,family,1,2022,11,9.0,superb,no review,no review
spain,comfort double room,couple,2,2022,12,8.0,very good,no review,no review
czech republic,comfort single room,solo traveller,1,2023,1,9.0,superb,no review,no review
spain,comfort king room,family,4,2023,1,9.0,superb,no review,no review
brazil,comfort double room,family,2,2023,1,9.0,superb,no review,no review
switzerland,plus comfort suite,family,2,2023,1,8.0,very good,no review,no review
united kingdom,comfort single room,solo traveller,3,2023,1,9.0,superb,no review,no review
united kingdom,comfort single room,solo traveller,1,2022,12,8.0,very good,no review,no review
portugal,comfort king double room with romantic package,couple,2,2022,12,9.0,superb,no review,no review
united kingdom,comfort king room,couple,3,2022,12,9.0,superb,no review,no review
united states,comfort suite,family,3,2022,12,10.0,"very good and pleasant, great staff",no review,no review
ireland,comfort double room,couple,3,2022,12,10.0,exceptional,no review,no review
canada,comfort single room,solo traveller,3,2022,11,8.0,very good,no review,no review
australia,comfort double room,couple,2,2022,11,8.0,very good,no review,no review
switzerland,comfort twin room,couple,2,2022,11,9.0,superb,no review,no review
belgium,comfort king room,couple,3,2022,11,9.0,superb,no review,no review
denmark,comfort king room,group,1,2022,11,10.0,exceptional,no review,no review
united states,comfort twin room,couple,2,2022,10,9.0,superb,no review,no review
australia,plus comfort suite,couple,1,2022,10,8.0,very good,no review,no review
germany,comfort single room,group,1,2022,10,9.0,superb,no review,no review
united states,comfort king room,couple,1,2022,9,9.0,superb,no review,no review
united kingdom,comfort double room,group,2,2022,10,9.0,superb,no review,no review
portugal,comfort family room,family,1,2022,10,10.0,exceptional,no review,no review
united kingdom,plus comfort suite,family,3,2022,10,10.0,exceptional,no review,no review
germany,comfort twin room,group,2,2022,10,10.0,exceptional,no review,no review
portugal,comfort double room,group,2,2022,10,8.0,very good,no review,no review
mexico,comfort king room,couple,1,2022,9,9.0,superb,no review,no review
united states,comfort double room,solo traveller,2,2022,10,10.0,exceptional,no review,no review
ireland,comfort double room,couple,3,2022,9,10.0,exceptional,no review,no review
united kingdom,comfort king room,group,2,2022,9,8.0,very good,no review,no review
czech republic,comfort double room,couple,2,2022,9,8.0,very good,no review,no review
israel,comfort twin room,couple,5,2022,9,10.0,exceptional,no review,no review
sweden,comfort single room,solo traveller,1,2022,7,10.0,exceptional,no review,no review
united kingdom,comfort single room,solo traveller,1,2022,9,8.0,very good,no review,no review
canada,comfort twin room,couple,4,2022,9,8.0,very good,no review,no review
puerto rico,comfort double room,solo traveller,2,2022,8,8.0,very good,no review,no review
argentina,comfort double room,couple,2,2022,9,8.0,very good,no review,no review
united arab emirates,comfort suite,group,1,2022,8,9.0,superb,no review,no review
united arab emirates,plus comfort suite,group,1,2022,8,9.0,superb,no review,no review
morocco,comfort king room,couple,3,2022,6,9.0,superb,no review,no review
israel,comfort king room,family,4,2022,8,10.0,exceptional,no review,no review
united states,comfort single room,solo traveller,3,2022,8,10.0,exceptional,no review,no review
germany,comfort double room,couple,4,2022,8,9.0,superb,no review,no review
united states,comfort double room,couple,2,2022,8,9.0,superb,no review,no review
ireland,comfort king room,family,4,2022,8,8.0,very good,no review,no review
united arab emirates,comfort single room,group,1,2022,8,10.0,exceptional,no review,no review
canada,comfort family room plus,family,3,2022,8,9.0,superb,no review,no review
brazil,comfort single room,solo traveller,2,2022,8,10.0,exceptional,no review,no review
united kingdom,comfort single room,solo traveller,1,2022,8,8.0,very good,no review,no review
netherlands,plus comfort suite,family,2,2022,5,8.0,very good,no review,no review
united kingdom,comfort double room,couple,5,2022,7,8.0,very good,no review,no review
canada,comfort family room,family,3,2022,7,9.0,superb,no review,no review
georgia,comfort king room,couple,1,2022,7,8.0,very good,no review,no review
switzerland,comfort double room,couple,3,2022,7,8.0,very good,no review,no review
united kingdom,comfort twin room,group,2,2022,7,9.0,superb,no review,no review
united states,comfort family room,family,2,2022,7,8.0,very good,no review,no review
canada,plus comfort suite,family,4,2022,7,8.0,very good,no review,no review
spain,comfort double room,group,2,2022,7,9.0,superb,no review,no review
italy,comfort suite,group,1,2022,7,10.0,exceptional,no review,no review
switzerland,comfort king room,couple,3,2022,5,9.0,superb,no review,no review
united kingdom,comfort double room,couple,2,2022,7,9.0,superb,no review,no review
switzerland,comfort king room,solo traveller,3,2022,7,10.0,exceptional,no review,no review
luxembourg,comfort double room,solo traveller,2,2022,7,8.0,very good,no review,no review
united kingdom,comfort double room,family,2,2022,7,8.0,very good,no review,no review
new zealand,comfort double room,couple,1,2022,7,10.0,exceptional,no review,no review
united kingdom,comfort double room,couple,2,2022,7,8.0,very good,no review,no review
united kingdom,comfort twin room,group,1,2022,6,10.0,exceptional,no review,no review
united states,comfort family room,family,4,2022,6,9.0,superb,no review,no review
ukraine,comfort twin room,family,3,2022,7,10.0,exceptional,no review,no review
ireland,comfort double room,couple,4,2022,6,10.0,exceptional,no review,no review
portugal,comfort single room,solo traveller,2,2022,6,8.0,very good,no review,no review
israel,comfort double room,group,4,2022,6,9.0,superb,no review,no review
austria,comfort double room,group,1,2022,6,9.0,superb,no review,no review
ireland,comfort double room,couple,3,2022,6,8.0,very good,no review,no review
italy,comfort twin room,group,1,2022,5,10.0,exceptional,no review,no review
united kingdom,comfort double room,solo traveller,3,2022,6,8.0,very good,no review,no review
moldova,comfort king room,couple,5,2022,6,9.0,superb,no review,no review
ireland,comfort double room,group,1,2022,5,9.0,superb,no review,no review
mexico,comfort double room,solo traveller,2,2022,5,10.0,exceptional,no review,no review
thailand,comfort twin room,couple,2,2022,6,9.0,superb,no review,no review
united kingdom,comfort double room,solo traveller,2,2022,6,8.0,very good,no review,no review
spain,comfort king room,couple,2,2022,6,10.0,exceptional,no review,no review
united states,comfort single room,solo traveller,3,2022,6,8.0,very good,no review,no review
united states,comfort king room,couple,3,2022,6,10.0,exceptional,no review,no review
united kingdom,comfort single room,solo traveller,2,2022,5,10.0,exceptional,no review,no review
united states,comfort single room,solo traveller,3,2022,5,9.0,superb,no review,no review
ukraine,comfort twin room,couple,1,2022,5,9.0,superb,no review,no review
united states,comfort king room,couple,1,2022,5,9.0,superb,no review,no review
portugal,comfort double room,couple,1,2022,4,9.0,superb,no review,no review
spain,comfort single room,solo traveller,2,2022,4,9.0,superb,no review,no review
united kingdom,comfort double room,solo traveller,2,2022,5,8.0,very good,no review,no review
spain,comfort family room plus,group,1,2022,4,8.0,very good,no review,no review
belgium,comfort king room,couple,5,2022,5,10.0,exceptional,no review,no review
slovakia,comfort double room,couple,2,2022,2,10.0,exceptional,no review,no review
united kingdom,comfort king room,couple,3,2022,4,9.0,superb,no review,no review
united kingdom,comfort single room,solo traveller,3,2022,4,9.0,superb,no review,no review
switzerland,comfort family room,family,1,2022,4,8.0,very good,no review,no review
croatia,comfort king room,couple,1,2022,4,9.0,superb,no review,no review
france,comfort double room,solo traveller,1,2022,3,10.0,exceptional,no review,no review
gibraltar,comfort family room,group,1,2022,4,8.0,very good,no review,no review
netherlands,comfort double room,solo traveller,4,2022,4,9.0,superb,no review,no review
united kingdom,comfort double room,couple,2,2022,4,9.0,superb,no review,no review
united kingdom,comfort double room,couple,3,2022,4,9.0,superb,no review,no review
brazil,plus comfort suite,group,1,2022,4,10.0,exceptional,no review,no review
united kingdom,comfort single room,solo traveller,4,2022,3,10.0,exceptional,no review,no review
united kingdom,comfort king double room with romantic package,couple,1,2022,3,10.0,arrived on bikes and the hotel provided safe storage for them at $5 per bike,no review,no review
united kingdom,comfort single room,solo traveller,1,2022,2,9.0,superb,no review,no review
estonia,comfort twin room,family,2,2022,3,8.0,very good,no review,no review
ireland,comfort king double room with romantic package,group,2,2022,3,10.0,exceptional,no review,no review
united kingdom,comfort double room,couple,1,2022,2,10.0,exceptional,no review,no review
portugal,comfort double room,couple,1,2022,2,10.0,exceptional,no review,no review
malta,comfort king room,couple,2,2024,12,7.0,good,no review,no review
ireland,comfort king room,couple,4,2025,3,7.0,good,no review,no review
germany,comfort double room,couple,4,2025,3,7.0,good,no review,no review
united kingdom,comfort king double room with romantic package,couple,3,2025,1,7.0,good,no review,no review
united states,comfort twin room,group,1,2024,12,7.0,good,no review,no review
portugal,comfort king room,couple,2,2024,10,5.0,passable,no review,no review
united kingdom,comfort king room,solo traveller,2,2024,12,7.0,good,no review,no review
ireland,comfort single room,solo traveller,1,2024,10,7.0,good,no review,no review
united kingdom,comfort double room,couple,2,2024,11,7.0,good,no review,no review
turkey,comfort single room,solo traveller,2,2024,10,7.0,good,no review,no review
united kingdom,comfort double room,couple,3,2024,10,7.0,good,no review,no review
australia,double room - disability access,couple,2,2024,9,5.0,passable,no review,no review
united states,comfort king room,group,3,2024,9,6.0,pleasant,no review,no review
australia,comfort king room,couple,6,2024,8,7.0,good,no review,no review
cyprus,comfort double room,family,3,2024,7,7.0,good,no review,no review
indonesia,comfort double room,couple,3,2024,8,7.0,good,no review,no review
united kingdom,comfort single room,solo traveller,4,2024,7,6.0,pleasant,no review,no review
iceland,comfort family room plus,family,4,2024,7,6.0,pleasant,no review,no review
qatar,comfort suite,family,3,2024,6,7.0,good,no review,no review
germany,comfort twin room,couple,1,2024,6,7.0,good,no review,no review
romania,comfort single room,solo traveller,2,2024,4,7.0,good,no review,no review
united states,plus comfort suite,family,1,2024,5,7.0,good,no review,no review
jordan,double room - disability access,solo traveller,4,2024,4,7.0,good,no review,no review
united kingdom,comfort double room,solo traveller,1,2024,5,7.0,good,no review,no review
united kingdom,comfort king room,couple,2,2024,4,7.0,good,no review,no review
portugal,comfort king room,couple,1,2023,12,7.0,good,no review,no review
united states,comfort suite,group,1,2023,11,7.0,stay only one night is ok.,no review,no review
portugal,comfort double room,family,1,2023,12,7.0,good,no review,no review
ireland,comfort king room,family,1,2023,9,7.0,good,no review,no review
iceland,comfort twin room,group,3,2023,9,7.0,good,no review,no review
united kingdom,comfort double room,solo traveller,3,2023,8,7.0,good,no review,no review
united kingdom,comfort double room,couple,1,2023,5,7.0,good,no review,no review
portugal,comfort double room,solo traveller,2,2023,7,7.0,good,no review,no review
united kingdom,comfort double room,solo traveller,1,2023,6,3.0,a tired hotel.,no review,no review
united states,comfort double room,couple,2,2023,5,5.0,passable,no review,no review
israel,comfort double room,family,2,2023,4,7.0,good,no review,no review
switzerland,double room - disability access,solo traveller,4,2023,4,3.0,poor,no review,no review
turkey,comfort double room,couple,2,2023,4,5.0,passable,no review,no review
netherlands,plus comfort suite,family,3,2023,4,7.0,good,no review,no review
united states,comfort king room,couple,2,2023,3,7.0,good,no review,no review
armenia,comfort family room plus,family,1,2023,3,7.0,good,no review,no review
netherlands,comfort double room,family,1,2023,3,7.0,good,no review,no review
portugal,plus comfort suite,family,3,2023,1,6.0,pleasant,no review,no review
switzerland,comfort double room,group,1,2022,9,7.0,good,no review,no review
brazil,comfort single room,family,6,2022,10,6.0,pleasant,no review,no review
united kingdom,comfort suite,family,1,2022,10,7.0,good,no review,no review
united kingdom,comfort king room,couple,1,2022,8,4.0,disappointing,no review,no review
switzerland,comfort double room,couple,4,2022,8,7.0,good,no review,no review
australia,comfort king room,couple,3,2022,9,7.0,good,no review,no review
albania,comfort twin room,solo traveller,4,2022,8,7.0,good,no review,no review
portugal,plus comfort suite,family,1,2022,9,7.0,good,no review,no review
united kingdom,comfort double room,solo traveller,1,2022,8,7.0,good,no review,no review
andorra,comfort suite,family,1,2022,8,7.0,good,no review,no review
italy,comfort twin room,couple,3,2022,8,7.0,good,no review,no review
spain,comfort family room plus,family,2,2022,8,3.0,poor,no review,no review
spain,comfort double room,solo traveller,2,2022,7,5.0,passable,no review,no review
brazil,comfort double room,group,4,2022,7,7.0,good,no review,no review
portugal,comfort double room,couple,1,2022,7,7.0,good,no review,no review
czech republic,comfort double room,solo traveller,1,2022,6,7.0,good,no review,no review
united kingdom,comfort double room,couple,2,2022,6,4.0,disappointing,no review,no review
united kingdom,comfort king room,couple,2,2022,5,6.0,pleasant,no review,no review
germany,comfort double room,couple,2,2022,4,7.0,good,no review,no review
mozambique,comfort double room,solo traveller,1,2022,4,7.0,good,no review,no review
united kingdom,plus comfort suite,solo traveller,4,2022,4,7.0,good,no review,no review
mexico,comfort family room,family,1,2022,3,7.0,good,no review,no review
australia,comfort single room,solo traveller,2,2023,8,8.0,very good,no review,no review
united kingdom,comfort double room,solo traveller,1,2023,6,9.0,superb,no review,no review
united kingdom,comfort king room,couple,3,2023,7,8.0,very good,no review,no review
united kingdom,comfort double room,group,3,2023,5,9.0,superb,no review,no review
united states,comfort family room,group,1,2022,10,10.0,exceptional,no review,no review
united states,comfort double room,couple,4,2022,9,9.0,superb,no review,no review
united kingdom,comfort twin room,group,3,2022,7,10.0,exceptional,no review,no review
united kingdom,comfort king room,couple,3,2022,6,7.5,good,no review,no review
netherlands,comfort king room,solo traveller,2,2022,8,7.0,good,no review,no review
united arab emirates,comfort twin room,family,2,2022,5,7.0,good,no review,no review
brazil,comfort suite,family,4,2025,3,9.0,superb,no review,no review
switzerland,plus comfort suite,group,2,2025,3,9.0,superb,no review,no review
spain,comfort king room,family,1,2025,3,10.0,exceptional,no review,no review
france,comfort double room,couple,1,2025,3,10.0,exceptional,no review,no review
spain,comfort double room,family,2,2025,3,10.0,exceptional,no review,no review
portugal,deluxe panoramic suite,couple,2,2025,2,8.0,very good,no review,no review
brazil,comfort suite,family,1,2025,3,9.0,superb,no review,no review
france,comfort king room,couple,2,2025,3,8.0,very good,no review,no review
portugal,comfort double room,solo traveller,1,2025,3,9.0,superb,no review,no review
spain,comfort family room,family,2,2025,3,10.0,exceptional,no review,no review
portugal,plus comfort suite,family,3,2025,3,10.0,exceptional,no review,no review
brazil,comfort double room,family,2,2025,3,10.0,exceptional,no review,no review
czech republic,comfort family room plus,family,2,2024,12,9.0,superb,no review,no review
spain,comfort double room,couple,2,2025,2,10.0,exceptional,no review,no review
spain,comfort family room plus,family,2,2024,12,8.0,very good,no review,no review
spain,comfort double room,family,2,2025,3,9.0,superb,no review,no review
spain,comfort suite,solo traveller,2,2025,2,10.0,exceptional,no review,no review
spain,comfort double room,couple,2,2025,2,9.0,superb,no review,no review
lithuania,plus comfort suite,group,1,2025,1,8.0,very good,no review,no review
czech republic,comfort double room,couple,7,2025,2,10.0,exceptional,no review,no review
portugal,comfort double room,couple,2,2025,2,9.0,superb,no review,no review
sweden,comfort suite,family,3,2025,2,9.0,superb,no review,no review
spain,plus comfort suite,family,1,2025,2,9.0,superb,no review,no review
luxembourg,comfort single room,group,2,2025,2,8.0,very good,no review,no review
spain,comfort double room,couple,3,2025,2,10.0,exceptional,no review,no review
spain,comfort king room,couple,1,2025,2,10.0,exceptional,no review,no review
spain,comfort king double room with romantic package,couple,1,2025,2,8.0,very good,no review,no review
portugal,plus comfort suite,family,1,2025,1,10.0,exceptional,no review,no review
france,comfort double room,couple,3,2025,2,8.0,very good,no review,no review
portugal,comfort double room,solo traveller,1,2025,2,8.0,very good,no review,no review
portugal,comfort double room,couple,1,2025,2,10.0,exceptional,no review,no review
switzerland,plus comfort suite,couple,1,2025,2,10.0,exceptional,no review,no review
portugal,suite premium deluxe,couple,1,2025,2,9.0,superb,no review,no review
portugal,comfort family room,family,2,2025,2,9.0,superb,no review,no review
portugal,comfort king room,couple,1,2025,2,10.0,exceptional,no review,no review
italy,comfort double room,couple,2,2025,2,8.0,very good,no review,no review
portugal,comfort double room,couple,2,2025,2,8.0,very good,no review,no review
portugal,deluxe panoramic suite,couple,1,2024,12,10.0,exceptional,no review,no review
portugal,comfort double room,couple,2,2025,2,10.0,exceptional,no review,no review
portugal,comfort double room,couple,1,2025,2,8.0,very good,no review,no review
switzerland,comfort king double room with romantic package,couple,1,2025,2,10.0,exceptional,no review,no review
portugal,comfort single room,solo traveller,1,2025,2,10.0,exceptional,no review,no review
portugal,comfort double room,family,1,2025,2,10.0,exceptional,no review,no review
germany,comfort double room,group,4,2025,2,8.0,very good,no review,no review
italy,comfort double room,family,1,2025,2,10.0,exceptional,no review,no review
france,comfort double room,solo traveller,1,2025,2,10.0,exceptional,no review,no review
brazil,comfort family room plus,family,6,2025,2,10.0,exceptional,no review,no review
spain,comfort double room,couple,3,2025,2,9.0,superb,no review,no review
portugal,comfort double room,group,2,2025,2,10.0,exceptional,no review,no review
france,plus comfort suite,family,3,2024,12,8.0,very good,no review,no review
spain,comfort family room,family,2,2025,2,10.0,exceptional,no review,no review
spain,comfort suite,family,2,2025,2,10.0,exceptional,no review,no review
brazil,comfort family room,family,2,2025,1,9.0,superb,no review,no review
italy,plus comfort suite,family,5,2025,1,10.0,exceptional,no review,no review
spain,comfort king room,couple,2,2025,2,10.0,exceptional,no review,no review
italy,comfort suite,group,1,2025,2,10.0,exceptional,no review,no review
spain,comfort double room,couple,3,2025,1,10.0,exceptional,no review,no review
portugal,comfort single room,solo traveller,1,2025,1,9.0,superb,no review,no review
portugal,comfort double room,couple,2,2025,1,8.0,very good,no review,no review
switzerland,comfort double room,couple,3,2025,1,8.0,very good,no review,no review
portugal,comfort double room,family,2,2025,1,10.0,exceptional,no review,no review
netherlands,comfort king room,couple,4,2024,12,9.0,superb,no review,no review
greece,comfort double room,family,4,2025,1,9.0,superb,no review,no review
spain,comfort suite,group,3,2025,1,10.0,exceptional,no review,no review
spain,comfort king room,couple,3,2024,12,10.0,exceptional,no review,no review
spain,comfort double room,couple,3,2024,12,8.0,very good,no review,no review
czech republic,plus comfort suite,family,1,2024,12,9.0,superb,no review,no review
germany,comfort suite,group,3,2025,1,10.0,exceptional,no review,no review
netherlands,comfort family room,group,2,2025,1,8.0,very good,no review,no review
italy,comfort twin room,family,1,2025,1,9.0,superb,no review,no review
spain,plus comfort suite,family,3,2024,11,10.0,exceptional,no review,no review
morocco,comfort double room,family,1,2025,1,10.0,exceptional,no review,no review
brazil,comfort double room,couple,1,2025,1,8.0,very good,no review,no review
portugal,comfort double room,couple,2,2025,1,10.0,exceptional,no review,no review
spain,comfort double room,couple,2,2024,12,10.0,exceptional,no review,no review
switzerland,comfort double room,couple,3,2025,1,8.0,very good,no review,no review
austria,comfort twin room,couple,6,2025,1,9.0,superb,no review,no review
brazil,comfort family room,family,3,2024,12,10.0,exceptional,no review,no review
portugal,comfort double room,couple,1,2025,1,10.0,exceptional,no review,no review
spain,comfort king room,couple,1,2024,12,9.0,superb,no review,no review
switzerland,comfort king room,couple,1,2025,1,10.0,exceptional,no review,no review
portugal,comfort double room,family,1,2024,12,9.0,superb,no review,no review
georgia,comfort family room plus,family,2,2024,11,9.0,superb,no review,no review
brazil,comfort king room,couple,4,2025,1,10.0,exceptional,no review,no review
france,deluxe panoramic suite,couple,3,2025,1,10.0,parfait,no review,no review
brazil,comfort double room,couple,1,2024,11,9.0,superb,no review,no review
kuwait,comfort king room,family,3,2024,11,10.0,exceptional,no review,no review
belgium,comfort double room,family,1,2025,1,10.0,exceptional,no review,no review
italy,comfort double room,family,2,2025,1,9.0,superb,no review,no review
portugal,comfort double room,family,1,2025,1,10.0,exceptional,no review,no review
spain,comfort double room,couple,2,2025,1,8.0,very good,no review,no review
austria,comfort twin room,couple,3,2025,1,9.0,superb,no review,no review
portugal,comfort double room,couple,1,2025,1,9.0,superb,no review,no review
morocco,comfort double room,family,5,2025,1,8.0,very good,no review,no review
spain,comfort king room,couple,4,2025,1,9.0,superb,no review,no review
france,plus comfort suite,family,3,2024,12,10.0,exceptional,no review,no review
switzerland,comfort king room,couple,5,2024,12,9.0,superb,no review,no review
spain,plus comfort suite,family,6,2025,1,8.0,very good,no review,no review
spain,comfort family room,family,2,2024,11,8.0,very good,no review,no review
portugal,comfort twin room,family,4,2025,1,8.0,very good,no review,no review
portugal,comfort family room,family,1,2025,1,9.0,superb,no review,no review
france,comfort double room,family,3,2025,1,9.0,superb,no review,no review
italy,comfort double room,family,4,2025,1,8.0,very good,no review,no review
portugal,comfort double room,couple,1,2025,1,10.0,exceptional,no review,no review
italy,comfort twin room,family,4,2024,12,8.0,very good,no review,no review
france,comfort king room,couple,5,2024,12,10.0,exceptional,no review,no review
france,comfort double room,couple,3,2024,12,10.0,exceptional,no review,no review
france,comfort double room,family,1,2024,12,9.0,superb,no review,no review
spain,comfort double room,family,4,2024,12,8.0,very good,no review,no review
portugal,comfort king room,solo traveller,1,2024,12,10.0,exceptional,no review,no review
portugal,comfort double room,solo traveller,1,2024,12,9.0,superb,no review,no review
portugal,comfort double room,family,2,2024,12,9.0,superb,no review,no review
italy,comfort double room,couple,2,2024,12,10.0,exceptional,no review,no review
portugal,comfort double room,couple,2,2024,12,10.0,exceptional,no review,no review
france,comfort double room,family,3,2024,12,8.0,very good,no review,no review
italy,comfort single room,couple,1,2024,12,9.0,superb,no review,no review
germany,plus comfort suite,group,2,2024,12,8.0,very good,no review,no review
netherlands,comfort single room,family,3,2024,11,8.0,very good,no review,no review
spain,comfort double room,group,3,2024,11,9.0,superb,no review,no review
spain,comfort family room,family,1,2024,11,9.0,superb,no review,no review
morocco,comfort double room,family,2,2024,12,10.0,exceptional,no review,no review
spain,comfort double room,family,1,2024,12,10.0,exceptional,no review,no review
spain,comfort suite,family,1,2024,12,10.0,exceptional,no review,no review
portugal,comfort double room,couple,1,2024,12,10.0,exceptional,no review,no review
france,comfort double room,solo traveller,1,2024,12,9.0,superb,no review,no review
france,plus comfort suite,group,2,2024,11,8.0,very good,no review,no review
spain,comfort double room,family,3,2024,12,9.0,superb,no review,no review
portugal,comfort double room,couple,1,2024,12,8.0,very good,no review,no review
spain,comfort king room,family,1,2024,12,9.0,superb,no review,no review
belgium,comfort single room,solo traveller,2,2024,12,10.0,exceptional,no review,no review
spain,comfort family room,family,3,2024,12,10.0,exceptional,no review,no review
poland,comfort family room,family,1,2024,12,10.0,exceptional,no review,no review
spain,plus comfort suite,family,2,2024,12,8.0,very good,no review,no review
spain,comfort double room,couple,3,2024,12,10.0,exceptional,no review,no review
portugal,comfort king double room with romantic package,couple,1,2024,12,10.0,exceptional,no review,no review
france,comfort twin room,group,4,2024,12,8.0,very good,no review,no review
portugal,comfort king room,couple,1,2024,12,10.0,exceptional,no review,no review
france,comfort double room,group,3,2024,12,9.0,superb,no review,no review
italy,comfort king room,couple,2,2024,12,10.0,exceptional,no review,no review
portugal,comfort king room,couple,1,2024,12,10.0,exceptional,no review,no review
spain,comfort king room,group,2,2024,12,9.0,superb,no review,no review
spain,comfort double room,couple,1,2024,12,10.0,exceptional,no review,no review
spain,comfort family room,family,2,2024,12,10.0,exceptional,no review,no review
portugal,comfort king room,couple,1,2024,12,10.0,exceptional,no review,no review
spain,comfort suite,family,5,2024,12,9.0,superb,no review,no review
portugal,comfort double room,solo traveller,1,2024,12,8.0,very good,no review,no review
portugal,comfort double room,family,3,2024,12,9.0,superb,no review,no review
czech republic,plus comfort suite,group,3,2024,12,8.0,very good,no review,no review
portugal,comfort king room,couple,2,2024,12,9.0,superb,no review,no review
portugal,comfort single room,solo traveller,1,2024,11,9.0,good quality relationship/price,no review,no review
spain,comfort double room,couple,2,2024,11,9.0,superb,no review,no review
south korea,comfort twin room,couple,4,2024,11,8.0,very good,no review,no review
spain,comfort single room,solo traveller,3,2024,11,8.0,very good,no review,no review
spain,comfort double room,family,3,2024,11,9.0,superb,no review,no review
finland,comfort double room,couple,4,2024,11,9.0,superb,no review,no review
portugal,comfort double room,group,1,2024,11,8.0,very good,no review,no review
spain,comfort double room,group,4,2024,11,9.0,superb,no review,no review
portugal,comfort double room,group,1,2024,11,10.0,exceptional,no review,no review
croatia,comfort double room,couple,3,2024,11,9.0,superb,no review,no review
romania,comfort single room,solo traveller,1,2024,11,8.0,very good,no review,no review
france,comfort king room,couple,2,2024,11,8.0,very good,no review,no review
france,comfort family room,group,1,2024,11,10.0,exceptional,no review,no review
italy,comfort double room,group,2,2024,11,8.0,very good,no review,no review
denmark,plus comfort suite,group,2,2024,11,8.0,very good,no review,no review
spain,comfort family room,family,7,2024,11,9.0,superb,no review,no review
belgium,comfort suite,group,2,2024,11,8.0,very good,no review,no review
france,comfort double room,couple,3,2024,11,8.0,very good,no review,no review
switzerland,comfort king room,couple,1,2024,11,9.0,superb,no review,no review
romania,comfort double room,couple,2,2024,11,10.0,exceptional,no review,no review
germany,comfort king room,group,3,2024,10,9.0,superb,no review,no review
portugal,plus comfort suite,family,2,2024,11,9.0,superb,no review,no review
portugal,suite premium deluxe,couple,2,2024,11,10.0,exceptional,no review,no review
portugal,comfort double room,family,1,2024,8,10.0,exceptional,no review,no review
spain,comfort double room,family,2,2024,11,9.0,superb,no review,no review
netherlands,comfort suite,group,1,2024,11,9.0,superb,no review,no review
netherlands,comfort king room,family,5,2024,11,8.0,very good,no review,no review
brazil,comfort double room,couple,3,2024,10,10.0,exceptional,no review,no review
france,plus comfort suite,group,3,2024,11,9.0,superb,no review,no review
portugal,comfort single room,solo traveller,1,2024,9,10.0,exceptional,no review,no review
portugal,comfort double room,solo traveller,1,2024,8,10.0,exceptional,no review,no review
portugal,comfort twin room,couple,1,2024,11,8.0,all according to what i expected.,no review,no review
portugal,comfort king room,couple,1,2024,11,10.0,exceptional,no review,no review
spain,comfort king room,family,2,2024,9,8.0,very good,no review,no review
spain,comfort double room,group,2,2024,11,10.0,exceptional,no review,no review
uruguay,comfort single room,solo traveller,6,2024,11,10.0,exceptional,no review,no review
portugal,plus comfort suite,family,2,2024,11,10.0,exceptional,no review,no review
germany,comfort single room,solo traveller,2,2024,11,9.0,superb,no review,no review
spain,comfort family room plus,family,1,2024,11,9.0,superb,no review,no review
spain,comfort suite,family,1,2024,11,10.0,perfect,no review,no review
italy,comfort single room,solo traveller,3,2024,10,8.0,very good,no review,no review
portugal,double room - disability access,solo traveller,1,2024,8,10.0,exceptional,no review,no review
brazil,comfort twin room,couple,1,2024,9,9.0,superb,no review,no review
netherlands,comfort twin room,family,3,2024,10,8.0,very good,no review,no review
portugal,comfort single room,solo traveller,1,2024,9,8.0,very good,no review,no review
switzerland,comfort king room,couple,6,2024,10,9.0,superb,no review,no review
switzerland,comfort double room,group,3,2024,10,8.0,very good,no review,no review
portugal,comfort king room,solo traveller,1,2024,10,10.0,exceptional,no review,no review
switzerland,plus comfort suite,family,1,2024,10,10.0,exceptional,no review,no review
italy,comfort double room,family,2,2024,10,9.0,superb,no review,no review
germany,comfort king room,solo traveller,2,2024,10,9.0,superb,no review,no review
france,comfort double room,couple,2,2024,10,8.0,very good,no review,no review
germany,comfort double room,couple,2,2024,10,9.0,superb,no review,no review
austria,comfort single room,group,3,2024,10,8.0,very good,no review,no review
denmark,comfort king room,couple,1,2024,10,9.0,superb,no review,no review
brazil,comfort king double room with romantic package,couple,1,2024,8,10.0,exceptional,no review,no review
france,comfort twin room,group,2,2024,10,8.0,very good,no review,no review
spain,comfort family room plus,family,3,2024,10,9.0,superb,no review,no review
germany,comfort single room,group,4,2024,10,8.0,very good,no review,no review
brazil,comfort double room,couple,3,2024,10,10.0,exceptional,no review,no review
brazil,double room - disability access,solo traveller,4,2024,10,9.0,superb,no review,no review
germany,comfort single room,group,4,2024,10,9.0,superb,no review,no review
russia,comfort single room,group,2,2024,9,9.0,superb,no review,no review
switzerland,comfort king room,family,1,2024,10,10.0,exceptional,no review,no review
denmark,comfort family room,family,3,2024,10,9.0,superb,no review,no review
netherlands,comfort double room,group,3,2024,9,10.0,exceptional,no review,no review
chile,comfort family room,group,1,2024,10,8.0,very good,no review,no review
germany,comfort single room,solo traveller,2,2024,9,10.0,exceptional,no review,no review
israel,comfort suite,couple,1,2024,9,8.0,very good,no review,no review
spain,comfort king room,couple,2,2024,9,10.0,exceptional,no review,no review
argentina,comfort family room,family,3,2024,10,8.0,very good,no review,no review
finland,comfort king room,group,1,2024,9,8.0,very good,no review,no review
switzerland,comfort double room,solo traveller,1,2024,9,10.0,exceptional,no review,no review
portugal,comfort king room,family,2,2024,9,8.0,very good,no review,no review
belgium,comfort double room,solo traveller,3,2024,9,8.0,very good,no review,no review
germany,comfort double room,family,3,2024,9,8.0,very good,no review,no review
poland,comfort double room,couple,1,2024,9,9.0,superb,no review,no review
mexico,comfort king room,couple,1,2024,9,10.0,exceptional,no review,no review
switzerland,plus comfort suite,couple,4,2024,9,8.0,very good,no review,no review
austria,comfort double room,family,3,2024,9,9.0,superb,no review,no review
spain,suite premium deluxe,family,1,2024,9,8.0,very good,no review,no review
france,comfort double room,group,2,2024,9,8.0,very good,no review,no review
portugal,comfort king room,couple,2,2024,9,8.0,very good,no review,no review
france,comfort single room,solo traveller,3,2024,9,10.0,exceptional,no review,no review
portugal,comfort king room,couple,1,2024,9,10.0,perfect,no review,no review
switzerland,comfort suite,family,4,2024,9,10.0,exceptional,no review,no review
netherlands,comfort king room,couple,3,2024,8,8.0,a good hotel. nothing to criticize. good location,no review,no review
switzerland,comfort suite,couple,1,2024,9,10.0,exceptional,no review,no review
luxembourg,plus comfort suite,family,4,2024,9,8.0,very good,no review,no review
spain,comfort double room,solo traveller,1,2024,9,8.0,very good,no review,no review
belgium,plus comfort suite,couple,4,2024,9,9.0,superb,no review,no review
brazil,comfort king room,couple,7,2024,9,8.0,very good,no review,no review
austria,comfort family room plus,family,1,2024,8,9.0,superb,no review,no review
germany,comfort single room,solo traveller,4,2024,9,9.0,superb,no review,no review
spain,comfort twin room,couple,2,2024,9,8.0,very good,no review,no review
italy,comfort single room,solo traveller,1,2024,7,8.0,very good,no review,no review
brazil,comfort king room,couple,5,2024,9,9.0,superb,no review,no review
belgium,comfort single room,solo traveller,1,2024,9,9.0,superb,no review,no review
norway,plus comfort suite,family,4,2024,7,10.0,exceptional,no review,no review
germany,comfort twin room,couple,4,2024,8,10.0,exceptional,no review,no review
spain,comfort family room,family,3,2024,9,8.0,very good,no review,no review
czech republic,comfort suite,family,1,2024,8,8.0,very good,no review,no review
peru,comfort double room,solo traveller,3,2024,9,10.0,exceptional,no review,no review
spain,comfort king room,couple,2,2024,8,10.0,exceptional,no review,no review
sweden,comfort king room,couple,1,2024,9,9.0,superb,no review,no review
spain,comfort double room,family,2,2024,8,10.0,exceptional,no review,no review
france,comfort king room,family,4,2024,9,10.0,exceptional,no review,no review
spain,comfort double room,group,5,2024,7,8.0,very good,no review,no review
spain,comfort double room,couple,3,2024,9,8.0,very good,no review,no review
spain,double room - disability access,couple,1,2024,9,8.0,very good,no review,no review
france,comfort king room,couple,1,2024,8,9.0,superb,no review,no review
netherlands,comfort single room,solo traveller,1,2024,8,8.0,very good,no review,no review
luxembourg,comfort double room,couple,4,2024,8,8.0,very good,no review,no review
spain,comfort double room,family,4,2024,8,8.0,very good,no review,no review
spain,comfort single room,solo traveller,2,2024,8,10.0,exceptional,no review,no review
spain,plus comfort suite,family,5,2024,8,9.0,superb,no review,no review
portugal,comfort double room,group,1,2024,8,10.0,exceptional,no review,no review
spain,comfort double room,couple,3,2024,8,8.0,very good,no review,no review
germany,comfort double room,group,2,2024,8,9.0,superb,no review,no review
brazil,comfort double room,family,8,2024,6,9.0,superb,no review,no review
italy,comfort double room,couple,3,2024,8,8.0,very good,no review,no review
portugal,comfort king double room with romantic package,couple,1,2024,8,10.0,exceptional,no review,no review
portugal,comfort king room,family,2,2024,7,10.0,exceptional,no review,no review
france,comfort single room,solo traveller,2,2024,8,10.0,exceptional,no review,no review
germany,comfort double room,couple,2,2024,8,8.0,very good,no review,no review
spain,comfort double room,couple,2,2024,8,9.0,superb,no review,no review
portugal,comfort double room,family,1,2024,8,9.0,superb,no review,no review
spain,comfort single room,solo traveller,2,2024,8,9.0,superb,no review,no review
portugal,comfort king room,solo traveller,1,2024,8,10.0,very comforting,no review,no review
switzerland,comfort double room,family,1,2024,7,10.0,exceptional,no review,no review
switzerland,comfort king room,couple,1,2024,6,9.0,superb,no review,no review
switzerland,comfort king room,couple,1,2024,6,9.0,superb,no review,no review
spain,comfort family room plus,family,3,2024,8,8.0,very good,no review,no review
france,comfort double room,couple,1,2024,8,8.0,very good,no review,no review
netherlands,comfort king room,couple,1,2024,8,10.0,exceptional,no review,no review
spain,comfort double room,couple,1,2024,7,8.0,very good,no review,no review
spain,comfort double room,group,1,2024,8,10.0,exceptional,no review,no review
france,comfort double room,couple,1,2024,8,8.0,very good,no review,no review
spain,comfort double room,solo traveller,3,2024,8,9.0,superb,no review,no review
united kingdom,comfort twin room,group,1,2024,8,10.0,exceptional,no review,no review
france,comfort double room,family,1,2024,8,9.0,superb,no review,no review
luxembourg,comfort single room,family,1,2024,8,8.0,very good,no review,no review
uruguay,comfort suite,couple,1,2024,8,9.0,superb,no review,no review
france,comfort double room,family,1,2024,7,8.0,very good,no review,no review
spain,comfort family room plus,family,1,2024,8,10.0,exceptional,no review,no review
portugal,comfort double room,family,1,2024,8,8.0,very good,no review,no review
italy,plus comfort suite,family,4,2024,8,10.0,exceptional,no review,no review
spain,comfort family room,family,3,2024,8,10.0,exceptional,no review,no review
russia,comfort king room,family,2,2024,8,10.0,exceptional,no review,no review
spain,comfort double room,couple,3,2024,8,8.0,very good,no review,no review
germany,plus comfort suite,family,1,2024,8,8.0,very good,no review,no review
spain,comfort double room,family,2,2024,8,8.0,very good,no review,no review
spain,double room - disability access,group,2,2024,8,8.0,very good,no review,no review
portugal,comfort twin room,family,1,2024,7,10.0,exceptional,no review,no review
france,comfort double room,family,2,2024,8,10.0,exceptional,no review,no review
portugal,comfort king room,couple,1,2024,5,8.0,very good,no review,no review
france,comfort family room,family,1,2024,8,9.0,superb,no review,no review
israel,comfort double room,family,3,2024,8,8.0,very good,no review,no review
brazil,comfort double room,family,3,2024,6,10.0,exceptional,no review,no review
france,comfort double room,couple,1,2024,8,9.0,superb,no review,no review
italy,comfort family room,family,1,2024,8,10.0,exceptional,no review,no review
spain,comfort double room,couple,1,2024,8,9.0,superb,no review,no review
italy,comfort double room,group,2,2024,8,10.0,exceptional,no review,no review
france,comfort king room,family,3,2024,6,9.0,superb,no review,no review
france,comfort family room plus,family,2,2024,8,10.0,exceptional,no review,no review
spain,comfort double room,group,5,2024,8,9.0,superb,no review,no review
portugal,comfort single room,solo traveller,1,2024,6,10.0,great experience,no review,no review
austria,comfort single room,family,3,2024,8,9.0,superb,no review,no review
germany,comfort double room,couple,7,2024,7,8.0,very good,no review,no review
brazil,comfort king room,couple,4,2024,8,8.0,very good,no review,no review
netherlands,comfort double room,family,3,2024,8,9.0,superb,no review,no review
austria,comfort double room,solo traveller,4,2024,8,10.0,exceptional,no review,no review
brazil,comfort king room,couple,4,2024,7,10.0,exceptional,no review,no review
germany,comfort double room,family,5,2024,8,9.0,superb,no review,no review
germany,plus comfort suite,solo traveller,2,2024,8,10.0,exceptional,no review,no review
germany,comfort single room,solo traveller,1,2024,7,9.0,superb,no review,no review
switzerland,comfort double room,family,1,2024,7,9.0,superb,no review,no review
spain,comfort double room,couple,7,2024,7,9.0,superb,no review,no review
germany,comfort double room,couple,1,2024,7,8.0,very good,no review,no review
germany,comfort single room,group,5,2024,7,9.0,superb,no review,no review
switzerland,comfort double room,family,3,2024,7,9.0,superb,no review,no review
germany,comfort family room plus,family,3,2024,7,8.0,very good,no review,no review
portugal,comfort king double room with romantic package,couple,1,2024,7,9.0,superb,no review,no review
belgium,comfort single room,solo traveller,2,2024,7,10.0,exceptional,no review,no review
spain,comfort double room,family,5,2024,7,9.0,superb,no review,no review
italy,comfort double room,couple,2,2024,7,9.0,superb,no review,no review
switzerland,comfort king room,couple,2,2024,6,8.0,very good,no review,no review
switzerland,comfort double room,family,8,2024,7,8.0,very good,no review,no review
spain,comfort double room,family,4,2024,7,9.0,superb,no review,no review
brazil,double room - disability access,couple,17,2024,5,9.0,superb,no review,no review
brazil,comfort family room plus,family,4,2024,7,10.0,exceptional,no review,no review
spain,comfort double room,couple,2,2024,7,10.0,exceptional,no review,no review
italy,comfort king room,family,3,2024,7,9.0,superb,no review,no review
spain,comfort twin room,group,3,2024,7,9.0,superb,no review,no review
france,comfort double room,couple,3,2024,7,8.0,very good,no review,no review
chile,comfort double room,couple,2,2024,7,9.0,superb,no review,no review
spain,comfort double room,couple,2,2024,7,10.0,exceptional,no review,no review
bulgaria,comfort double room,family,1,2024,7,10.0,exceptional,no review,no review
spain,comfort double room,family,2,2024,7,8.0,very good,no review,no review
france,comfort twin room,couple,4,2024,7,9.0,superb,no review,no review
turkey,plus comfort suite,family,5,2024,7,9.0,superb,no review,no review
italy,comfort double room,couple,4,2024,7,8.0,very good,no review,no review
spain,comfort double room,couple,2,2024,7,9.0,superb,no review,no review
switzerland,comfort king room,couple,1,2024,7,9.0,superb,no review,no review
spain,comfort king double room with romantic package,couple,2,2024,7,9.0,superb,no review,no review
netherlands,comfort twin room,family,1,2024,6,8.0,very good,no review,no review
portugal,comfort double room,family,2,2024,6,8.0,very good,no review,no review
spain,comfort single room,solo traveller,3,2024,7,9.0,superb,no review,no review
switzerland,comfort double room,couple,2,2024,7,9.0,superb,no review,no review
portugal,plus comfort suite,group,1,2024,7,10.0,exceptional,no review,no review
mexico,comfort twin room,family,3,2024,7,10.0,exceptional,no review,no review
austria,comfort twin room,couple,1,2024,6,9.0,superb,no review,no review
brazil,comfort king room,family,2,2024,6,10.0,great cost benefit!,no review,no review
portugal,comfort double room,solo traveller,1,2024,6,9.0,superb,no review,no review
spain,comfort double room,group,3,2024,6,10.0,exceptional,no review,no review
switzerland,comfort double room,group,3,2024,6,9.0,superb,no review,no review
spain,comfort double room,couple,2,2024,4,8.0,very good,no review,no review
italy,comfort double room,couple,1,2024,6,9.0,superb,no review,no review
france,comfort double room,couple,3,2024,6,8.0,very good,no review,no review
costa rica,comfort double room,group,2,2024,6,10.0,exceptional,no review,no review
germany,comfort double room,couple,5,2024,6,8.0,very good,no review,no review
spain,comfort double room,group,3,2024,6,9.0,superb,no review,no review
france,plus comfort suite,family,3,2024,4,8.0,very good,no review,no review
france,plus comfort suite,family,1,2024,6,10.0,exceptional,no review,no review
italy,comfort family room,family,2,2024,6,8.0,very good,no review,no review
switzerland,comfort double room,couple,3,2024,6,9.0,superb,no review,no review
portugal,comfort king room,couple,1,2024,4,10.0,exceptional,no review,no review
peru,comfort suite,group,3,2024,6,8.0,very good,no review,no review
italy,comfort double room,solo traveller,6,2024,5,9.0,superb,no review,no review
germany,plus comfort suite,family,2,2024,6,10.0,exceptional,no review,no review
poland,comfort double room,family,3,2024,6,10.0,exceptional,no review,no review
brazil,comfort single room,solo traveller,2,2024,6,8.0,very good,no review,no review
netherlands,plus comfort suite,group,4,2024,6,9.0,superb,no review,no review
france,comfort double room,family,1,2024,6,10.0,exceptional,no review,no review
switzerland,comfort double room,group,4,2024,6,8.0,very good,no review,no review
switzerland,comfort king room,couple,3,2024,6,8.0,very good,no review,no review
germany,comfort double room,couple,1,2024,6,8.0,very good,no review,no review
belgium,comfort king room,family,5,2024,5,8.0,very good,no review,no review
france,comfort family room,group,2,2024,6,9.0,superb,no review,no review
switzerland,comfort king room,couple,2,2024,6,8.0,very good,no review,no review
spain,comfort double room,family,3,2024,6,9.0,superb,no review,no review
france,comfort double room,couple,2,2024,6,8.0,very good,no review,no review
italy,comfort double room,group,3,2024,5,8.0,very good,no review,no review
denmark,comfort double room,solo traveller,6,2024,4,10.0,exceptional,no review,no review
france,comfort king room,couple,1,2024,6,9.0,superb,no review,no review
argentina,deluxe panoramic suite,couple,1,2024,6,10.0,exceptional,no review,no review
denmark,comfort double room,couple,3,2024,6,8.0,very good,no review,no review
spain,plus comfort suite,family,3,2024,6,8.0,very good,no review,no review
italy,comfort double room,family,5,2024,6,9.0,superb,no review,no review
germany,comfort single room,solo traveller,1,2024,5,10.0,exceptional,no review,no review
switzerland,comfort single room,solo traveller,1,2024,5,9.0,superb,no review,no review
germany,comfort double room,couple,1,2024,6,8.0,very good,no review,no review
germany,comfort single room,solo traveller,2,2024,6,9.0,superb,no review,no review
argentina,comfort double room,family,1,2024,4,8.0,very good,no review,no review
italy,comfort single room,solo traveller,3,2024,4,9.0,superb,no review,no review
netherlands,comfort twin room,solo traveller,3,2024,5,9.0,superb,no review,no review
spain,comfort suite,family,1,2024,3,9.0,superb,no review,no review
switzerland,comfort double room,family,3,2024,5,8.0,very good,no review,no review
germany,comfort single room,family,1,2024,5,9.0,superb,no review,no review
israel,comfort double room,group,3,2024,5,9.0,superb,no review,no review
poland,suite premium deluxe,family,2,2024,5,9.0,superb,no review,no review
brazil,comfort suite,family,2,2024,5,10.0,exceptional,no review,no review
france,comfort family room,family,3,2024,5,9.0,superb,no review,no review
brazil,comfort double room,solo traveller,2,2024,5,10.0,exceptional,no review,no review
netherlands,comfort double room,couple,5,2024,5,9.0,superb,no review,no review
switzerland,deluxe panoramic suite,couple,3,2024,5,10.0,exceptional,no review,no review
brazil,comfort double room,family,2,2024,5,9.0,superb,no review,no review
germany,comfort suite,group,1,2024,3,8.0,very good,no review,no review
austria,deluxe panoramic suite,couple,4,2024,5,8.0,very good,no review,no review
switzerland,comfort double room,group,3,2024,5,9.0,superb,no review,no review
spain,comfort double room,couple,3,2024,5,9.0,superb,no review,no review
germany,comfort king room,couple,4,2024,4,9.0,superb,no review,no review
spain,comfort king double room with romantic package,group,2,2024,5,8.0,very good,no review,no review
poland,comfort double room,solo traveller,3,2024,3,9.0,superb,no review,no review
france,comfort suite,family,3,2024,3,8.0,very good,no review,no review
poland,comfort king room,couple,4,2024,4,10.0,exceptional,no review,no review
brazil,comfort family room,family,1,2024,5,10.0,exceptional,no review,no review
portugal,comfort twin room,group,1,2024,5,9.0,superb,no review,no review
brazil,comfort double room,couple,2,2024,5,9.0,superb,no review,no review
italy,comfort single room,solo traveller,3,2024,4,9.0,superb,no review,no review
spain,comfort king room,couple,2,2024,5,10.0,exceptional,no review,no review
portugal,comfort double room,couple,1,2024,5,9.0,superb,no review,no review
spain,comfort double room,family,3,2024,5,9.0,superb,no review,no review
italy,comfort single room,solo traveller,4,2024,5,8.0,very good,no review,no review
brazil,comfort double room,family,1,2024,4,9.0,superb,no review,no review
spain,comfort double room,solo traveller,1,2024,4,9.0,superb,no review,no review
poland,plus comfort suite,group,4,2024,5,8.0,very good,no review,no review
france,comfort double room,couple,8,2024,5,10.0,exceptional,no review,no review
france,comfort family room plus,family,4,2024,4,10.0,exceptional,no review,no review
belgium,comfort king double room with romantic package,couple,4,2024,3,8.0,very good,no review,no review
luxembourg,plus comfort suite,group,4,2024,4,10.0,exceptional,no review,no review
switzerland,plus comfort suite,couple,3,2024,5,9.0,superb,no review,no review
brazil,comfort double room,family,2,2024,5,9.0,superb,no review,no review
germany,comfort king room,family,2,2024,4,8.0,very good,no review,no review
spain,comfort family room,family,1,2024,2,10.0,exceptional,no review,no review
brazil,comfort double room,couple,2,2024,5,9.0,superb,no review,no review
portugal,comfort double room,couple,2,2024,5,9.0,superb,no review,no review
portugal,comfort single room,solo traveller,1,2024,4,8.0,very good,no review,no review
iceland,comfort double room,couple,1,2024,4,8.0,very good,no review,no review
luxembourg,comfort family room plus,family,3,2024,4,9.0,superb,no review,no review
germany,comfort family room plus,family,3,2024,4,9.0,superb,no review,no review
brazil,comfort king room,couple,1,2024,4,9.0,superb,no review,no review
netherlands,comfort single room,solo traveller,3,2024,4,9.0,superb,no review,no review
brazil,comfort king room,family,3,2024,2,10.0,exceptional,no review,no review
spain,comfort family room plus,group,1,2024,2,10.0,exceptional,no review,no review
spain,comfort double room,couple,2,2024,4,10.0,exceptional,no review,no review
italy,comfort double room,couple,3,2024,4,10.0,exceptional,no review,no review
switzerland,comfort double room,solo traveller,4,2024,4,9.0,superb,no review,no review
portugal,comfort suite,group,1,2024,4,9.0,superb,no review,no review
germany,comfort double room,family,4,2024,3,10.0,exceptional,no review,no review
denmark,comfort double room,family,1,2024,4,8.0,very good,no review,no review
denmark,comfort double room,family,1,2024,4,9.0,superb,no review,no review
morocco,comfort double room,couple,2,2024,4,9.0,superb,no review,no review
spain,comfort double room,couple,3,2024,3,8.0,very good,no review,no review
switzerland,comfort king room,couple,5,2024,3,8.0,very good,no review,no review
brazil,comfort double room,family,6,2024,4,8.0,very good,no review,no review
slovenia,comfort single room,solo traveller,5,2024,4,9.0,superb,no review,no review
germany,plus comfort suite,couple,7,2024,4,9.0,superb,no review,no review
italy,comfort double room,solo traveller,1,2024,4,9.0,superb,no review,no review
china,comfort twin room,group,1,2024,4,8.0,very good,no review,no review
germany,comfort single room,group,4,2024,3,8.0,very good,no review,no review
mexico,comfort king double room with romantic package,group,2,2024,3,8.0,very good,no review,no review
brazil,comfort family room,group,1,2024,3,10.0,exceptional,no review,no review
france,comfort king room,couple,1,2024,4,10.0,exceptional,no review,no review
spain,comfort family room,family,1,2024,3,8.0,very good,no review,no review
austria,comfort king room,couple,1,2024,4,9.0,superb,no review,no review
germany,comfort single room,solo traveller,3,2024,3,8.0,very good,no review,no review
switzerland,comfort double room,family,3,2024,4,9.0,superb,no review,no review
belgium,comfort double room,couple,4,2024,3,8.0,very good,no review,no review
portugal,comfort twin room,family,1,2024,4,10.0,exceptional,no review,no review
israel,comfort double room,couple,2,2024,4,10.0,exceptional,no review,no review
spain,plus comfort suite,family,2,2024,3,9.0,superb,no review,no review
portugal,comfort double room,family,2,2024,2,9.0,superb,no review,no review
spain,comfort double room,couple,2,2024,2,10.0,exceptional,no review,no review
germany,comfort single room,group,2,2024,4,9.0,superb,no review,no review
spain,comfort double room,couple,4,2024,4,10.0,exceptional,no review,no review
spain,comfort single room,group,2,2024,3,8.0,good hotel and good location,no review,no review
portugal,comfort double room,couple,2,2024,4,10.0,exceptional,no review,no review
portugal,comfort king room,couple,1,2024,3,8.0,very good,no review,no review
luxembourg,comfort single room,solo traveller,3,2024,4,8.0,very good,no review,no review
spain,comfort family room,family,3,2024,4,10.0,exceptional,no review,no review
spain,plus comfort suite,family,3,2024,4,10.0,exceptional,no review,no review
italy,comfort suite,family,1,2024,4,10.0,exceptional,no review,no review
portugal,comfort double room,couple,2,2024,1,8.0,very good,no review,no review
spain,comfort king room,couple,2,2024,3,10.0,exceptional,no review,no review
spain,comfort double room,family,3,2024,4,9.0,superb,no review,no review
france,comfort double room,couple,1,2024,3,10.0,exceptional,no review,no review
spain,comfort double room,couple,1,2024,3,9.0,superb,no review,no review
spain,comfort double room,couple,1,2024,3,8.0,very good,no review,no review
poland,comfort family room,family,3,2024,4,9.0,superb,no review,no review
china,plus comfort suite,family,2,2024,4,10.0,exceptional,no review,no review
spain,comfort double room,couple,2,2024,3,9.0,superb,no review,no review
spain,comfort double room,couple,2,2024,1,8.0,very good,no review,no review
netherlands,comfort double room,couple,2,2024,3,8.0,very good,no review,no review
spain,comfort suite,family,2,2024,3,10.0,exceptional,no review,no review
germany,comfort double room,family,3,2024,3,8.0,very good,no review,no review
portugal,comfort king double room with romantic package,couple,1,2024,3,10.0,exceptional,no review,no review
czech republic,comfort double room,family,2,2024,3,9.0,superb,no review,no review
france,comfort twin room,group,1,2024,3,9.0,superb,no review,no review
japan,comfort family room,family,2,2024,3,8.0,very good,no review,no review
germany,comfort king room,group,5,2024,3,8.0,very good,no review,no review
south korea,comfort twin room,family,1,2024,3,10.0,exceptional,no review,no review
spain,plus comfort suite,family,1,2024,3,8.0,very good,no review,no review
switzerland,double room - disability access,solo traveller,6,2024,3,10.0,exceptional,no review,no review
spain,comfort double room,family,2,2024,3,9.0,superb,no review,no review
spain,comfort king double room with romantic package,couple,2,2024,3,10.0,exceptional,no review,no review
portugal,comfort king room,family,1,2024,3,9.0,superb,no review,no review
azerbaijan,plus comfort suite,family,2,2024,3,8.0,very good,no review,no review
united states,comfort suite,couple,3,2024,2,10.0,exceptional,no review,no review
france,comfort king room,solo traveller,1,2024,3,8.0,very good,no review,no review
spain,comfort suite,family,4,2024,3,10.0,exceptional,no review,no review
portugal,comfort king room,family,1,2024,3,9.0,superb,no review,no review
switzerland,comfort single room,solo traveller,1,2024,3,8.0,very good,no review,no review
france,comfort king room,couple,2,2024,3,8.0,very good,no review,no review
portugal,comfort double room,solo traveller,1,2024,3,8.0,very good,no review,no review
spain,comfort king room,family,2,2024,2,8.0,very good,no review,no review
finland,comfort king room,couple,2,2024,2,10.0,exceptional,no review,no review
france,double room - disability access,solo traveller,3,2024,3,8.0,very good,no review,no review
germany,comfort single room,solo traveller,2,2024,3,9.0,superb,no review,no review
spain,comfort king room,couple,1,2024,3,10.0,exceptional,no review,no review
saudi arabia,comfort single room,solo traveller,3,2024,2,9.0,superb,no review,no review
romania,plus comfort suite,family,9,2024,3,8.0,very good,no review,no review
spain,comfort single room,solo traveller,3,2024,3,10.0,exceptional,no review,no review
france,comfort king room,couple,3,2024,3,9.0,superb,no review,no review
spain,comfort king room,family,2,2024,2,10.0,exceptional,no review,no review
france,comfort double room,couple,2,2024,2,10.0,exceptional,no review,no review
portugal,comfort double room,couple,1,2024,3,10.0,excellent,no review,no review
france,comfort king room,couple,3,2024,3,8.0,very good,no review,no review
spain,comfort double room,family,2,2024,3,10.0,exceptional,no review,no review
italy,comfort suite,family,2,2024,3,10.0,exceptional,no review,no review
brazil,comfort king room,couple,2,2024,2,10.0,exceptional,no review,no review
germany,comfort single room,solo traveller,2,2024,3,8.0,very good,no review,no review
portugal,comfort single room,solo traveller,1,2024,3,9.0,superb,no review,no review
france,comfort double room,group,2,2024,2,9.0,very good hotel with exceptional staff,no review,no review
united kingdom,comfort king double room with romantic package,family,2,2024,3,9.0,superb,no review,no review
spain,comfort family room,family,3,2024,3,10.0,exceptional,no review,no review
portugal,comfort double room,family,2,2024,3,9.0,superb,no review,no review
luxembourg,comfort double room,solo traveller,2,2024,3,9.0,superb,no review,no review
portugal,comfort double room,family,1,2024,2,8.0,very good,no review,no review
spain,comfort double room,couple,3,2024,3,10.0,exceptional,no review,no review
portugal,comfort double room,couple,1,2024,3,9.0,superb,no review,no review
portugal,comfort twin room,family,1,2024,2,9.0,superb,no review,no review
germany,comfort single room,solo traveller,3,2024,3,10.0,exceptional,no review,no review
france,comfort king room,group,1,2024,3,8.0,very good,no review,no review
spain,comfort double room,solo traveller,1,2024,3,8.0,very good,no review,no review
netherlands,comfort king room,solo traveller,2,2024,3,10.0,exceptional,no review,no review
spain,comfort double room,group,2,2024,3,10.0,exceptional,no review,no review
czech republic,comfort king room,couple,3,2024,3,9.0,superb,no review,no review
france,comfort double room,couple,3,2024,2,8.0,very good,no review,no review
germany,comfort double room,group,4,2024,3,8.0,very good,no review,no review
south korea,comfort single room,solo traveller,1,2024,3,8.0,very good,no review,no review
spain,comfort king double room with romantic package,couple,4,2024,2,10.0,exceptional,no review,no review
spain,comfort king room,family,3,2024,2,9.0,superb,no review,no review
portugal,comfort single room,solo traveller,1,2024,2,8.0,very good,no review,no review
spain,comfort double room,couple,2,2024,2,10.0,exceptional,no review,no review
spain,comfort suite,family,2,2024,2,8.0,very good,no review,no review
hungary,comfort double room,couple,2,2023,12,9.0,superb,no review,no review
france,comfort king room,couple,1,2024,2,10.0,exceptional,no review,no review
unknown,comfort single room,family,2,2024,2,8.0,very good,no review,no review
spain,plus comfort suite,family,3,2024,2,10.0,exceptional,no review,no review
portugal,comfort double room,family,1,2024,2,10.0,exceptional,no review,no review
belgium,comfort single room,solo traveller,1,2024,2,8.0,very good,no review,no review
brazil,comfort double room,couple,2,2024,1,10.0,exceptional,no review,no review
brazil,comfort twin room,family,1,2024,2,10.0,exceptional,no review,no review
spain,comfort family room,family,2,2024,2,10.0,exceptional,no review,no review
france,comfort double room,group,1,2024,2,8.0,very good,no review,no review
spain,comfort twin room,group,1,2024,2,9.0,superb,no review,no review
greece,comfort double room,couple,2,2024,1,10.0,exceptional,no review,no review
spain,comfort double room,couple,2,2024,2,9.0,superb,no review,no review
portugal,comfort double room,couple,3,2024,2,9.0,superb,no review,no review
spain,comfort double room,group,2,2024,2,10.0,exceptional,no review,no review
spain,comfort double room,group,2,2024,2,10.0,exceptional,no review,no review
portugal,comfort family room plus,family,3,2024,2,10.0,exceptional,no review,no review
portugal,comfort twin room,couple,1,2024,2,9.0,superb,no review,no review
portugal,comfort double room,couple,1,2024,1,10.0,exceptional,no review,no review
italy,comfort double room,family,1,2024,2,9.0,superb,no review,no review
netherlands,comfort double room,couple,4,2024,2,9.0,superb,no review,no review
portugal,comfort king room,couple,2,2024,2,10.0,exceptional,no review,no review
spain,comfort double room,couple,2,2024,2,9.0,superb,no review,no review
brazil,comfort double room,couple,2,2024,2,10.0,exceptional,no review,no review
portugal,comfort king double room with romantic package,couple,1,2024,2,9.0,superb,no review,no review
spain,comfort single room,solo traveller,2,2024,2,9.0,superb,no review,no review
germany,comfort king room,couple,3,2024,2,8.0,very good,no review,no review
brazil,comfort suite,family,2,2024,2,9.0,superb,no review,no review
spain,comfort twin room,family,4,2024,2,8.0,very good,no review,no review
spain,comfort family room,group,1,2024,2,10.0,exceptional,no review,no review
spain,comfort twin room,couple,2,2024,2,8.0,very good,no review,no review
italy,comfort double room,solo traveller,5,2024,2,8.0,very good,no review,no review
switzerland,comfort double room,couple,2,2024,2,10.0,exceptional,no review,no review
italy,comfort double room,couple,1,2024,1,8.0,very good,no review,no review
portugal,comfort king double room with romantic package,couple,2,2024,2,10.0,exceptional,no review,no review
brazil,comfort double room,couple,3,2024,2,9.0,superb,no review,no review
oman,comfort twin room,group,3,2023,12,10.0,exceptional,no review,no review
portugal,comfort double room,couple,2,2024,2,9.0,superb,no review,no review
spain,comfort double room,couple,2,2024,2,9.0,superb,no review,no review
france,comfort double room,family,2,2024,2,9.0,superb,no review,no review
portugal,comfort king double room with romantic package,couple,1,2024,2,8.0,very good,no review,no review
italy,comfort double room,couple,2,2024,1,8.0,very good,no review,no review
france,comfort double room,group,2,2024,1,10.0,exceptional,no review,no review
france,comfort double room,couple,4,2024,1,10.0,exceptional,no review,no review
brazil,comfort single room,solo traveller,3,2024,1,10.0,exceptional,no review,no review
germany,comfort double room,couple,2,2024,1,9.0,superb,no review,no review
switzerland,comfort double room,couple,2,2024,1,8.0,very good,no review,no review
italy,comfort double room,couple,2,2024,1,8.0,very good,no review,no review
brazil,plus comfort suite,family,3,2024,1,8.0,very good,no review,no review
brazil,comfort double room,couple,2,2024,1,8.0,very good,no review,no review
spain,comfort twin room,couple,2,2024,1,10.0,exceptional,no review,no review
portugal,comfort king room,couple,1,2024,1,8.0,very good,no review,no review
portugal,comfort family room plus,solo traveller,1,2024,1,8.0,very good,no review,no review
portugal,comfort double room,couple,1,2024,1,9.0,superb,no review,no review
france,comfort double room,group,2,2024,1,10.0,exceptional,no review,no review
brazil,comfort king double room with romantic package,couple,1,2024,1,10.0,exceptional,no review,no review
switzerland,comfort double room,couple,2,2024,1,9.0,superb,no review,no review
spain,comfort king room,family,2,2024,1,8.0,very good,no review,no review
saint barthelemy,deluxe panoramic suite,couple,1,2023,11,10.0,exceptional,no review,no review
portugal,comfort single room,solo traveller,2,2024,1,9.0,very friendly,no review,no review
brazil,comfort single room,solo traveller,4,2024,1,8.0,very good,no review,no review
germany,comfort single room,solo traveller,3,2024,1,10.0,exceptional,no review,no review
morocco,comfort double room,couple,3,2024,1,10.0,exceptional,no review,no review
portugal,comfort double room,couple,1,2024,1,9.0,superb,no review,no review
poland,comfort king room,group,5,2023,11,8.0,very good,no review,no review
united kingdom,comfort family room,family,2,2023,12,9.0,superb,no review,no review
brazil,comfort single room,solo traveller,1,2023,12,10.0,exceptional,no review,no review
brazil,comfort single room,solo traveller,1,2023,11,9.0,superb,no review,no review
portugal,comfort double room,family,2,2024,1,8.0,very good,no review,no review
germany,comfort king room,group,3,2024,1,9.0,superb,no review,no review
luxembourg,comfort double room,couple,3,2023,12,8.0,very good,no review,no review
austria,comfort single room,family,3,2023,12,10.0,exceptional,no review,no review
colombia,comfort double room,couple,1,2024,1,10.0,exceptional,no review,no review
brazil,plus comfort suite,family,8,2024,1,10.0,exceptional,no review,no review
brazil,comfort double room,couple,2,2024,1,10.0,exceptional,no review,no review
china,comfort king room,couple,4,2024,1,10.0,a model of old capitalist hotels,no review,no review
portugal,suite premium deluxe,couple,1,2024,1,9.0,superb,no review,no review
brazil,comfort family room plus,family,3,2024,1,10.0,exceptional,no review,no review
portugal,comfort twin room,couple,1,2023,12,9.0,superb,no review,no review
italy,comfort twin room,couple,2,2024,1,9.0,superb,no review,no review
spain,comfort double room,couple,2,2024,1,9.0,superb,no review,no review
italy,comfort single room,group,2,2024,1,9.0,superb,no review,no review
brazil,comfort double room,family,2,2024,1,8.0,very good,no review,no review
portugal,comfort king room,family,2,2024,1,8.0,very good,no review,no review
ukraine,comfort double room,solo traveller,3,2024,1,10.0,exceptional,no review,no review
france,comfort double room,family,5,2024,1,9.0,superb,no review,no review
spain,comfort double room,family,2,2023,12,9.0,superb,no review,no review
portugal,comfort king room,couple,1,2024,1,10.0,exceptional,no review,no review
brazil,comfort family room plus,family,2,2024,1,10.0,exceptional,no review,no review
france,comfort king room,couple,4,2024,1,8.0,very good,no review,no review
italy,comfort double room,couple,4,2024,1,9.0,superb,no review,no review
portugal,plus comfort suite,family,1,2023,12,10.0,exceptional,no review,no review
portugal,comfort single room,solo traveller,1,2023,12,10.0,exceptional,no review,no review
portugal,comfort double room,couple,2,2024,1,8.0,very good,no review,no review
italy,comfort king room,couple,5,2024,1,9.0,superb,no review,no review
portugal,comfort twin room,family,3,2023,12,9.0,superb,no review,no review
portugal,plus comfort suite,group,1,2024,1,9.0,superb,no review,no review
portugal,comfort double room,family,2,2024,1,9.0,superb,no review,no review
spain,comfort double room,family,3,2023,12,9.0,superb,no review,no review
switzerland,plus comfort suite,family,2,2023,12,9.0,superb,no review,no review
brazil,comfort suite,family,2,2023,12,10.0,exceptional,no review,no review
italy,comfort double room,group,3,2023,12,10.0,exceptional,no review,no review
france,comfort king room,couple,3,2023,12,9.0,superb,no review,no review
finland,comfort twin room,family,3,2023,12,9.0,superb,no review,no review
brazil,comfort family room,family,3,2023,12,8.0,very good,no review,no review
portugal,plus comfort suite,couple,1,2023,12,9.0,superb,no review,no review
portugal,comfort double room,family,1,2023,11,9.0,superb,no review,no review
bulgaria,comfort double room,family,2,2023,12,10.0,exceptional,no review,no review
japan,plus comfort suite,group,2,2023,11,8.0,very good,no review,no review
peru,comfort double room,family,3,2023,12,10.0,exceptional,no review,no review
portugal,comfort king room,couple,3,2023,11,10.0,exceptional,no review,no review
portugal,comfort suite,family,1,2023,12,8.0,very good,no review,no review
spain,comfort double room,couple,2,2023,12,9.0,superb,no review,no review
portugal,comfort single room,solo traveller,2,2023,10,9.0,superb,no review,no review
portugal,comfort single room,solo traveller,1,2023,12,10.0,exceptional,no review,no review
spain,comfort double room,couple,2,2023,12,8.0,very good,no review,no review
portugal,comfort king room,couple,3,2023,12,9.0,superb,no review,no review
sweden,comfort double room,solo traveller,1,2023,12,10.0,exceptional,no review,no review
italy,comfort double room,couple,1,2023,11,8.0,very good,no review,no review
portugal,plus comfort suite,family,1,2023,12,8.0,very good,no review,no review
france,comfort king room,couple,3,2023,12,8.0,very good,no review,no review
switzerland,comfort king room,couple,2,2023,12,8.0,very good,no review,no review
qatar,comfort double room,family,1,2023,10,8.0,very good,no review,no review
portugal,comfort double room,couple,1,2023,12,9.0,superb,no review,no review
spain,comfort double room,family,1,2023,12,10.0,exceptional,no review,no review
spain,comfort family room plus,family,2,2023,12,9.0,superb,no review,no review
italy,comfort family room,group,2,2023,11,10.0,exceptional,no review,no review
switzerland,comfort double room,couple,3,2023,11,10.0,exceptional,no review,no review
italy,comfort double room,family,1,2023,11,10.0,exceptional,no review,no review
france,comfort double room,couple,2,2023,12,9.0,superb,no review,no review
switzerland,comfort double room,couple,5,2023,12,10.0,exceptional,no review,no review
spain,comfort family room plus,group,3,2023,12,9.0,superb,no review,no review
spain,comfort king room,couple,1,2023,12,9.0,superb,no review,no review
luxembourg,comfort double room,solo traveller,2,2023,11,8.0,very good,no review,no review
spain,comfort king room,family,4,2023,12,9.0,superb,no review,no review
spain,comfort king room,couple,4,2023,12,9.0,superb,no review,no review
switzerland,comfort king room,couple,2,2023,12,10.0,exceptional,no review,no review
spain,comfort king room,couple,2,2023,12,9.0,superb,no review,no review
portugal,comfort king room,solo traveller,1,2023,12,10.0,exceptional,no review,no review
france,plus comfort suite,group,3,2023,12,9.0,superb,no review,no review
portugal,comfort double room,couple,2,2023,12,8.0,very good,no review,no review
portugal,comfort king room,couple,2,2023,12,8.0,very good,no review,no review
spain,comfort family room plus,family,1,2023,12,9.0,superb,no review,no review
france,comfort king room,family,2,2023,12,10.0,exceptional,no review,no review
spain,comfort double room,couple,2,2023,12,10.0,exceptional,no review,no review
portugal,plus comfort suite,couple,3,2023,11,10.0,exceptional,no review,no review
portugal,comfort double room,couple,1,2023,12,10.0,exceptional,no review,no review
france,comfort double room,couple,1,2023,12,9.0,superb,no review,no review
portugal,comfort king room,couple,2,2023,11,8.0,very good,no review,no review
spain,comfort twin room,family,3,2023,11,9.0,superb,no review,no review
portugal,plus comfort suite,family,3,2023,12,9.0,superb,no review,no review
portugal,comfort king room,family,3,2023,12,8.0,very good,no review,no review
portugal,comfort king room,couple,1,2023,12,9.0,superb,no review,no review
spain,comfort double room,family,3,2023,11,10.0,exceptional,no review,no review
spain,comfort king room,family,1,2023,11,10.0,exceptional,no review,no review
portugal,comfort double room,family,1,2023,11,8.0,very good,no review,no review
sweden,comfort twin room,couple,4,2023,10,10.0,exceptional,no review,no review
germany,comfort double room,solo traveller,2,2023,11,9.0,superb,no review,no review
portugal,plus comfort suite,family,2,2023,11,9.0,superb,no review,no review
switzerland,comfort double room,solo traveller,3,2023,11,9.0,superb,no review,no review
italy,comfort double room,solo traveller,1,2023,10,8.0,very good,no review,no review
italy,comfort double room,solo traveller,2,2023,10,8.0,very good,no review,no review
japan,comfort single room,solo traveller,3,2023,11,9.0,superb,no review,no review
brazil,comfort king room,family,2,2023,11,10.0,exceptional,no review,no review
switzerland,comfort double room,family,3,2023,11,10.0,exceptional,no review,no review
portugal,double room - disability access,solo traveller,1,2023,9,8.0,very good,no review,no review
spain,comfort double room,group,2,2023,11,8.0,very good,no review,no review
spain,comfort double room,family,1,2023,11,10.0,exceptional,no review,no review
france,comfort king room,couple,3,2023,11,8.0,very good,no review,no review
france,comfort double room,solo traveller,2,2023,8,9.0,superb,no review,no review
brazil,comfort king room,family,4,2023,11,9.0,superb,no review,no review
brazil,plus comfort suite,group,3,2023,11,10.0,"best hotel i stayed in portugal! great room, wonderful view, very good service!",no review,no review
dominican republic,comfort double room,couple,1,2023,10,9.0,superb,no review,no review
portugal,comfort king room,family,1,2023,11,8.0,very good,no review,no review
portugal,comfort king room,family,3,2023,9,8.0,very good,no review,no review
spain,comfort king room,couple,2,2023,11,9.0,superb,no review,no review
spain,comfort twin room,family,2,2023,11,9.0,superb,no review,no review
brazil,comfort king room,couple,1,2023,11,10.0,exceptional,no review,no review
brazil,comfort king room,couple,1,2023,11,10.0,exceptional,no review,no review
turkey,comfort double room,couple,1,2023,11,9.0,superb,no review,no review
france,comfort king room,couple,2,2023,11,8.0,very good,no review,no review
portugal,comfort family room,family,1,2023,11,10.0,exceptional,no review,no review
slovakia,comfort king room,group,3,2023,11,10.0,exceptional,no review,no review
brazil,comfort king room,couple,3,2023,11,10.0,exceptional,no review,no review
belgium,suite premium deluxe,group,3,2023,11,10.0,exceptional,no review,no review
netherlands,comfort suite,family,3,2023,11,9.0,superb,no review,no review
portugal,comfort double room,family,1,2023,10,10.0,exceptional,no review,no review
italy,comfort king room,family,3,2023,11,9.0,superb,no review,no review
brazil,comfort king room,couple,1,2023,11,10.0,exceptional,no review,no review
italy,comfort twin room,couple,2,2023,11,9.0,superb,no review,no review
italy,comfort double room,solo traveller,2,2023,11,9.0,superb,no review,no review
italy,comfort double room,family,1,2023,11,10.0,exceptional,no review,no review
spain,plus comfort suite,family,2,2023,11,9.0,superb,no review,no review
france,comfort twin room,group,3,2023,11,10.0,exceptional,no review,no review
spain,comfort twin room,group,3,2023,11,8.0,very good,no review,no review
spain,suite premium deluxe,couple,3,2023,11,9.0,superb,no review,no review
spain,comfort twin room,group,1,2023,10,10.0,exceptional,no review,no review
france,comfort single room,solo traveller,2,2023,11,9.0,superb,no review,no review
portugal,suite premium deluxe,group,1,2023,10,10.0,exceptional,no review,no review
portugal,comfort double room,couple,1,2023,8,8.0,very good,no review,no review
spain,comfort double room,couple,2,2023,10,9.0,superb,no review,no review
france,comfort king double room with romantic package,couple,3,2023,10,9.0,superb,no review,no review
netherlands,comfort double room,family,3,2023,10,8.0,very good,no review,no review
france,comfort double room,family,3,2023,10,10.0,exceptional,no review,no review
poland,comfort double room,group,2,2023,10,10.0,exceptional,no review,no review
france,comfort twin room,group,5,2023,8,10.0,exceptional,no review,no review
france,comfort suite,family,3,2023,10,10.0,exceptional,no review,no review
germany,comfort single room,solo traveller,3,2023,10,9.0,superb,no review,no review
brazil,comfort double room,family,2,2023,10,10.0,exceptional,no review,no review
brazil,comfort double room,couple,3,2023,10,8.0,very good,no review,no review
poland,comfort double room,group,1,2023,10,8.0,very good,no review,no review
belgium,plus comfort suite,family,2,2023,10,8.0,very good,no review,no review
spain,comfort double room,solo traveller,1,2023,10,10.0,exceptional,no review,no review
israel,comfort family room plus,couple,3,2023,9,9.0,high quality hotel in good location,no review,no review
france,plus comfort suite,family,1,2023,10,8.0,very good,no review,no review
brazil,comfort king room,couple,2,2023,10,10.0,exceptional,no review,no review
brazil,comfort king room,couple,3,2023,10,10.0,very pleasant,no review,no review
lithuania,comfort single room,solo traveller,3,2023,10,10.0,exceptional,no review,no review
canada,plus comfort suite,group,3,2023,10,9.0,superb,no review,no review
spain,comfort double room,group,1,2023,10,10.0,exceptional,no review,no review
saudi arabia,comfort single room,solo traveller,5,2023,10,9.0,superb,no review,no review
netherlands,comfort king room,couple,2,2023,9,9.0,superb,no review,no review
spain,comfort suite,family,2,2023,10,9.0,superb,no review,no review
portugal,comfort single room,solo traveller,1,2023,10,9.0,superb,no review,no review
spain,comfort double room,couple,2,2023,8,9.0,superb,no review,no review
italy,comfort king room,couple,3,2023,10,9.0,superb,no review,no review
portugal,comfort single room,solo traveller,1,2023,9,8.0,very good,no review,no review
poland,comfort single room,solo traveller,5,2023,9,9.0,superb,no review,no review
germany,comfort king room,couple,3,2023,10,9.0,superb,no review,no review
poland,comfort double room,couple,2,2023,10,9.0,superb,no review,no review
portugal,comfort king room,couple,1,2023,10,10.0,exceptional,no review,no review
brazil,comfort suite,group,1,2023,9,9.0,superb,no review,no review
israel,comfort family room plus,family,2,2023,9,10.0,exceptional,no review,no review
portugal,deluxe panoramic suite,family,2,2023,9,8.0,very good,no review,no review
israel,plus comfort suite,couple,1,2023,9,8.0,very good,no review,no review
switzerland,plus comfort suite,group,2,2023,9,9.0,superb,no review,no review
france,comfort king room,family,1,2023,9,9.0,superb,no review,no review
spain,comfort suite,group,2,2023,9,8.0,very good,no review,no review
israel,comfort double room,family,1,2023,9,10.0,exceptional,no review,no review
ukraine,comfort king room,couple,2,2023,8,9.0,superb,no review,no review
ukraine,comfort king room,couple,2,2023,8,9.0,superb,no review,no review
switzerland,comfort suite,group,2,2023,9,9.0,superb,no review,no review
brazil,comfort king room,family,1,2023,9,9.0,superb,no review,no review
spain,comfort single room,group,4,2023,8,9.0,superb,no review,no review
colombia,comfort twin room,group,1,2023,9,10.0,exceptional,no review,no review
portugal,plus comfort suite,family,2,2023,9,8.0,very good,no review,no review
france,comfort double room,couple,3,2023,8,8.0,very good,no review,no review
brazil,comfort double room,solo traveller,1,2023,9,9.0,superb,no review,no review
germany,comfort king room,couple,3,2023,9,9.0,superb,no review,no review
spain,comfort single room,solo traveller,1,2023,9,8.0,very good,no review,no review
italy,comfort double room,solo traveller,4,2023,8,10.0,exceptional,no review,no review
colombia,comfort double room,group,1,2023,9,10.0,exceptional,no review,no review
iceland,comfort king room,group,1,2023,9,8.0,very good,no review,no review
spain,comfort suite,family,2,2023,9,9.0,superb,no review,no review
germany,comfort double room,couple,2,2023,9,8.0,very good,no review,no review
france,comfort family room,family,1,2023,8,8.0,very good,no review,no review
denmark,comfort single room,solo traveller,1,2023,7,10.0,exceptional,no review,no review
iceland,comfort single room,solo traveller,1,2023,9,8.0,very good,no review,no review
iceland,comfort single room,solo traveller,1,2023,9,9.0,superb,no review,no review
germany,comfort single room,solo traveller,2,2023,9,9.0,superb,no review,no review
sweden,comfort double room,group,2,2023,8,10.0,exceptional,no review,no review
iceland,comfort suite,family,3,2023,9,9.0,superb,no review,no review
iceland,comfort double room,family,3,2023,9,8.0,very good,no review,no review
spain,comfort double room,group,3,2023,8,8.0,very good,no review,no review
netherlands,comfort king room,couple,4,2023,8,8.0,very good,no review,no review
spain,comfort double room,couple,7,2023,8,9.0,superb,no review,no review
brazil,comfort double room,solo traveller,2,2023,8,9.0,superb,no review,no review
ukraine,comfort single room,solo traveller,2,2023,8,10.0,exceptional,no review,no review
france,comfort double room,couple,4,2023,8,8.0,very good,no review,no review
spain,comfort double room,family,4,2023,8,8.0,very good,no review,no review
spain,comfort double room,couple,2,2023,8,10.0,exceptional,no review,no review
spain,comfort double room,family,1,2023,8,9.0,superb,no review,no review
portugal,comfort king room,couple,2,2023,8,8.0,very good,no review,no review
austria,plus comfort suite,family,1,2023,8,9.0,superb,no review,no review
israel,comfort double room,couple,4,2023,7,10.0,exceptional,no review,no review
venezuela,comfort double room,couple,2,2023,8,10.0,exceptional,no review,no review
denmark,comfort twin room,family,2,2023,8,10.0,exceptional,no review,no review
france,comfort suite,group,1,2023,8,8.0,very good,no review,no review
morocco,comfort single room,solo traveller,3,2023,7,9.0,superb,no review,no review
italy,comfort single room,solo traveller,1,2023,8,10.0,exceptional,no review,no review
brazil,comfort double room,family,2,2023,8,9.0,superb,no review,no review
france,comfort double room,family,4,2023,7,9.0,superb,no review,no review
france,comfort double room,family,2,2023,8,10.0,exceptional,no review,no review
brazil,comfort double room,family,1,2023,8,10.0,exceptional,no review,no review
iceland,comfort suite,group,3,2023,8,9.0,superb,no review,no review
colombia,comfort double room,solo traveller,2,2023,8,10.0,exceptional,no review,no review
israel,comfort twin room,family,5,2023,8,10.0,exceptional,no review,no review
italy,comfort double room,couple,1,2023,8,10.0,exceptional,no review,no review
italy,comfort double room,solo traveller,2,2023,8,10.0,exceptional,no review,no review
portugal,comfort single room,group,2,2023,8,9.0,excellent,no review,no review
spain,comfort king room,family,3,2023,8,9.0,superb,no review,no review
portugal,comfort family room,family,1,2023,8,10.0,exceptional,no review,no review
saudi arabia,double room - disability access,couple,2,2023,8,8.0,very good,no review,no review
ukraine,comfort king room,family,2,2023,6,9.0,superb,no review,no review
spain,comfort double room,family,3,2023,8,9.0,superb,no review,no review
spain,comfort king room,family,3,2023,8,9.0,superb,no review,no review
united states,comfort twin room,family,1,2023,8,10.0,exceptional,no review,no review
france,comfort single room,solo traveller,1,2023,8,8.0,very good,no review,no review
spain,plus comfort suite,family,3,2023,8,9.0,superb,no review,no review
spain,comfort family room plus,family,2,2023,8,9.0,superb,no review,no review
spain,plus comfort suite,group,3,2023,8,8.0,very good,no review,no review
spain,comfort suite,group,2,2023,8,10.0,exceptional,no review,no review
italy,comfort double room,group,3,2023,8,9.0,superb,no review,no review
spain,plus comfort suite,family,3,2023,8,8.0,very good,no review,no review
france,comfort twin room,solo traveller,1,2023,8,9.0,superb,no review,no review
netherlands,comfort family room plus,family,1,2023,8,8.0,prima hotel,no review,no review
portugal,comfort double room,couple,2,2023,8,10.0,excellent,no review,no review
morocco,comfort king room,couple,1,2023,8,9.0,superb,no review,no review
spain,comfort king double room with romantic package,family,1,2023,8,10.0,exceptional,no review,no review
mexico,comfort double room,family,3,2023,8,8.0,very good,no review,no review
denmark,plus comfort suite,group,3,2023,8,9.0,superb,no review,no review
spain,comfort family room,family,1,2023,8,8.0,very good,no review,no review
france,comfort twin room,group,4,2023,8,9.0,superb,no review,no review
spain,comfort double room,family,6,2023,8,9.0,superb,no review,no review
switzerland,comfort king room,family,2,2023,8,9.0,superb,no review,no review
spain,suite premium deluxe,family,3,2023,8,8.0,very good,no review,no review
spain,deluxe panoramic suite,family,1,2023,8,10.0,exceptional,no review,no review
spain,comfort double room,family,2,2023,7,8.0,very good,no review,no review
france,comfort double room,family,4,2023,8,10.0,exceptional,no review,no review
portugal,comfort double room,solo traveller,2,2023,8,8.0,very good,no review,no review
denmark,plus comfort suite,family,1,2023,8,10.0,exceptional,no review,no review
israel,comfort double room,solo traveller,3,2023,7,8.0,very good,no review,no review
france,comfort double room,couple,2,2023,8,8.0,very good,no review,no review
turkey,comfort family room plus,family,3,2023,6,9.0,superb,no review,no review
portugal,comfort double room,family,1,2023,8,9.0,superb,no review,no review
switzerland,plus comfort suite,couple,1,2023,8,9.0,superb,no review,no review
france,comfort double room,family,1,2023,7,10.0,exceptional,no review,no review
portugal,comfort double room,couple,1,2023,7,10.0,exceptional,no review,no review
switzerland,plus comfort suite,family,2,2023,7,9.0,superb,no review,no review
switzerland,comfort single room,solo traveller,3,2023,7,10.0,exceptional,no review,no review
portugal,comfort double room,solo traveller,1,2023,7,10.0,exceptional,no review,no review
israel,comfort double room,solo traveller,5,2023,7,9.0,superb,no review,no review
spain,comfort king room,couple,4,2023,7,9.0,superb,no review,no review
portugal,comfort twin room,group,1,2023,7,8.0,very good,no review,no review
belgium,comfort double room,couple,1,2023,7,9.0,superb,no review,no review
portugal,comfort king room,couple,2,2023,7,8.0,very good,no review,no review
spain,plus comfort suite,family,3,2023,6,8.0,very good,no review,no review
belgium,comfort family room,family,3,2023,7,9.0,superb,no review,no review
austria,plus comfort suite,couple,3,2023,7,10.0,exceptional,no review,no review
spain,comfort family room plus,family,2,2023,7,9.0,superb,no review,no review
spain,comfort twin room,family,1,2023,7,8.0,very good,no review,no review
norway,comfort double room,group,7,2023,7,10.0,exceptional,no review,no review
brazil,comfort king room,couple,4,2023,6,10.0,exceptional,no review,no review
germany,comfort single room,solo traveller,7,2023,6,9.0,superb,no review,no review
switzerland,comfort king room,solo traveller,2,2023,6,8.0,very good,no review,no review
germany,comfort king room,couple,7,2023,7,8.0,very good,no review,no review
switzerland,plus comfort suite,couple,1,2023,6,8.0,very good,no review,no review
spain,plus comfort suite,family,4,2023,7,9.0,superb,no review,no review
portugal,comfort double room,couple,1,2023,7,10.0,exceptional,no review,no review
switzerland,comfort double room,couple,1,2023,7,9.0,superb,no review,no review
germany,comfort king room,couple,2,2023,7,8.0,very good,no review,no review
brazil,comfort family room,family,2,2023,7,10.0,exceptional,no review,no review
germany,comfort family room,group,2,2023,7,9.0,superb,no review,no review
france,comfort single room,solo traveller,1,2023,6,8.0,very nice view of porto,no review,no review
israel,comfort king room,family,3,2023,6,9.0,superb,no review,no review
mexico,comfort family room,family,2,2023,7,9.0,superb,no review,no review
brazil,comfort family room,family,3,2023,7,9.0,superb,no review,no review
spain,comfort double room,couple,2,2023,6,8.0,very good,no review,no review
norway,comfort king room,couple,6,2023,6,9.0,superb,no review,no review
italy,comfort double room,family,4,2023,6,9.0,superb,no review,no review
mexico,comfort twin room,couple,4,2023,6,8.0,very good,no review,no review
spain,comfort double room,couple,2,2023,6,8.0,very good,no review,no review
china,comfort suite,family,2,2023,6,10.0,exceptional,no review,no review
portugal,comfort double room,family,1,2023,6,9.0,superb,no review,no review
israel,comfort twin room,group,1,2023,6,10.0,exceptional,no review,no review
germany,comfort double room,couple,6,2023,6,8.0,very good,no review,no review
brazil,comfort double room,couple,3,2023,6,10.0,exceptional,no review,no review
south korea,comfort single room,solo traveller,2,2023,6,9.0,superb,no review,no review
czech republic,comfort double room,couple,3,2023,6,8.0,very good,no review,no review
mexico,comfort double room,couple,2,2023,6,9.0,superb,no review,no review
germany,comfort single room,solo traveller,1,2023,6,8.0,very good,no review,no review
portugal,comfort king room,family,1,2023,6,8.0,very good,no review,no review
portugal,comfort king room,couple,1,2023,6,10.0,exceptional,no review,no review
italy,comfort double room,solo traveller,3,2023,6,8.0,very good,no review,no review
switzerland,comfort single room,solo traveller,5,2023,6,8.0,very good,no review,no review
denmark,comfort double room,group,1,2023,5,9.0,superb,no review,no review
france,comfort king room,couple,2,2023,6,8.0,very good,no review,no review
dominican republic,comfort family room,family,1,2023,6,10.0,exceptional,no review,no review
portugal,comfort king room,couple,1,2023,6,9.0,superb,no review,no review
germany,comfort double room,couple,5,2023,6,9.0,superb,no review,no review
france,comfort single room,solo traveller,3,2023,6,9.0,superb,no review,no review
italy,comfort single room,solo traveller,3,2023,6,8.0,very good,no review,no review
france,comfort double room,couple,2,2023,4,8.0,very good,no review,no review
switzerland,comfort double room,family,2,2023,6,9.0,superb,no review,no review
austria,comfort twin room,couple,4,2023,6,10.0,exceptional,no review,no review
portugal,comfort king room,couple,1,2023,6,10.0,exceptional,no review,no review
portugal,comfort single room,solo traveller,1,2023,6,9.0,superb,no review,no review
france,comfort double room,group,4,2023,5,9.0,superb,no review,no review
portugal,comfort king room,couple,1,2023,6,9.0,superb,no review,no review
italy,comfort king room,couple,1,2023,6,9.0,perfect,no review,no review
portugal,comfort double room,family,1,2023,6,9.0,superb,no review,no review
israel,plus comfort suite,group,3,2023,5,8.0,very good,no review,no review
israel,comfort double room,family,3,2023,6,8.0,very good,no review,no review
spain,comfort king room,couple,4,2023,6,8.0,very good,no review,no review
switzerland,comfort king room,couple,1,2023,5,8.0,very good,no review,no review
romania,comfort double room,family,5,2023,6,8.0,very good,no review,no review
poland,comfort double room,couple,4,2023,4,9.0,superb,no review,no review
brazil,comfort king room,couple,2,2023,5,10.0,exceptional,no review,no review
portugal,comfort double room,solo traveller,2,2023,6,10.0,exceptional,no review,no review
spain,comfort king room,couple,2,2023,6,8.0,very good,no review,no review
portugal,comfort single room,solo traveller,2,2023,5,8.0,very good,no review,no review
france,comfort king room,couple,4,2023,5,8.0,very good,no review,no review
brazil,comfort king room,family,5,2023,5,8.0,very good,no review,no review
portugal,comfort double room,couple,1,2023,6,8.0,very good,no review,no review
portugal,comfort double room,couple,1,2023,3,10.0,exceptional,no review,no review
germany,comfort double room,group,3,2023,5,9.0,superb,no review,no review
switzerland,comfort double room,couple,6,2023,5,8.0,very good,no review,no review
italy,comfort single room,solo traveller,3,2023,6,10.0,exceptional,no review,no review
chile,comfort double room,family,3,2023,5,10.0,exceptional,no review,no review
spain,comfort suite,family,2,2023,5,8.0,very good,no review,no review
spain,plus comfort suite,group,1,2023,5,10.0,exceptional,no review,no review
poland,comfort single room,group,2,2023,5,8.0,very good,no review,no review
italy,comfort king double room with romantic package,couple,4,2023,5,8.0,very good,no review,no review
spain,comfort king room,group,3,2023,5,10.0,exceptional,no review,no review
portugal,comfort single room,couple,2,2023,5,10.0,exceptional,no review,no review
israel,comfort double room,group,2,2023,5,9.0,superb,no review,no review
france,comfort family room plus,group,3,2023,5,9.0,superb,no review,no review
austria,comfort king room,couple,2,2023,5,9.0,superb,no review,no review
switzerland,comfort king room,couple,2,2023,5,10.0,exceptional,no review,no review
spain,comfort single room,solo traveller,1,2023,5,10.0,exceptional,no review,no review
spain,comfort double room,group,4,2023,5,9.0,superb,no review,no review
israel,comfort double room,couple,5,2023,4,8.0,very good,no review,no review
brazil,comfort double room,solo traveller,3,2023,4,10.0,exceptional,no review,no review
brazil,comfort suite,family,2,2023,5,9.0,superb,no review,no review
france,comfort king room,couple,1,2023,3,9.0,superb,no review,no review
united kingdom,comfort double room,couple,1,2023,5,10.0,exceptional,no review,no review
portugal,comfort suite,family,1,2023,5,9.0,superb,no review,no review
germany,comfort double room,couple,2,2023,5,8.0,very good,no review,no review
netherlands,comfort double room,couple,3,2023,4,9.0,"nice hotel with nice bar and good restaurant, with super nice view, on the 18th floor.",no review,no review
unknown,comfort king room,family,4,2023,4,8.0,very good,no review,no review
france,comfort family room,family,4,2023,5,9.0,superb,no review,no review
portugal,plus comfort suite,family,2,2023,4,9.0,superb,no review,no review
france,comfort double room,couple,1,2023,4,10.0,exceptional,no review,no review
tunisia,comfort single room,family,3,2023,5,8.0,very good,no review,no review
austria,comfort single room,solo traveller,1,2023,5,8.0,very good,no review,no review
switzerland,comfort double room,group,3,2023,5,9.0,superb,no review,no review
mexico,comfort family room plus,family,1,2023,5,10.0,exceptional,no review,no review
germany,comfort single room,solo traveller,2,2023,5,10.0,exceptional,no review,no review
czech republic,comfort double room,solo traveller,5,2023,5,9.0,superb,no review,no review
spain,plus comfort suite,family,3,2023,5,9.0,superb,no review,no review
germany,plus comfort suite,couple,3,2023,5,8.0,very good,no review,no review
turkey,comfort family room,family,2,2023,5,9.0,"the location of the hotel is good, historical places soon. employees are assisted but above the price.",no review,no review
spain,comfort double room,family,1,2023,4,10.0,exceptional,no review,no review
portugal,comfort single room,solo traveller,1,2023,4,9.0,superb,no review,no review
germany,comfort twin room,couple,3,2023,4,10.0,exceptional,no review,no review
italy,comfort double room,family,1,2023,4,10.0,exceptional,no review,no review
france,comfort family room plus,family,2,2023,4,9.0,superb,no review,no review
mexico,comfort king room,couple,4,2023,3,9.0,superb,no review,no review
spain,comfort double room,group,3,2023,3,9.0,superb,no review,no review
spain,comfort single room,group,1,2023,3,8.0,very good,no review,no review
italy,comfort double room,couple,2,2023,4,10.0,exceptional,no review,no review
belgium,comfort single room,solo traveller,1,2023,4,9.0,superb,no review,no review
france,comfort double room,family,1,2023,4,9.0,superb,no review,no review
spain,comfort double room,family,2,2023,4,10.0,exceptional,no review,no review
portugal,comfort double room,solo traveller,1,2023,4,9.0,superb,no review,no review
switzerland,comfort twin room,family,4,2023,4,9.0,superb,no review,no review
portugal,comfort king room,couple,2,2023,4,10.0,exceptional,no review,no review
spain,comfort double room,couple,3,2023,4,9.0,superb,no review,no review
turkey,comfort double room,couple,3,2023,4,10.0,exceptional,no review,no review
latvia,comfort double room,couple,2,2023,3,10.0,exceptional,no review,no review
israel,comfort double room,solo traveller,3,2023,1,10.0,exceptional,no review,no review
spain,double room - disability access,family,2,2023,4,10.0,exceptional,no review,no review
spain,comfort family room,family,3,2023,4,9.0,superb,no review,no review
portugal,comfort suite,family,1,2023,4,9.0,superb,no review,no review
switzerland,comfort double room,solo traveller,7,2023,3,8.0,very good,no review,no review
spain,comfort king room,family,5,2023,4,10.0,exceptional,no review,no review
israel,comfort double room,couple,3,2023,4,10.0,exceptional,no review,no review
israel,comfort double room,solo traveller,1,2023,4,8.0,very good,no review,no review
spain,comfort single room,solo traveller,1,2023,4,9.0,superb,no review,no review
spain,comfort family room plus,family,2,2023,4,10.0,exceptional,no review,no review
portugal,comfort single room,solo traveller,2,2023,4,9.0,superb,no review,no review
spain,comfort family room,family,2,2023,4,9.0,superb,no review,no review
argentina,comfort suite,couple,3,2023,4,9.0,superb,no review,no review
spain,comfort double room,couple,2,2023,4,9.0,superb,no review,no review
italy,comfort double room,couple,2,2023,4,8.0,very good,no review,no review
italy,comfort double room,couple,2,2023,3,8.0,very good,no review,no review
germany,comfort double room,couple,4,2023,4,9.0,superb,no review,no review
spain,comfort double room,solo traveller,1,2023,3,9.0,superb,no review,no review
portugal,comfort king room,group,1,2023,3,9.0,superb,no review,no review
belgium,plus comfort suite,group,3,2023,3,10.0,exceptional,no review,no review
portugal,comfort double room,couple,1,2023,3,9.0,superb,no review,no review
france,comfort king room,couple,2,2023,3,8.0,"pleasant stay, very available and kind staff",no review,no review
italy,comfort twin room,group,1,2023,3,9.0,superb,no review,no review
spain,comfort double room,couple,3,2023,3,9.0,superb,no review,no review
portugal,comfort king room,couple,1,2023,3,10.0,exceptional,no review,no review
brazil,comfort suite,family,2,2023,3,10.0,exceptional,no review,no review
germany,comfort double room,couple,5,2023,3,8.0,very good,no review,no review
brazil,comfort double room,couple,3,2023,3,10.0,exceptional,no review,no review
france,comfort double room,couple,1,2023,3,10.0,exceptional,no review,no review
spain,comfort king room,family,1,2023,3,10.0,exceptional,no review,no review
france,comfort double room,couple,5,2023,3,8.0,very good,no review,no review
lithuania,comfort double room,family,1,2023,3,8.0,very good,no review,no review
france,comfort double room,family,3,2023,3,8.0,very good,no review,no review
spain,comfort double room,couple,3,2023,3,10.0,exceptional,no review,no review
france,comfort double room,couple,1,2023,3,10.0,exceptional,no review,no review
spain,comfort double room,solo traveller,1,2023,3,10.0,exceptional,no review,no review
switzerland,comfort single room,solo traveller,2,2023,3,8.0,very good,no review,no review
brazil,comfort double room,solo traveller,2,2023,3,8.0,very good,no review,no review
portugal,comfort double room,solo traveller,3,2023,3,8.0,very good,no review,no review
switzerland,comfort single room,solo traveller,3,2023,3,8.0,very good,no review,no review
portugal,comfort double room,solo traveller,1,2023,3,9.0,superb,no review,no review
france,comfort double room,solo traveller,2,2023,3,8.0,very good,no review,no review
portugal,comfort double room,couple,2,2023,2,10.0,exceptional,no review,no review
france,comfort double room,family,1,2023,1,10.0,exceptional,no review,no review
belgium,comfort king room,couple,6,2023,3,8.0,very good,no review,no review
belgium,comfort double room,solo traveller,4,2023,3,9.0,superb,no review,no review
france,comfort king room,family,2,2023,3,9.0,superb,no review,no review
italy,comfort twin room,group,3,2023,3,8.0,very good,no review,no review
portugal,plus comfort suite,couple,1,2023,3,10.0,exceptional,no review,no review
france,comfort double room,couple,4,2023,3,8.0,very good,no review,no review
spain,comfort king room,couple,1,2023,2,8.0,very good,no review,no review
spain,comfort double room,couple,1,2023,3,9.0,superb,no review,no review
portugal,comfort family room,family,1,2023,2,8.0,very good,no review,no review
portugal,comfort double room,family,2,2023,2,8.0,very good,no review,no review
spain,comfort double room,couple,3,2023,3,9.0,superb,no review,no review
czech republic,comfort double room,couple,4,2023,2,8.0,very good,no review,no review
poland,comfort single room,solo traveller,2,2023,2,8.0,very good,no review,no review
spain,comfort double room,family,2,2023,2,10.0,exceptional,no review,no review
france,comfort double room,couple,4,2023,3,10.0,exceptional,no review,no review
spain,plus comfort suite,family,3,2023,2,10.0,exceptional,no review,no review
france,comfort double room,family,1,2023,2,10.0,exceptional,no review,no review
france,comfort double room,family,3,2023,2,10.0,exceptional,no review,no review
turkey,comfort double room,family,4,2023,2,10.0,exceptional,no review,no review
portugal,comfort suite,family,1,2023,2,10.0,exceptional,no review,no review
portugal,comfort king room,family,2,2023,2,9.0,superb,no review,no review
italy,comfort suite,family,1,2023,2,8.0,very good,no review,no review
spain,comfort double room,couple,2,2023,2,10.0,exceptional,no review,no review
portugal,comfort single room,solo traveller,2,2023,2,8.0,very good,no review,no review
portugal,comfort king double room with romantic package,family,2,2023,2,9.0,superb,no review,no review
luxembourg,comfort double room,group,4,2023,2,10.0,exceptional,no review,no review
france,comfort twin room,couple,2,2023,2,8.0,very good,no review,no review
spain,comfort suite,group,3,2023,2,10.0,exceptional,no review,no review
spain,comfort twin room,group,2,2023,2,9.0,superb,no review,no review
spain,comfort double room,couple,2,2023,2,10.0,exceptional,no review,no review
luxembourg,comfort double room,couple,2,2023,2,8.0,very good,no review,no review
spain,comfort double room,solo traveller,3,2023,1,8.0,very good,no review,no review
spain,comfort king room,couple,2,2023,2,10.0,exceptional,no review,no review
portugal,comfort double room,family,2,2023,2,8.0,very good,no review,no review
portugal,comfort double room,solo traveller,1,2023,2,8.0,very good,no review,no review
portugal,comfort double room,couple,1,2023,2,8.0,very good,no review,no review
romania,comfort king room,couple,4,2023,2,8.0,very good,no review,no review
switzerland,comfort double room,couple,3,2023,2,9.0,superb,no review,no review
portugal,comfort double room,couple,1,2023,2,10.0,exceptional,no review,no review
portugal,comfort double room,couple,1,2022,12,9.0,superb,no review,no review
argentina,comfort suite,family,1,2023,2,10.0,exceptional,no review,no review
netherlands,comfort double room,couple,3,2023,2,10.0,exceptional,no review,no review
portugal,comfort double room,couple,1,2023,2,9.0,superb,no review,no review
brazil,comfort twin room,family,4,2023,2,10.0,exceptional,no review,no review
spain,comfort double room,couple,2,2023,2,9.0,superb,no review,no review
portugal,comfort king room,family,2,2023,2,10.0,exceptional,no review,no review
portugal,comfort family room plus,family,2,2023,1,8.0,very good,no review,no review
spain,comfort double room,couple,1,2023,2,9.0,superb,no review,no review
brazil,comfort single room,solo traveller,1,2023,2,8.0,very good,no review,no review
spain,plus comfort suite,family,1,2023,2,9.0,superb,no review,no review
portugal,comfort double room,couple,1,2023,2,8.0,very good,no review,no review
spain,comfort double room,solo traveller,1,2023,1,9.0,superb,no review,no review
portugal,plus comfort suite,family,2,2023,2,10.0,exceptional,no review,no review
germany,comfort double room,couple,2,2023,2,10.0,exceptional,no review,no review
italy,comfort double room,couple,3,2023,2,8.0,very good,no review,no review
portugal,comfort double room,couple,1,2023,2,8.0,very good,no review,no review
spain,comfort single room,group,1,2023,2,9.0,superb,no review,no review
germany,plus comfort suite,couple,6,2023,2,8.0,very good,no review,no review
israel,comfort family room plus,family,14,2023,2,10.0,exceptional,no review,no review
portugal,comfort double room,couple,2,2023,1,8.0,very good,no review,no review
portugal,comfort double room,couple,2,2023,1,8.0,very good,no review,no review
belgium,comfort double room,group,6,2023,1,9.0,superb,no review,no review
ireland,comfort suite,family,2,2023,1,10.0,exceptional,no review,no review
netherlands,comfort twin room,couple,3,2023,1,10.0,exceptional,no review,no review
portugal,comfort double room,solo traveller,1,2023,1,10.0,exceptional,no review,no review
italy,plus comfort suite,group,3,2023,1,9.0,superb,no review,no review
portugal,comfort double room,family,1,2023,1,9.0,superb,no review,no review
portugal,comfort double room,couple,1,2023,1,8.0,very good,no review,no review
spain,comfort king double room with romantic package,couple,3,2022,12,9.0,superb,no review,no review
spain,comfort family room,family,2,2023,1,10.0,exceptional,no review,no review
portugal,comfort double room,couple,1,2023,1,10.0,exceptional,no review,no review
brazil,comfort king room,couple,5,2023,1,8.0,very good,no review,no review
portugal,comfort king double room with romantic package,couple,2,2022,12,10.0,exceptional,no review,no review
france,comfort double room,couple,3,2023,1,10.0,exceptional,no review,no review
spain,comfort double room,family,3,2022,12,9.0,superb,no review,no review
portugal,comfort twin room,group,2,2023,1,9.0,superb,no review,no review
brazil,comfort double room,family,3,2023,1,10.0,exceptional,no review,no review
spain,comfort suite,family,1,2023,1,10.0,exceptional,no review,no review
brazil,plus comfort suite,family,4,2023,1,10.0,exceptional,no review,no review
spain,comfort double room,couple,2,2023,1,8.0,very good,no review,no review
brazil,comfort double room,family,3,2023,1,10.0,exceptional,no review,no review
brazil,comfort single room,solo traveller,1,2023,1,10.0,exceptional,no review,no review
portugal,comfort single room,group,3,2022,12,10.0,exceptional,no review,no review
spain,comfort double room,family,4,2023,1,9.0,superb,no review,no review
colombia,comfort twin room,group,4,2023,1,9.0,superb,no review,no review
portugal,comfort king room,family,1,2023,1,8.0,very good,no review,no review
spain,comfort single room,family,3,2023,1,10.0,exceptional,no review,no review
germany,plus comfort suite,family,2,2022,11,10.0,exceptional,no review,no review
belgium,comfort single room,group,6,2023,1,10.0,exceptional,no review,no review
spain,comfort double room,family,2,2022,12,9.0,superb,no review,no review
italy,comfort double room,family,2,2023,1,9.0,superb,no review,no review
portugal,comfort double room,solo traveller,1,2022,12,8.0,very good,no review,no review
portugal,comfort double room,couple,5,2023,1,10.0,exceptional,no review,no review
spain,comfort double room,family,3,2023,1,10.0,exceptional,no review,no review
spain,plus comfort suite,family,2,2023,1,9.0,superb,no review,no review
france,plus comfort suite,family,8,2022,12,8.0,very good,no review,no review
spain,comfort double room,family,2,2023,1,9.0,superb,no review,no review
angola,comfort double room,couple,3,2022,12,10.0,exceptional,no review,no review
spain,comfort king room,couple,2,2022,12,9.0,superb,no review,no review
spain,comfort double room,family,4,2022,12,9.0,superb,no review,no review
spain,comfort double room,family,4,2022,12,8.0,very good,no review,no review
portugal,comfort double room,couple,1,2022,10,9.0,superb,no review,no review
portugal,comfort double room,couple,1,2022,12,9.0,superb,no review,no review
portugal,comfort double room,couple,2,2022,12,10.0,exceptional,no review,no review
spain,comfort double room,couple,3,2022,12,9.0,superb,no review,no review
spain,comfort king room,family,2,2022,12,10.0,exceptional,no review,no review
italy,comfort suite,family,3,2022,12,8.0,very good,no review,no review
portugal,comfort double room,group,3,2022,12,9.0,superb,no review,no review
italy,comfort family room,group,3,2022,11,8.0,very good,no review,no review
switzerland,comfort double room,family,2,2022,11,10.0,exceptional,no review,no review
spain,comfort double room,family,5,2022,12,9.0,superb,no review,no review
portugal,comfort double room,family,2,2022,12,8.0,very good,no review,no review
spain,comfort double room,solo traveller,1,2022,12,9.0,superb,no review,no review
spain,comfort double room,family,2,2022,11,9.0,superb,no review,no review
france,comfort double room,family,3,2022,11,8.0,very good,no review,no review
portugal,comfort double room,couple,4,2022,12,9.0,superb,no review,no review
portugal,comfort double room,couple,1,2022,12,10.0,exceptional,no review,no review
portugal,comfort double room,solo traveller,2,2022,12,8.0,very good,no review,no review
portugal,comfort double room,couple,1,2022,11,10.0,exceptional,no review,no review
spain,comfort king room,couple,3,2022,12,9.0,superb,no review,no review
saudi arabia,comfort single room,solo traveller,3,2022,11,9.0,superb,no review,no review
belgium,comfort double room,group,3,2022,11,9.0,superb,no review,no review
spain,comfort king room,couple,4,2022,12,8.0,very good,no review,no review
portugal,comfort double room,couple,4,2022,12,10.0,exceptional,no review,no review
spain,comfort single room,family,2,2022,12,8.0,very good,no review,no review
spain,comfort double room,family,3,2022,12,8.0,very good,no review,no review
spain,comfort double room,family,2,2022,12,8.0,very good,no review,no review
spain,comfort family room,family,1,2022,12,8.0,very good,no review,no review
germany,comfort single room,solo traveller,1,2022,11,8.0,very good,no review,no review
spain,comfort double room,couple,3,2022,12,9.0,very good stay,no review,no review
italy,comfort double room,couple,3,2022,12,10.0,exceptional,no review,no review
belgium,comfort double room,group,4,2022,11,9.0,superb,no review,no review
spain,comfort family room plus,group,2,2022,11,8.0,very good,no review,no review
sweden,comfort twin room,group,3,2022,11,10.0,exceptional,no review,no review
romania,comfort double room,couple,1,2022,12,9.0,superb,no review,no review
portugal,comfort single room,family,2,2022,11,9.0,superb,no review,no review
portugal,comfort double room,family,1,2022,11,9.0,superb,no review,no review
brazil,comfort double room,family,2,2022,11,9.0,superb,no review,no review
spain,comfort king room,couple,1,2022,11,9.0,superb,no review,no review
france,comfort single room,family,1,2022,11,10.0,exceptional,no review,no review
belgium,comfort double room,couple,3,2022,11,8.0,very good,no review,no review
brazil,comfort suite,family,4,2022,10,8.0,very good,no review,no review
austria,comfort single room,solo traveller,2,2022,11,9.0,superb,no review,no review
united states,comfort twin room,group,4,2022,11,10.0,exceptional,no review,no review
france,comfort double room,couple,2,2022,11,8.0,very good,no review,no review
portugal,comfort king room,couple,2,2022,11,10.0,exceptional,no review,no review
spain,comfort twin room,group,2,2022,11,9.0,superb,no review,no review
france,comfort double room,couple,4,2022,11,9.0,superb,no review,no review
switzerland,comfort single room,solo traveller,1,2022,11,10.0,exceptional,no review,no review
spain,plus comfort suite,group,3,2022,11,9.0,superb,no review,no review
spain,comfort king room,couple,2,2022,11,9.0,superb,no review,no review
italy,comfort double room,couple,4,2022,11,10.0,exceptional,no review,no review
morocco,comfort twin room,couple,3,2022,11,8.0,very good,no review,no review
portugal,comfort double room,couple,1,2022,11,9.0,superb,no review,no review
france,comfort king double room with romantic package,couple,5,2022,11,9.0,superb,no review,no review
argentina,comfort twin room,family,2,2022,11,10.0,exceptional,no review,no review
spain,comfort double room,couple,2,2022,11,9.0,superb,no review,no review
brazil,comfort twin room,family,2,2022,11,10.0,exceptional,no review,no review
argentina,comfort double room,couple,1,2022,11,10.0,exceptional,no review,no review
portugal,comfort single room,group,1,2022,11,8.0,very good,no review,no review
brazil,comfort suite,family,6,2022,10,10.0,exceptional,no review,no review
italy,comfort twin room,group,3,2022,11,10.0,exceptional,no review,no review
portugal,comfort king room,family,1,2022,11,8.0,very good,no review,no review
italy,comfort single room,solo traveller,1,2022,11,10.0,exceptional,no review,no review
france,comfort single room,solo traveller,5,2022,11,9.0,superb,no review,no review
belgium,comfort double room,group,4,2022,11,9.0,superb,no review,no review
france,plus comfort suite,group,3,2022,11,9.0,superb,no review,no review
spain,comfort double room,group,1,2022,11,8.0,very good,no review,no review
spain,comfort single room,group,4,2022,11,10.0,exceptional,no review,no review
belgium,comfort double room,group,2,2022,11,9.0,superb,no review,no review
spain,comfort double room,family,2,2022,11,9.0,superb,no review,no review
portugal,comfort double room,couple,3,2022,11,8.0,very good,no review,no review
sweden,plus comfort suite,group,3,2022,11,9.0,superb,no review,no review
switzerland,comfort twin room,family,2,2022,10,9.0,superb,no review,no review
portugal,comfort double room,couple,3,2022,10,10.0,exceptional,no review,no review
italy,comfort suite,family,3,2022,11,8.0,very good,no review,no review
spain,comfort double room,solo traveller,1,2022,10,8.0,very good,no review,no review
spain,comfort double room,couple,3,2022,11,10.0,exceptional,no review,no review
taiwan,comfort family room plus,group,1,2022,10,8.0,very good,no review,no review
portugal,comfort double room,group,1,2022,10,10.0,exceptional,no review,no review
portugal,comfort double room,couple,2,2022,10,9.0,superb,no review,no review
portugal,comfort family room,family,1,2022,10,9.0,superb,no review,no review
portugal,comfort king room,couple,1,2022,10,9.0,superb,no review,no review
switzerland,comfort suite,family,2,2022,10,8.0,very good,no review,no review
germany,comfort king room,group,4,2022,9,10.0,exceptional,no review,no review
spain,comfort double room,group,2,2022,8,10.0,exceptional,no review,no review
france,comfort single room,group,2,2022,8,8.0,very good,no review,no review
germany,comfort double room,group,4,2022,10,9.0,superb,no review,no review
france,comfort suite,group,1,2022,9,9.0,superb,no review,no review
portugal,comfort king room,couple,2,2022,9,8.0,very good,no review,no review
israel,comfort twin room,family,1,2022,10,10.0,exceptional,no review,no review
spain,comfort single room,solo traveller,1,2022,10,9.0,superb,no review,no review
italy,comfort king room,family,2,2022,10,10.0,exceptional,no review,no review
switzerland,comfort king room,family,2,2022,10,8.0,very good,no review,no review
spain,comfort king room,couple,6,2022,7,8.0,very good,no review,no review
portugal,comfort double room,couple,2,2022,10,8.0,very good,no review,no review
azerbaijan,plus comfort suite,group,2,2022,10,10.0,exceptional,no review,no review
germany,comfort king room,couple,7,2022,10,8.0,very good,no review,no review
brazil,deluxe panoramic suite,couple,4,2022,10,10.0,exceptional,no review,no review
portugal,comfort king room,solo traveller,1,2022,10,9.0,superb,no review,no review
canada,comfort king room,couple,3,2022,10,9.0,superb,no review,no review
brazil,comfort king room,solo traveller,7,2022,10,9.0,superb,no review,no review
netherlands,comfort king room,couple,4,2022,10,10.0,exceptional,no review,no review
spain,plus comfort suite,family,2,2022,9,9.0,superb,no review,no review
france,comfort double room,group,3,2022,10,8.0,very good,no review,no review
netherlands,comfort double room,family,3,2022,9,8.0,very good,no review,no review
portugal,comfort twin room,couple,1,2022,10,10.0,exceptional,no review,no review
spain,comfort suite,family,2,2022,9,9.0,superb,no review,no review
switzerland,comfort twin room,couple,3,2022,10,8.0,very good,no review,no review
chile,comfort double room,family,1,2022,9,9.0,superb,no review,no review
spain,comfort single room,solo traveller,4,2022,9,8.0,very good,no review,no review
germany,plus comfort suite,couple,5,2022,9,9.0,superb,no review,no review
ukraine,plus comfort suite,family,2,2022,8,10.0,exceptional,no review,no review
denmark,comfort double room,couple,7,2022,9,8.0,very good,no review,no review
spain,comfort double room,solo traveller,2,2022,9,8.0,"a good stay, very friendly staff",no review,no review
france,comfort king room,couple,1,2022,9,10.0,exceptional,no review,no review
spain,comfort double room,couple,2,2022,9,8.0,very good,no review,no review
spain,plus comfort suite,family,1,2022,9,9.0,superb,no review,no review
puerto rico,comfort double room,couple,2,2022,9,10.0,exceptional,no review,no review
turkey,comfort single room,solo traveller,1,2022,7,10.0,exceptional,no review,no review
spain,comfort family room,family,1,2022,8,8.0,very good,no review,no review
portugal,comfort double room,solo traveller,5,2022,8,9.0,superb,no review,no review
brazil,comfort family room,group,1,2022,9,10.0,exceptional,no review,no review
luxembourg,comfort suite,family,1,2022,8,9.0,superb,no review,no review
italy,comfort double room,couple,3,2022,8,9.0,superb,no review,no review
colombia,comfort suite,family,3,2022,8,8.0,very good,no review,no review
spain,comfort double room,solo traveller,2,2022,7,8.0,very good,no review,no review
portugal,comfort double room,couple,1,2022,9,8.0,location is great. the very attentive staff.,no review,no review
portugal,plus comfort suite,family,1,2022,9,10.0,exceptional,no review,no review
spain,comfort king room,couple,1,2022,9,9.0,highly recommended,no review,no review
portugal,comfort king room,family,1,2022,9,10.0,exceptional,no review,no review
portugal,comfort king room,couple,1,2022,8,9.0,superb,no review,no review
spain,comfort twin room,couple,2,2022,8,9.0,superb,no review,no review
spain,comfort double room,couple,3,2022,8,8.0,very good,no review,no review
spain,comfort family room,family,2,2022,9,10.0,exceptional,no review,no review
spain,plus comfort suite,family,3,2022,8,9.0,superb,no review,no review
brazil,comfort double room,couple,2,2022,9,10.0,exceptional,no review,no review
portugal,plus comfort suite,family,1,2022,9,10.0,exceptional,no review,no review
italy,comfort double room,family,2,2022,9,9.0,superb,no review,no review
spain,comfort king room,couple,5,2022,8,8.0,very good,no review,no review
spain,comfort double room,couple,1,2022,9,9.0,superb,no review,no review
spain,comfort double room,couple,3,2022,9,10.0,exceptional,no review,no review
belgium,comfort double room,couple,5,2022,9,9.0,superb,no review,no review
switzerland,comfort single room,solo traveller,1,2022,9,9.0,superb,no review,no review
algeria,comfort king room,solo traveller,3,2022,9,10.0,exceptional,no review,no review
germany,comfort single room,solo traveller,2,2022,9,9.0,superb,no review,no review
israel,comfort king room,group,3,2022,9,10.0,exceptional,no review,no review
france,comfort double room,couple,4,2022,6,10.0,exceptional,no review,no review
france,comfort family room,family,2,2022,9,9.0,superb,no review,no review
portugal,comfort double room,couple,1,2022,8,10.0,exceptional,no review,no review
germany,comfort double room,couple,9,2022,7,9.0,superb,no review,no review
spain,comfort double room,couple,1,2022,6,10.0,exceptional,no review,no review
switzerland,plus comfort suite,couple,4,2022,9,8.0,very good,no review,no review
france,comfort twin room,couple,1,2022,8,10.0,exceptional,no review,no review
portugal,plus comfort suite,family,1,2022,8,8.0,very good,no review,no review
spain,comfort king room,couple,3,2022,8,8.0,very good,no review,no review
spain,comfort king room,couple,2,2022,8,9.0,superb,no review,no review
france,comfort double room,couple,4,2022,8,8.0,very good,no review,no review
portugal,comfort twin room,family,2,2022,8,10.0,exceptional,no review,no review
italy,comfort family room,group,3,2022,8,8.0,very good,no review,no review
switzerland,comfort twin room,family,4,2022,8,8.0,very good,no review,no review
portugal,comfort king room,couple,1,2022,8,10.0,exceptional,no review,no review
sweden,comfort twin room,family,2,2022,8,9.0,superb,no review,no review
portugal,double room - disability access,couple,1,2022,8,10.0,exceptional,no review,no review
portugal,comfort suite,family,1,2022,8,10.0,exceptional,no review,no review
italy,comfort twin room,couple,1,2022,8,9.0,superb,no review,no review
spain,comfort king room,couple,1,2022,8,10.0,exceptional,no review,no review
portugal,comfort king room,solo traveller,1,2022,8,8.0,very good,no review,no review
portugal,comfort king room,couple,1,2022,8,10.0,exceptional,no review,no review
spain,comfort family room,couple,1,2022,8,10.0,exceptional,no review,no review
spain,comfort king room,couple,2,2022,8,10.0,exceptional,no review,no review
finland,comfort king room,couple,5,2022,8,9.0,superb,no review,no review
spain,comfort double room,family,7,2022,8,8.0,very good,no review,no review
germany,comfort double room,couple,3,2022,8,10.0,exceptional,no review,no review
italy,comfort single room,solo traveller,2,2022,8,9.0,superb,no review,no review
portugal,comfort twin room,family,2,2022,8,9.0,superb,no review,no review
bulgaria,comfort double room,couple,3,2022,8,10.0,exceptional,no review,no review
colombia,comfort twin room,couple,1,2022,8,9.0,superb,no review,no review
portugal,comfort single room,solo traveller,1,2022,8,9.0,superb,no review,no review
spain,comfort king room,couple,1,2022,8,9.0,superb,no review,no review
switzerland,comfort double room,group,2,2022,8,8.0,very good,no review,no review
spain,comfort king room,couple,3,2022,8,8.0,very good,no review,no review
spain,comfort double room,family,3,2022,8,9.0,superb,no review,no review
brazil,comfort suite,group,1,2022,7,9.0,superb,no review,no review
argentina,comfort twin room,solo traveller,4,2022,8,10.0,exceptional,no review,no review
portugal,comfort king room,solo traveller,1,2022,6,10.0,exceptional,no review,no review
france,comfort family room,family,2,2022,8,10.0,exceptional,no review,no review
spain,comfort king room,family,2,2022,8,9.0,superb,no review,no review
spain,comfort double room,couple,3,2022,8,9.0,superb,no review,no review
czech republic,comfort double room,couple,4,2022,8,9.0,superb,no review,no review
south korea,comfort single room,solo traveller,2,2022,8,8.0,very good,no review,no review
argentina,comfort twin room,couple,2,2022,8,10.0,exceptional,no review,no review
spain,comfort double room,couple,3,2022,8,10.0,exceptional,no review,no review
spain,comfort double room,couple,3,2022,7,8.0,very good,no review,no review
italy,comfort double room,family,6,2022,7,10.0,exceptional,no review,no review
spain,comfort double room,family,1,2022,8,8.0,very good,no review,no review
spain,comfort double room,couple,2,2022,8,8.0,very good,no review,no review
spain,comfort king room,couple,2,2022,8,10.0,exceptional,no review,no review
italy,comfort double room,couple,1,2022,8,9.0,superb,no review,no review
portugal,comfort family room plus,family,1,2022,8,8.0,very good,no review,no review
spain,comfort twin room,couple,3,2022,8,9.0,superb,no review,no review
france,comfort family room,family,1,2022,8,8.0,very good,no review,no review
spain,comfort single room,solo traveller,5,2022,8,9.0,superb,no review,no review
spain,comfort family room plus,family,4,2022,8,8.0,very good,no review,no review
spain,comfort king room,couple,3,2022,8,10.0,exceptional,no review,no review
spain,comfort twin room,couple,1,2022,8,9.0,superb,no review,no review
switzerland,comfort double room,group,2,2022,8,10.0,exceptional,no review,no review
portugal,comfort single room,family,2,2022,8,9.0,superb,no review,no review
france,comfort double room,couple,3,2022,7,8.0,very good,no review,no review
spain,comfort double room,couple,2,2022,7,8.0,very good,no review,no review
france,plus comfort suite,family,2,2022,8,8.0,very good,no review,no review
spain,comfort king room,couple,2,2022,7,8.0,very good,no review,no review
israel,comfort family room,group,2,2022,8,9.0,superb,no review,no review
spain,comfort double room,couple,2,2022,8,8.0,very good,no review,no review
portugal,comfort king double room with romantic package,couple,1,2022,8,9.0,superb,no review,no review
spain,comfort king room,couple,3,2022,7,9.0,superb,no review,no review
spain,comfort double room,couple,5,2022,8,10.0,exceptional,no review,no review
portugal,comfort double room,couple,2,2022,8,8.0,very good,no review,no review
france,comfort double room,couple,4,2022,8,8.0,very good,no review,no review
spain,plus comfort suite,family,6,2022,8,9.0,superb,no review,no review
spain,comfort single room,solo traveller,1,2022,7,8.0,very good,no review,no review
spain,plus comfort suite,group,3,2022,8,8.0,very good,no review,no review
poland,comfort single room,group,1,2022,7,9.0,superb,no review,no review
spain,comfort double room,couple,2,2022,8,8.0,very good,no review,no review
germany,comfort family room,family,3,2022,8,8.0,very good,no review,no review
spain,comfort family room plus,family,3,2022,7,8.0,very good,no review,no review
germany,comfort single room,solo traveller,3,2022,7,9.0,superb,no review,no review
romania,comfort king double room with romantic package,couple,1,2022,7,10.0,exceptional,no review,no review
spain,comfort double room,group,1,2022,7,10.0,exceptional,no review,no review
italy,comfort king double room with romantic package,couple,2,2022,7,8.0,very good,no review,no review
spain,comfort king room,couple,2,2022,7,9.0,superb,no review,no review
portugal,comfort double room,couple,1,2022,7,8.0,very good,no review,no review
france,comfort double room,family,2,2022,7,8.0,very good,no review,no review
portugal,comfort family room,family,2,2022,7,9.0,"very good, repeating",no review,no review
venezuela,comfort double room,couple,2,2022,7,10.0,exceptional,no review,no review
portugal,comfort double room,couple,3,2022,7,8.0,very good,no review,no review
portugal,comfort king room,couple,2,2022,7,8.0,very good,no review,no review
brazil,comfort double room,family,1,2022,7,10.0,exceptional,no review,no review
portugal,comfort king double room with romantic package,couple,1,2022,7,9.0,superb,no review,no review
china,comfort twin room,family,1,2022,7,10.0,exceptional,no review,no review
netherlands,comfort suite,family,3,2022,7,9.0,superb,no review,no review
israel,comfort single room,solo traveller,3,2022,6,10.0,exceptional,no review,no review
ukraine,comfort family room plus,family,1,2022,7,10.0,exceptional,no review,no review
spain,comfort twin room,couple,3,2022,7,10.0,exceptional,no review,no review
spain,comfort suite,family,2,2022,7,10.0,exceptional,no review,no review
brazil,comfort family room,couple,2,2022,7,10.0,exceptional,no review,no review
portugal,comfort double room,solo traveller,1,2022,7,9.0,superb,no review,no review
brazil,comfort double room,family,2,2022,7,10.0,exceptional,no review,no review
belgium,comfort twin room,family,7,2022,7,10.0,exceptional,no review,no review
serbia,comfort single room,solo traveller,2,2022,7,10.0,exceptional,no review,no review
france,comfort double room,couple,4,2022,7,9.0,superb,no review,no review
spain,comfort king room,couple,3,2022,7,10.0,exceptional,no review,no review
germany,comfort single room,solo traveller,4,2022,7,10.0,exceptional,no review,no review
lithuania,comfort family room,family,2,2022,7,9.0,superb,no review,no review
denmark,comfort twin room,family,5,2022,7,9.0,superb,no review,no review
italy,comfort double room,family,1,2022,7,8.0,very good,no review,no review
portugal,comfort single room,solo traveller,2,2022,7,10.0,exceptional,no review,no review
france,comfort king room,couple,3,2022,7,8.0,very good,no review,no review
spain,comfort double room,couple,2,2022,7,10.0,exceptional,no review,no review
spain,comfort double room,family,3,2022,7,8.0,very good,no review,no review
norway,comfort twin room,group,2,2022,7,8.0,very good,no review,no review
portugal,comfort twin room,family,1,2022,7,10.0,exceptional,no review,no review
germany,comfort double room,couple,2,2022,7,8.0,expectations fulfilled,no review,no review
poland,comfort double room,couple,4,2022,7,10.0,exceptional,no review,no review
portugal,plus comfort suite,group,1,2022,7,10.0,exceptional,no review,no review
germany,comfort king room,couple,3,2022,7,10.0,exceptional,no review,no review
germany,plus comfort suite,group,2,2022,7,8.0,very good,no review,no review
russia,comfort single room,solo traveller,1,2022,6,9.0,superb,no review,no review
costa rica,comfort double room,couple,3,2022,7,8.0,very good,no review,no review
spain,plus comfort suite,group,2,2022,5,8.0,very good,no review,no review
sweden,comfort family room,couple,3,2022,7,10.0,exceptional,no review,no review
spain,comfort family room,group,4,2022,7,8.0,very good,no review,no review
belgium,comfort twin room,family,2,2022,5,9.0,superb,no review,no review
spain,plus comfort suite,family,1,2022,7,9.0,superb,no review,no review
ecuador,plus comfort suite,family,2,2022,7,8.0,very good,no review,no review
portugal,comfort double room,couple,1,2022,7,10.0,exceptional,no review,no review
slovakia,comfort twin room,couple,4,2022,6,8.0,very good,no review,no review
chile,comfort double room,solo traveller,4,2022,7,8.0,very good,no review,no review
spain,comfort family room plus,couple,1,2022,6,10.0,exceptional,no review,no review
france,comfort king room,couple,2,2022,5,8.0,very good,no review,no review
austria,comfort double room,solo traveller,1,2022,6,8.0,very good,no review,no review
spain,comfort suite,family,1,2022,6,9.0,superb,no review,no review
france,comfort double room,family,3,2022,6,8.0,very good,no review,no review
mexico,comfort suite,family,1,2022,6,10.0,exceptional,no review,no review
chile,comfort twin room,couple,1,2022,6,8.0,very good,no review,no review
switzerland,comfort double room,couple,2,2022,6,8.0,very good,no review,no review
austria,comfort king room,couple,4,2022,5,8.0,very good,no review,no review
germany,comfort twin room,family,7,2022,5,9.0,superb,no review,no review
france,comfort family room,couple,4,2022,6,8.0,very good,no review,no review
france,comfort king room,couple,2,2022,5,8.0,very good,no review,no review
portugal,comfort king room,couple,2,2022,4,8.0,very good,no review,no review
colombia,comfort suite,group,1,2022,5,10.0,exceptional,no review,no review
france,plus comfort suite,couple,6,2022,6,8.0,very good,no review,no review
spain,comfort single room,solo traveller,1,2022,6,9.0,superb,no review,no review
spain,comfort king room,couple,2,2022,3,8.0,very good,no review,no review
spain,comfort family room,family,2,2022,5,10.0,exceptional,no review,no review
slovakia,plus comfort suite,couple,4,2022,5,8.0,very good,no review,no review
israel,comfort king room,solo traveller,5,2022,6,8.0,very good,no review,no review
spain,comfort suite,couple,3,2022,6,8.0,very good,no review,no review
france,comfort double room,couple,2,2022,6,10.0,exceptional,no review,no review
portugal,comfort double room,family,1,2022,6,8.0,very good,no review,no review
spain,comfort single room,solo traveller,1,2022,6,9.0,superb,no review,no review
brazil,comfort double room,couple,4,2022,6,10.0,exceptional,no review,no review
spain,comfort king room,solo traveller,2,2022,6,9.0,superb,no review,no review
israel,plus comfort suite,group,1,2022,6,9.0,superb,no review,no review
portugal,plus comfort suite,couple,2,2022,5,10.0,exceptional,no review,no review
portugal,comfort king room,couple,1,2022,6,8.0,very good,no review,no review
brazil,comfort king room,couple,1,2022,5,8.0,very good,no review,no review
brazil,comfort single room,solo traveller,1,2022,6,8.0,very good,no review,no review
germany,comfort double room,couple,4,2022,6,9.0,superb,no review,no review
spain,comfort king room,group,3,2022,6,10.0,exceptional,no review,no review
spain,comfort single room,solo traveller,1,2022,6,8.0,very good,no review,no review
switzerland,comfort double room,couple,2,2022,6,8.0,very good,no review,no review
austria,comfort twin room,group,2,2022,6,8.0,very good,no review,no review
spain,plus comfort suite,group,2,2022,6,8.0,very good,no review,no review
spain,comfort single room,group,1,2022,6,10.0,exceptional,no review,no review
luxembourg,comfort twin room,group,1,2022,5,8.0,very good,no review,no review
argentina,comfort king room,solo traveller,1,2022,6,8.0,very good,no review,no review
israel,comfort double room,couple,2,2022,6,8.0,very good,no review,no review
mexico,comfort double room,couple,3,2022,3,8.0,very good,no review,no review
france,comfort double room,solo traveller,2,2022,5,10.0,exceptional,no review,no review
spain,comfort king room,couple,3,2022,6,8.0,very good,no review,no review
norway,comfort single room,solo traveller,3,2022,6,10.0,exceptional,no review,no review
guadeloupe,comfort double room,family,2,2022,6,10.0,exceptional,no review,no review
spain,comfort king room,couple,2,2022,6,9.0,superb,no review,no review
portugal,comfort king room,couple,1,2022,6,10.0,exceptional,no review,no review
argentina,comfort family room,family,2,2022,5,8.0,very good,no review,no review
guadeloupe,comfort king room,group,2,2022,6,9.0,superb,no review,no review
france,comfort double room,couple,3,2022,6,8.0,very good,no review,no review
switzerland,comfort king room,couple,2,2022,6,10.0,exceptional,no review,no review
switzerland,plus comfort suite,solo traveller,3,2022,5,8.0,very good,no review,no review
montenegro,plus comfort suite,group,2,2022,5,10.0,exceptional,no review,no review
denmark,comfort double room,family,3,2022,5,8.0,very good,no review,no review
germany,comfort family room plus,group,3,2022,5,9.0,superb,no review,no review
portugal,comfort double room,family,1,2022,5,10.0,exceptional,no review,no review
france,comfort king room,couple,1,2022,5,9.0,superb,no review,no review
austria,comfort twin room,couple,3,2022,5,9.0,superb,no review,no review
poland,plus comfort suite,group,7,2022,5,8.0,very good,no review,no review
luxembourg,comfort double room,solo traveller,5,2022,5,9.0,superb,no review,no review
spain,comfort family room plus,family,2,2022,4,10.0,exceptional,no review,no review
germany,comfort double room,couple,4,2022,4,8.0,very good,no review,no review
belgium,comfort twin room,couple,3,2022,5,8.0,very good,no review,no review
mexico,comfort twin room,couple,2,2022,5,10.0,exceptional,no review,no review
italy,comfort family room plus,group,4,2022,5,10.0,exceptional,no review,no review
brazil,comfort king room,couple,2,2022,5,8.0,very good,no review,no review
brazil,comfort double room,group,3,2022,5,8.0,very good,no review,no review
spain,plus comfort suite,group,1,2022,5,10.0,exceptional,no review,no review
portugal,comfort family room,family,2,2022,5,8.0,very good,no review,no review
portugal,comfort double room,couple,1,2022,5,8.0,very good,no review,no review
reunion,comfort family room plus,group,1,2022,5,8.0,very good,no review,no review
portugal,comfort double room,group,1,2022,5,8.0,very good,no review,no review
germany,comfort single room,solo traveller,3,2022,4,8.0,very good,no review,no review
spain,comfort double room,couple,2,2022,5,8.0,very good,no review,no review
germany,comfort twin room,couple,2,2022,5,9.0,superb,no review,no review
spain,comfort double room,couple,1,2022,5,10.0,exceptional,no review,no review
italy,comfort twin room,couple,1,2022,5,8.0,very good,no review,no review
spain,comfort single room,solo traveller,1,2022,4,9.0,superb,no review,no review
spain,comfort suite,family,3,2022,4,9.0,superb,no review,no review
argentina,comfort double room,couple,3,2022,5,8.0,very good,no review,no review
spain,comfort king room,group,2,2022,5,8.0,very good,no review,no review
sweden,comfort king room,couple,4,2022,5,9.0,superb,no review,no review
portugal,comfort double room,couple,1,2022,5,8.0,very good,no review,no review
france,comfort family room,group,2,2022,3,10.0,exceptional,no review,no review
france,comfort family room,family,7,2022,5,9.0,superb,no review,no review
portugal,comfort king room,couple,1,2022,3,9.0,superb,no review,no review
mexico,comfort double room,group,2,2022,4,8.0,very good,no review,no review
france,comfort twin room,family,2,2022,3,9.0,superb,no review,no review
greece,comfort king room,couple,3,2022,4,10.0,exceptional,no review,no review
netherlands,comfort suite,family,2,2022,5,8.0,very good,no review,no review
portugal,comfort family room plus,family,2,2022,5,9.0,superb,no review,no review
spain,comfort double room,couple,2,2022,5,8.0,very good,no review,no review
spain,comfort family room,family,3,2022,3,8.0,very good,no review,no review
spain,comfort single room,solo traveller,1,2022,5,9.0,superb,no review,no review
italy,comfort single room,group,3,2022,5,10.0,living room a beautiful city with comfortable hotels and very comfortable to get around the center,no review,no review
canada,comfort double room,couple,1,2022,5,8.0,very good,no review,no review
germany,comfort double room,solo traveller,2,2022,3,10.0,exceptional,no review,no review
spain,comfort king room,couple,1,2022,5,9.0,superb,no review,no review
spain,comfort twin room,couple,3,2022,4,10.0,exceptional,no review,no review
israel,comfort king room,couple,1,2022,5,10.0,exceptional,no review,no review
belgium,comfort single room,solo traveller,1,2022,4,8.0,very good,no review,no review
netherlands,comfort twin room,couple,2,2022,4,9.0,superb,no review,no review
portugal,comfort double room,couple,2,2022,4,10.0,exceptional,no review,no review
france,comfort double room,couple,4,2022,4,9.0,superb,no review,no review
argentina,comfort double room,group,2,2022,3,9.0,superb,no review,no review
portugal,comfort twin room,couple,2,2022,4,10.0,exceptional,no review,no review
poland,comfort double room,couple,3,2022,3,10.0,exceptional,no review,no review
france,comfort twin room,family,4,2022,4,8.0,very good,no review,no review
italy,comfort single room,solo traveller,3,2022,4,8.0,very good,no review,no review
france,comfort king room,couple,1,2022,4,9.0,superb,no review,no review
spain,comfort king room,couple,1,2022,4,10.0,exceptional,no review,no review
switzerland,comfort double room,family,3,2022,4,8.0,very good,no review,no review
germany,comfort king room,couple,5,2022,4,9.0,superb,no review,no review
brazil,comfort king room,couple,4,2022,4,8.0,very good,no review,no review
spain,comfort double room,couple,1,2022,4,10.0,exceptional,no review,no review
switzerland,comfort family room plus,group,2,2022,4,9.0,superb,no review,no review
portugal,comfort king room,couple,4,2022,4,10.0,exceptional,no review,no review
spain,plus comfort suite,family,3,2022,4,10.0,exceptional,no review,no review
netherlands,comfort king room,couple,4,2022,3,8.0,very good,no review,no review
japan,comfort family room,family,2,2022,4,10.0,exceptional,no review,no review
italy,comfort family room plus,group,2,2022,4,8.0,very good,no review,no review
italy,comfort double room,couple,1,2022,4,9.0,superb,no review,no review
spain,plus comfort suite,family,2,2022,4,8.0,very good,no review,no review
spain,comfort twin room,group,1,2022,4,9.0,superb,no review,no review
switzerland,comfort double room,family,1,2022,4,8.0,very good,no review,no review
germany,comfort king room,couple,4,2022,3,8.0,very good,no review,no review
spain,plus comfort suite,family,2,2022,4,9.0,superb,no review,no review
spain,comfort suite,family,2,2022,4,10.0,exceptional,no review,no review
spain,comfort king room,couple,3,2022,4,8.0,very good,no review,no review
portugal,comfort family room,group,2,2022,4,9.0,superb,no review,no review
spain,comfort suite,group,3,2022,4,9.0,superb,no review,no review
spain,comfort double room,couple,3,2022,3,10.0,exceptional,no review,no review
portugal,comfort twin room,family,2,2022,4,10.0,exceptional,no review,no review
israel,comfort double room,group,3,2022,4,9.0,superb,no review,no review
argentina,comfort double room,couple,3,2022,4,9.0,superb,no review,no review
france,plus comfort suite,couple,1,2022,4,8.0,very good,no review,no review
germany,comfort double room,couple,1,2022,4,10.0,any time!,no review,no review
brazil,comfort double room,couple,3,2022,3,10.0,exceptional,no review,no review
portugal,comfort double room,couple,2,2022,4,8.0,very good,no review,no review
spain,comfort twin room,couple,3,2022,4,8.0,very good,no review,no review
spain,comfort king room,couple,3,2022,4,8.0,very good,no review,no review
israel,comfort twin room,group,2,2022,2,9.0,superb,no review,no review
luxembourg,comfort double room,couple,1,2022,3,8.0,very good,no review,no review
spain,comfort double room,solo traveller,1,2022,3,8.0,very good,no review,no review
switzerland,comfort double room,solo traveller,1,2022,3,8.0,very good,no review,no review
portugal,comfort double room,couple,2,2022,2,10.0,exceptional,no review,no review
brazil,comfort double room,couple,4,2022,3,8.0,very good,no review,no review
portugal,comfort twin room,couple,1,2022,3,9.0,superb,no review,no review
germany,comfort double room,couple,2,2022,3,8.0,very good,no review,no review
austria,comfort king room,family,4,2022,2,10.0,it was beautiful.,no review,no review
france,comfort double room,couple,1,2022,3,10.0,exceptional,no review,no review
switzerland,plus comfort suite,group,1,2022,3,9.0,superb,no review,no review
luxembourg,comfort double room,couple,4,2022,3,9.0,superb,no review,no review
spain,comfort double room,couple,3,2022,3,8.0,very good,no review,no review
brazil,comfort single room,solo traveller,2,2022,3,9.0,superb,no review,no review
spain,comfort double room,couple,2,2022,3,8.0,very good,no review,no review
switzerland,comfort king room,solo traveller,2,2022,3,8.0,very good,no review,no review
sweden,comfort twin room,couple,4,2022,3,8.0,very good,no review,no review
brazil,comfort double room,couple,3,2022,3,8.0,very good,no review,no review
portugal,comfort double room,couple,1,2022,3,8.0,very good,no review,no review
italy,comfort double room,group,2,2022,3,10.0,exceptional,no review,no review
spain,comfort double room,couple,2,2022,3,10.0,exceptional,no review,no review
portugal,comfort king room,couple,2,2022,3,9.0,superb,no review,no review
spain,comfort double room,couple,3,2022,2,9.0,superb,no review,no review
portugal,comfort double room,couple,2,2022,2,8.0,very good,no review,no review
portugal,comfort double room,group,1,2022,3,8.0,very good,no review,no review
spain,comfort family room plus,family,2,2022,1,10.0,exceptional,no review,no review
spain,comfort king room,couple,2,2022,3,8.0,very good,no review,no review
france,comfort double room,solo traveller,7,2022,3,8.0,very good,no review,no review
italy,plus comfort suite,group,1,2022,3,8.0,very good,no review,no review
switzerland,comfort twin room,group,3,2022,3,8.0,very good,no review,no review
ukraine,plus comfort suite,family,3,2022,3,10.0,exceptional,no review,no review
france,comfort double room,solo traveller,2,2022,3,9.0,superb,no review,no review
portugal,comfort king room,couple,1,2022,2,8.0,very good,no review,no review
portugal,comfort single room,solo traveller,1,2022,3,10.0,exceptional,no review,no review
portugal,comfort king room,couple,1,2022,3,10.0,exceptional,no review,no review
switzerland,comfort double room,couple,2,2025,3,4.0,disappointing,no review,no review
germany,comfort single room,solo traveller,1,2025,3,7.0,good,no review,no review
portugal,comfort family room,family,2,2025,3,7.0,good,no review,no review
france,comfort family room plus,family,5,2025,2,7.0,good,no review,no review
czech republic,comfort single room,solo traveller,3,2025,2,5.0,passable,no review,no review
portugal,comfort double room,couple,1,2025,2,6.0,pleasant,no review,no review
spain,comfort double room,family,2,2025,2,6.0,pleasant,no review,no review
portugal,comfort king double room with romantic package,couple,1,2025,2,7.0,good,no review,no review
portugal,comfort king room,couple,2,2025,2,7.0,good,no review,no review
portugal,comfort double room,couple,1,2025,2,7.0,good,no review,no review
brazil,comfort king room,couple,1,2025,1,7.0,good,no review,no review
france,comfort single room,solo traveller,8,2025,1,7.0,my stay was made much more pleasant thanks to the hotel,no review,no review
argentina,comfort twin room,couple,2,2025,1,5.0,passable,no review,no review
germany,plus comfort suite,family,6,2024,12,7.0,good,no review,no review
spain,comfort king room,group,3,2024,11,6.0,pleasant,no review,no review
germany,comfort king room,couple,5,2025,1,7.0,good,no review,no review
belgium,comfort single room,solo traveller,3,2024,12,7.0,good,no review,no review
spain,comfort double room,couple,2,2024,8,7.0,good,no review,no review
italy,comfort double room,couple,6,2024,10,7.0,good,no review,no review
spain,comfort king room,family,2,2024,9,7.0,good,no review,no review
sweden,comfort double room,couple,1,2024,10,7.0,good,no review,no review
poland,double room - disability access,solo traveller,1,2024,10,7.0,good,no review,no review
cyprus,comfort twin room,couple,3,2024,9,7.0,close to attractions quietly clean,no review,no review
switzerland,comfort double room,solo traveller,3,2024,10,7.0,good,no review,no review
spain,comfort suite,family,2,2024,9,7.0,good,no review,no review
switzerland,comfort king room,couple,2,2024,9,7.0,good,no review,no review
portugal,comfort family room plus,couple,1,2024,8,1.0,bad,no review,no review
luxembourg,comfort double room,group,3,2024,8,7.0,good,no review,no review
spain,comfort double room,family,4,2024,8,6.0,pleasant,no review,no review
spain,comfort double room,couple,2,2024,8,5.0,passable,no review,no review
netherlands,comfort double room,couple,1,2024,8,7.0,good,no review,no review
spain,comfort double room,family,2,2024,7,7.0,good,no review,no review
lithuania,comfort double room,family,3,2024,8,5.0,passable,no review,no review
spain,comfort single room,family,3,2024,8,5.0,passable,no review,no review
italy,comfort double room,family,2,2024,8,7.0,good,no review,no review
hungary,comfort double room,couple,2,2024,8,7.0,good,no review,no review
denmark,comfort king room,couple,2,2024,7,7.0,good,no review,no review
united states,comfort double room,couple,2,2024,7,7.0,good,no review,no review
spain,comfort suite,family,3,2024,6,7.0,good,no review,no review
switzerland,comfort double room,family,3,2024,7,7.0,good,no review,no review
netherlands,comfort double room,group,3,2024,7,7.0,good,no review,no review
austria,comfort single room,solo traveller,1,2024,6,7.0,everything was fine,no review,no review
spain,comfort double room,couple,1,2024,6,7.0,good,no review,no review
spain,comfort family room,family,1,2024,5,7.0,good,no review,no review
france,comfort family room plus,family,4,2024,5,7.0,good,no review,no review
netherlands,comfort family room plus,group,4,2024,5,7.0,good,no review,no review
netherlands,plus comfort suite,group,3,2024,5,7.0,good,no review,no review
germany,comfort single room,solo traveller,3,2024,5,7.0,good,no review,no review
switzerland,comfort single room,solo traveller,3,2024,2,7.0,good,no review,no review
spain,comfort double room,couple,1,2024,4,1.0,nefarious,no review,no review
austria,comfort double room,couple,4,2024,4,5.0,passable,no review,no review
switzerland,plus comfort suite,family,3,2024,3,3.0,poor,no review,no review
switzerland,comfort double room,family,1,2024,4,6.0,pleasant,no review,no review
germany,comfort king double room with romantic package,solo traveller,2,2024,4,7.0,good,no review,no review
brazil,comfort double room,solo traveller,2,2024,2,7.0,i just didn't like the service of some hotel employees. be more kind to guests. i had a problem,no review,no review
portugal,comfort double room,couple,1,2024,2,7.0,good,no review,no review
netherlands,comfort single room,solo traveller,3,2024,3,7.0,good,no review,no review
italy,comfort king room,group,1,2024,3,4.0,disappointing,no review,no review
switzerland,comfort double room,couple,3,2024,3,7.0,good,no review,no review
spain,comfort double room,couple,2,2024,2,7.0,good,no review,no review
italy,comfort suite,family,4,2024,3,6.0,pleasant,no review,no review
denmark,comfort double room,couple,1,2024,2,7.0,good,no review,no review
portugal,comfort family room plus,family,1,2024,2,7.0,good,no review,no review
germany,comfort single room,family,3,2024,1,5.0,passable,no review,no review
spain,comfort family room plus,family,1,2023,12,6.0,pleasant,no review,no review
brazil,comfort double room,family,3,2023,12,7.0,good,no review,no review
portugal,comfort double room,family,1,2024,1,5.0,passable,no review,no review
spain,comfort double room,couple,1,2023,12,5.0,passable,no review,no review
germany,comfort double room,couple,5,2024,1,7.0,good,no review,no review
spain,plus comfort suite,family,2,2023,12,7.0,good,no review,no review
denmark,comfort double room,couple,4,2023,10,6.0,pleasant,no review,no review
portugal,comfort family room,family,2,2023,12,7.0,good,no review,no review
czech republic,double room - disability access,couple,4,2023,12,7.0,good,no review,no review
poland,comfort double room,couple,3,2023,12,7.0,good,no review,no review
france,comfort single room,solo traveller,2,2023,12,6.0,pleasant,no review,no review
germany,comfort single room,solo traveller,2,2023,11,7.0,good,no review,no review
spain,comfort single room,solo traveller,2,2023,11,7.0,good,no review,no review
france,comfort double room,couple,3,2023,11,7.0,good,no review,no review
spain,double room - disability access,couple,3,2023,11,7.0,good,no review,no review
portugal,comfort double room,family,1,2023,11,7.0,good,no review,no review
austria,comfort double room,group,1,2023,9,5.0,"breakfast: espresso, black bread, aqua minerals con gas ... not offered, despite demand. staff friend",no review,no review
austria,comfort single room,group,1,2023,10,7.0,good,no review,no review
germany,comfort double room,couple,2,2023,9,7.0,good,no review,no review
azerbaijan,comfort king room,couple,2,2023,8,7.0,good,no review,no review
germany,plus comfort suite,family,2,2023,10,7.0,good,no review,no review
switzerland,comfort double room,couple,1,2023,10,7.0,good,no review,no review
denmark,plus comfort suite,group,4,2023,10,7.0,good,no review,no review
portugal,comfort double room,couple,2,2023,10,7.0,good,no review,no review
italy,double room - disability access,couple,2,2023,10,7.0,good,no review,no review
spain,comfort king room,couple,2,2023,8,5.0,passable,no review,no review
switzerland,comfort single room,solo traveller,1,2023,9,7.0,good,no review,no review
turkey,comfort double room,solo traveller,1,2023,9,5.0,passable,no review,no review
turkey,double room - disability access,solo traveller,1,2023,9,7.0,good,no review,no review
spain,comfort double room,couple,1,2023,8,7.0,good,no review,no review
austria,comfort twin room,couple,3,2023,9,6.0,pleasant,no review,no review
portugal,comfort single room,solo traveller,1,2023,6,7.0,good,no review,no review
germany,comfort single room,group,2,2023,7,7.0,good,no review,no review
brazil,comfort double room,couple,1,2023,8,7.0,good,no review,no review
germany,comfort family room,family,1,2023,8,7.0,good,no review,no review
spain,double room - disability access,solo traveller,1,2023,6,6.0,pleasant,no review,no review
italy,comfort double room,couple,2,2023,8,7.0,good,no review,no review
portugal,comfort double room,group,2,2023,7,7.0,good,no review,no review
france,comfort single room,group,4,2023,8,7.0,good,no review,no review
france,plus comfort suite,family,1,2023,8,7.0,good,no review,no review
switzerland,comfort single room,solo traveller,7,2023,8,5.0,passable,no review,no review
portugal,comfort single room,group,2,2023,7,7.0,good,no review,no review
brazil,comfort single room,solo traveller,2,2023,7,7.0,good,no review,no review
spain,comfort single room,family,1,2023,7,5.0,passable,no review,no review
germany,comfort double room,couple,2,2023,7,7.0,good,no review,no review
norway,comfort double room,couple,1,2023,6,7.0,good,no review,no review
brazil,comfort single room,solo traveller,1,2023,6,7.0,good,no review,no review
switzerland,comfort double room,family,2,2023,7,3.0,poor,no review,no review
germany,comfort double room,solo traveller,4,2023,6,7.0,good,no review,no review
hungary,comfort suite,family,1,2023,6,7.0,good,no review,no review
czech republic,comfort double room,solo traveller,3,2023,6,7.0,good,no review,no review
brazil,comfort king room,group,2,2023,6,7.0,good,no review,no review
austria,comfort king room,family,3,2023,5,6.0,pleasant,no review,no review
portugal,comfort double room,solo traveller,2,2023,3,7.0,good,no review,no review
portugal,comfort king room,couple,2,2023,4,7.0,good,no review,no review
germany,comfort double room,solo traveller,3,2023,4,7.0,good,no review,no review
germany,comfort double room,couple,2,2023,4,6.0,pleasant,no review,no review
france,comfort double room,family,2,2023,5,6.0,pleasant,no review,no review
germany,comfort double room,couple,3,2023,5,7.0,good,no review,no review
portugal,comfort double room,couple,1,2023,4,6.0,pleasant,no review,no review
france,comfort double room,group,4,2023,4,7.0,good,no review,no review
brazil,comfort single room,solo traveller,1,2023,4,5.0,passable,no review,no review
portugal,plus comfort suite,group,1,2023,4,6.0,pleasant,no review,no review
spain,comfort double room,couple,3,2023,4,7.0,good,no review,no review
switzerland,comfort double room,group,2,2023,4,7.0,good,no review,no review
portugal,comfort family room plus,family,2,2023,1,6.0,pleasant,no review,no review
portugal,plus comfort suite,family,2,2023,2,7.0,good,no review,no review
portugal,comfort double room,solo traveller,2,2023,2,7.0,good,no review,no review
brazil,comfort double room,solo traveller,1,2023,2,3.0,poor,no review,no review
spain,comfort single room,solo traveller,1,2023,2,7.0,good,no review,no review
italy,comfort double room,couple,3,2023,2,7.0,good,no review,no review
spain,comfort double room,couple,1,2023,1,6.0,pleasant,no review,no review
spain,comfort double room,group,1,2023,1,7.0,good,no review,no review
portugal,comfort double room,solo traveller,1,2023,1,7.0,good,no review,no review
spain,comfort twin room,group,4,2023,1,6.0,pleasant,no review,no review
portugal,comfort double room,couple,1,2022,12,7.0,good,no review,no review
portugal,comfort double room,couple,2,2022,12,7.0,good,no review,no review
brazil,plus comfort suite,couple,4,2022,11,7.0,good,no review,no review
portugal,comfort suite,group,3,2022,11,7.0,good,no review,no review
spain,comfort double room,couple,1,2022,10,6.0,pleasant,no review,no review
portugal,double room - disability access,couple,1,2022,11,1.0,bad,no review,no review
france,comfort double room,group,1,2022,11,7.0,good,no review,no review
poland,comfort king room,couple,1,2022,8,7.0,good,no review,no review
germany,comfort family room plus,family,2,2022,10,5.0,passable,no review,no review
spain,comfort king room,family,2,2022,10,5.0,passable,no review,no review
spain,comfort double room,family,2,2022,10,5.0,passable,no review,no review
argentina,comfort double room,group,3,2022,10,7.0,good,no review,no review
israel,comfort king room,couple,1,2022,10,6.0,pleasant,no review,no review
unknown,comfort king room,couple,2,2022,10,7.0,good,no review,no review
spain,comfort double room,couple,1,2022,10,4.0,disappointing,no review,no review
spain,comfort king room,couple,2,2022,9,7.0,good,no review,no review
switzerland,comfort king room,couple,3,2022,9,7.0,good,no review,no review
switzerland,comfort suite,couple,3,2022,10,6.0,pleasant,no review,no review
portugal,comfort double room,solo traveller,2,2022,10,7.0,good,no review,no review
italy,comfort double room,couple,4,2022,9,5.0,passable,no review,no review
denmark,comfort double room,couple,3,2022,9,7.0,good,no review,no review
unknown,comfort king room,couple,2,2022,8,5.0,passable,no review,no review
switzerland,comfort family room,family,1,2022,9,7.0,good,no review,no review
angola,double room - disability access,family,1,2022,9,6.0,pleasant,no review,no review
spain,comfort double room,couple,2,2022,9,7.0,good,no review,no review
ecuador,comfort double room,couple,1,2022,9,7.0,good,no review,no review
france,comfort double room,couple,2,2022,9,7.0,good,no review,no review
ecuador,comfort king room,couple,1,2022,9,7.0,good,no review,no review
portugal,comfort single room,solo traveller,1,2022,9,7.0,good,no review,no review
spain,comfort king double room with romantic package,couple,4,2022,8,7.0,good,no review,no review
italy,comfort family room plus,family,1,2022,8,7.0,good,no review,no review
portugal,comfort double room,couple,1,2022,8,7.0,good,no review,no review
spain,comfort twin room,group,2,2022,8,7.0,good,no review,no review
germany,comfort single room,solo traveller,1,2022,8,7.0,good,no review,no review
portugal,comfort single room,solo traveller,1,2022,8,7.0,good,no review,no review
italy,comfort double room,couple,2,2022,8,6.0,pleasant,no review,no review
switzerland,comfort double room,couple,2,2022,8,7.0,good,no review,no review
spain,comfort suite,family,2,2022,8,5.0,passable,no review,no review
spain,comfort suite,family,3,2022,8,6.0,pleasant,no review,no review
portugal,comfort double room,couple,1,2022,7,1.0,bad,no review,no review
spain,comfort double room,couple,6,2022,8,7.0,good,no review,no review
italy,comfort family room plus,family,2,2022,7,7.0,good,no review,no review
israel,plus comfort suite,group,5,2022,8,5.0,passable,no review,no review
spain,comfort double room,couple,3,2022,8,5.0,passable,no review,no review
israel,comfort family room,family,2,2022,8,7.0,good,no review,no review
spain,comfort double room,couple,2,2022,8,6.0,pleasant,no review,no review
france,plus comfort suite,group,1,2022,7,6.0,pleasant,no review,no review
spain,comfort double room,couple,3,2022,8,6.0,pleasant,no review,no review
austria,comfort single room,solo traveller,4,2022,8,7.0,good,no review,no review
spain,comfort double room,couple,3,2022,8,7.0,good,no review,no review
portugal,comfort family room,family,3,2022,8,7.0,good,no review,no review
portugal,comfort king room,family,1,2022,6,5.0,passable,no review,no review
spain,comfort double room,couple,3,2022,8,6.0,pleasant,no review,no review
spain,comfort single room,solo traveller,1,2022,8,7.0,good,no review,no review
switzerland,comfort double room,couple,1,2022,7,5.0,passable,no review,no review
france,plus comfort suite,couple,1,2022,7,3.0,poor,no review,no review
portugal,comfort family room,family,1,2022,7,5.0,passable,no review,no review
portugal,comfort double room,couple,1,2022,7,7.0,good,no review,no review
netherlands,comfort double room,family,2,2022,7,7.0,good,no review,no review
spain,comfort double room,group,2,2022,7,7.0,good,no review,no review
switzerland,comfort double room,couple,2,2022,6,7.0,good,no review,no review
portugal,comfort double room,solo traveller,1,2022,4,7.0,good,no review,no review
france,comfort king room,couple,3,2022,5,7.0,good,no review,no review
netherlands,comfort double room,couple,5,2022,7,7.0,good,no review,no review
france,comfort king room,couple,2,2022,7,7.0,good,no review,no review
spain,comfort double room,couple,2,2022,6,7.0,"room well. very outdated building and areas, you need up to date",no review,no review
spain,comfort family room plus,family,1,2022,7,3.0,poor,no review,no review
poland,comfort twin room,couple,3,2022,6,6.0,pleasant,no review,no review
portugal,comfort double room,couple,1,2022,7,7.0,good,no review,no review
italy,comfort king room,couple,5,2022,6,7.0,good,no review,no review
turkey,comfort double room,group,1,2022,6,7.0,good,no review,no review
brazil,comfort single room,solo traveller,1,2022,6,7.0,good,no review,no review
denmark,comfort double room,couple,2,2022,6,7.0,good,no review,no review
portugal,comfort double room,couple,1,2022,6,5.0,passable,no review,no review
germany,comfort single room,solo traveller,1,2022,5,5.0,passable,no review,no review
france,comfort double room,group,1,2022,5,7.0,good,no review,no review
portugal,comfort king double room with romantic package,couple,1,2022,5,7.0,good,no review,no review
italy,comfort double room,group,1,2022,5,7.0,good,no review,no review
portugal,comfort double room,couple,2,2022,3,7.0,good,no review,no review
spain,comfort double room,couple,2,2022,5,7.0,good,no review,no review
germany,comfort double room,couple,2,2022,4,7.0,good,no review,no review
portugal,comfort king room,group,1,2022,5,1.0,bad,no review,no review
spain,comfort double room,couple,3,2022,5,7.0,good,no review,no review
portugal,comfort family room,couple,1,2022,5,7.0,good,no review,no review
portugal,comfort twin room,couple,1,2022,5,6.0,pleasant,no review,no review
denmark,comfort double room,couple,3,2022,5,7.0,good,no review,no review
spain,comfort twin room,couple,1,2022,5,7.0,good,no review,no review
portugal,comfort double room,couple,2,2022,5,5.0,reasonable,no review,no review
switzerland,comfort double room,group,4,2022,4,7.0,good,no review,no review
austria,comfort twin room,group,1,2022,4,7.0,good,no review,no review
spain,comfort double room,couple,1,2022,4,6.0,pleasant,no review,no review
spain,comfort single room,family,4,2022,4,7.0,good,no review,no review
portugal,plus comfort suite,group,2,2022,4,7.0,good,no review,no review
spain,comfort king room,couple,2,2022,4,7.0,good,no review,no review
switzerland,comfort king room,group,3,2022,4,7.0,good,no review,no review
sweden,comfort double room,couple,1,2022,4,3.0,poor,no review,no review
spain,comfort double room,couple,1,2022,4,6.0,pleasant,no review,no review
germany,comfort single room,solo traveller,2,2022,4,7.0,good,no review,no review
switzerland,comfort king double room with romantic package,family,3,2022,3,7.0,good,no review,no review
switzerland,comfort single room,solo traveller,1,2022,4,7.0,good,no review,no review
netherlands,comfort double room,couple,3,2022,3,7.0,good,no review,no review
denmark,comfort king room,couple,3,2022,4,7.0,good,no review,no review
france,comfort single room,solo traveller,1,2022,3,7.0,good,no review,no review
belgium,comfort family room,couple,4,2022,4,7.0,good,no review,no review
france,comfort double room,couple,2,2022,3,7.0,good,no review,no review
germany,comfort double room,solo traveller,1,2022,4,6.0,pleasant,no review,no review
portugal,comfort king double room with romantic package,couple,1,2022,3,6.0,pleasant,no review,no review
france,plus comfort suite,family,5,2022,3,5.0,passable,no review,no review
germany,comfort double room,couple,3,2022,3,7.0,good,no review,no review
spain,comfort family room plus,family,1,2022,3,7.0,good,no review,no review
spain,comfort double room,group,3,2024,11,8.0,very good,no review,no review
portugal,comfort double room,group,1,2024,1,10.0,exceptional,no review,no review
netherlands,comfort double room,couple,3,2023,11,8.0,very good,no review,no review
france,comfort king room,group,3,2023,12,9.0,superb,no review,no review
unknown,plus comfort suite,family,2,2023,12,9.0,superb,no review,no review
portugal,comfort king room,couple,2,2023,11,9.0,superb,no review,no review
belgium,comfort king room,couple,4,2023,11,8.0,very good,no review,no review
portugal,plus comfort suite,couple,1,2023,9,9.0,superb,no review,no review
switzerland,comfort suite,group,2,2023,7,10.0,exceptional,no review,no review
saudi arabia,comfort suite,family,5,2023,8,10.0,exceptional,no review,no review
brazil,plus comfort suite,family,3,2023,7,10.0,exceptional,no review,no review
france,comfort suite,family,3,2023,3,8.0,very good,no review,no review
france,comfort king room,couple,1,2023,3,10.0,exceptional,no review,no review
germany,comfort double room,group,3,2023,2,10.0,exceptional,no review,no review
luxembourg,comfort double room,couple,1,2022,11,9.0,superb,no review,no review
ukraine,comfort double room,family,1,2022,5,9.0,superb,no review,no review
belgium,comfort king room,group,4,2022,6,9.0,superb,no review,no review
chile,comfort double room,couple,1,2022,6,8.0,very good,no review,no review
germany,comfort family room plus,family,1,2022,4,10.0,exceptional,no review,no review
germany,comfort double room,couple,2,2022,3,9.0,superb,no review,no review
chile,comfort double room,family,1,2022,3,8.0,very good,no review,no review
switzerland,comfort double room,couple,2,2023,6,7.0,good,no review,no review
czech republic,comfort twin room,solo traveller,2,2022,9,7.0,good,no review,no review
portugal,comfort double room,couple,1,2022,8,6.0,pleasant,no review,no review
chile,comfort twin room,family,2,2022,7,6.0,pleasant,no review,no review
spain,comfort double room,family,1,2022,2,6.0,pleasant,no review,no review
