country,room_type,traveler_type,nr_nights,date,year,month,score,title_review_en,pos_review_en,neg_review_en
Germany,Single Room,Solo traveller,3,November 2024,2024,November,10.0,The best Hotel in this Area....,The best and clean Hotelnin this Area.,No review
Portugal,Double Room,Couple,1,November 2024,2024,November,6.0,"Good Breakfast location okay, bath tub not allowed to fill water:-(","Breakfast was good, hotel location is okay, the bath tub they don't let you fill in water and said the stopper is not available so its just a shower and not a bath tub","Breakfast was good, hotel location is okay, the bath tub they don't let you fill in water and said the stopper is not available so its just a shower and not a bath tub"
Ireland,Twin Room,Solo traveller,3,September 2024,2024,September,7.0,Hotel was an ideal base from which to enjoy and discover Porto and had a great City break.,The breakfast buffet was self-service and ideal. Good selection and great value. Staff very helpful and asssited with any queries and gave vakuable tips for travel and sightseeing. Very friendly atmosphere and genuine assistance provided.  The friendly reception made each day special.,No review
Israel,Single Room,Solo traveller,1,September 2024,2024,September,7.0,I would come back.,Staff was very friendly and welcoming.,Small cups for coffee in brekfast
Argentina,Twin Room,Group,4,August 2024,2024,August,6.0,Good for the price I paid,"The location was not bad, but it was not near the center as it said in the description, but the metro station was really close so that helped",That it didn't said in the description that it didn't have elevator
Spain,Twin Room,Solo traveller,3,August 2024,2024,August,7.0,Everything ok,"In general terms, all good. The staff was very friendly and helpful.","If I had to complain about something, it would only be the limited variety and options for breakfast, but given the price, one can't expect much more."
Portugal,Double Room,Couple,1,June 2024,2024,June,5.0,Passable,Front office guy was nice and did his best to make it a good stay. Overall it was an ok last minute stay but wouldn't stay again. Really nice water pressure though. Breakfast was ok.,"Arrived at night, first room they gave me had no balcony and it had a crib. Since I booked with balcony, talked with staff and they gave me a new room but it was freezing since AC was on at 16degC, had an extra bed in the room so not much space left. Had to ask to turn off the AC and the remotes stay at the reception so if I wanted to turn it on later I would have to have called them up again. AC needs a cleaning, shower curtains too."
Czech Republic,Double Room,Family,1,May 2024,2024,May,5.0,Passable,"Nice and helpful staff, good breakfast, the sheets smelled fresh and pleasant.","The place needs some renovations. The bathtub had tiles missing, the shower was leaking and squirting. Washed in towels."
Jordan,Single Room,Solo traveller,10,November 2023,2023,November,7.0,I would reserve for the 3rd time,The staff are very helpful and professional. Property is good. Comfortable,No Elevator
Brazil,Double Room,Couple,1,November 2023,2023,November,6.0,Pleasant,No review,Furnitures are not good
United Arab Emirates,Single Room,Solo traveller,3,September 2023,2023,September,5.0,Passable,Good location and decent facilities,No review
Portugal,Single Room,Solo traveller,1,September 2023,2023,September,7.0,"Clean safe but shower head was broken, right beside a hospital so there may be some noise",Clean room easy check in,The shower head was brokeb
Bosnia and Herzegovina,Double Room,Couple,3,September 2023,2023,September,5.0,With some renovation and care would be great - not recommended right now,"Staff was nice and friendly, close to metro station and had a simple but nice breakfast","Hotel needs reservation or better care, the room and bathroom are old and smell damp, it wasn't pleasnt. We couldn't use the AC, because they told us to call someone from staff to turn it on or off for us, which we thought was a hasle and didn't want to bother anyone. Even tho the location is good because it's close to the metro, it is also close to the hospital so if u are woken easily you won't like it, the sirens keep going on and it's very noisy. I wasn't bothered by it but my partner kept waking up.."
Latvia,Double Room,Family,1,June 2023,2023,June,7.0,Good,"I mean ,you get what you pay for ,so all was ok. Your stay will be heavily influenced by how loud or quite are other guests in the motel.  For us we where lucky to have a quite night.  The air condition unit works well ,though for some reason it is stuck on 17 degrees ,so eventually you will be freezing ,if you turn it on for the night.","The TV was broken,but we stayed only for one night ,so no big deal."
Spain,Single Room,Solo traveller,2,June 2023,2023,June,6.0,"Ok, but could be better...","It's not too far from the interesting bits, and the staff were helpful...","No decaf coffee, there are some,like myself who need to take certain meds, that don't allow me to have caffeine, so it meant my meager breakfast had to be washed down with water. If they only bought some decaf sachets, or a jar, it would do... Parking is on the street, a busy street with traffic, if you can find a space, you'll be freaking out about your car being tapped by a passing bus, or if your like me, an amputee, walking several blocks after the stress of looking for a space, it's not cool..."
Netherlands,Twin Room,Group,1,June 2023,2023,June,7.0,Good,The price and breakfast were good for the quality you expect. And the personal were very friendly.,"But, the door to the bathroom could not close. And a hotel worker went inside the room, while we did not check out yet."
Spain,Twin Room,Couple,2,May 2023,2023,May,6.0,Pleasant,"The problem with our was solved with a refund, no hesitation and understanding our concerns.","Noisy ventilation system in our room. That made us to look for another hotel, 11pm. But this was handled professionally by the employee present that moment."
Spain,Double Room,Family,4,April 2023,2023,April,7.0,Good,"The breakfast and the treatment of the staff was the best, also the cleaning.","The bathroom, more specificaly the washing hands leaks water when you close."
United Kingdom,Single Room,Solo traveller,1,March 2023,2023,March,7.0,Good,Staff were really nice and helpful.,No review
Portugal,Single Room,Solo traveller,1,November 2022,2022,November,5.0,Passable,To sleep,Rude reception staff
Poland,Double Room,Family,1,September 2022,2022,September,7.0,Good,Price,You can hear everything what ppl says in next room
Brazil,Double Room,Couple,13,September 2022,2022,September,6.0,Ok,"Location, Staff, cost benefit.",The food and thick walls.
United Kingdom,Single Room,Solo traveller,1,August 2022,2022,August,7.0,good location. value for money. friendly staff,No review,No review
Portugal,Double Room,Solo traveller,1,July 2022,2022,July,7.0,Good,Reasonable location not far from Metro. Good size room with AC Adequate breakfast Nice polite staff who spoke English.,Very basic. Tired room. Bed not very comfortable. TV reception awful. Tiles off wall in bathroom.
United Kingdom,Double Room,Couple,2,July 2022,2022,July,5.0,basic and well located,the location of the property was close to metro and bus stops,"the room was not very clean, there were hair strands around."
United Kingdom,Twin Room,Family,5,June 2022,2022,June,5.0,A fair hotel quite cheap so can't expect too much.,Good location and friendly staff.,The tv not clear and no good channels hardly any english speaking.
United Kingdom,Single Room,Solo traveller,5,May 2022,2022,May,5.0,Passable,The staff were very friendly and helpful.,The bed wasn't comfortable. The walls are too thin: I could hear everything in the hallway and in all adjoining rooms meaning I slept very badly most nights.
Portugal,Twin Room,Group,3,October 2024,2024,October,9.0,Superb,"Proximity of several facilities, shopping, hospital, bus and underground station.",No review
Israel,Single Room,Solo traveller,1,October 2024,2024,October,10.0,Would come again anytime. Great value for money,"Great people, great hotel",Coffee cups in breakfast are too small
Canada,Double Room,Solo traveller,2,September 2024,2024,September,9.0,Very relaxing,Convenient to local shopping and the airport,No review
Lithuania,Single Room,Solo traveller,6,June 2024,2024,June,8.0,Very good,"Location, size of room, bathroom, room service being a thing",Occasional power outages
Argentina,Double Room,Couple,1,May 2024,2024,May,8.0,Good breakfast,Room was clean. Breakfast is very good and complete. Personal is nice,"The building is old, as any in Portugal. I'm not complaining"
Canada,Single Room,Solo traveller,2,April 2024,2024,April,8.0,Porto roady,"Good value, easy access to public transit, decent breakie, pleasant checkin experience.",No review
Portugal,Double Room,Family,1,April 2024,2024,April,1.0,Bad,No staff and AC doesn't work,No review
Portugal,Single Room,Solo traveller,3,January 2024,2024,January,2.0,Only in emergency and if there's nothing else available.,No review,"Only two AC outlets on the room, mould stains on the walls, the AC is working fixed and remote could not be found. Not a single carpet on the room, even a small one, and the floor is ceramic...it's January. Walls are so thin that I can listen to the person on the room next door talking on the phone. Not to mention that the doorbell is listenable from the rooms, so you have to be in a very deep sleep if you want to avoid waking up late at night."
United Kingdom,Single Room,Solo traveller,3,November 2023,2023,November,1.0,Night shift recepcionist on the 19th of November 23 should be sacked.,Location,For the second time the reception people locks the doors during the night and they off to sleep. I needed to set of to airport and the door was locked and the receponist nowhere to be seen.... was shouting and ringing the bell for 20 mins to the point of trying to break the door open....after been shouting really loud this individual comes and the arrogant not even apologised instead telling i shoud have ring the bell.
Netherlands,Twin Room,Family,10,August 2023,2023,August,8.0,Very good,"Delicious breakfast included in the price. Always fresh bread.  The service at the reception was very nice, although apart from the young lady working in the afternoon, no one else knew English, but we were still able to communicate. They should give her a raise. Great working air conditioning.",The condition of the room I stayed in. Renovations need to be done.
Portugal,Double Room,Couple,3,August 2023,2023,August,4.0,Disappointing,Nothing,There was no air conditioning remote in the room  No housekeeping.  No good breakfast provided
United Kingdom,Twin Room,Group,10,July 2023,2023,July,1.0,Terrible wouldn't recommend,Nothing,Everything about the hotel
Ireland,Double Room,Family,3,August 2023,2023,August,1.0,Avoid !,Close to the metro,"After the first night we discovered bed bugs on our bed !!!! moved to a different room, but the new room was so noisy that I could hear everything, noise from other guests, people walking up and down the stairs , buzzing the front door bell. I could not sleep and left at 2am on our 3rd night. It was cheap, and I would not mind the room being scabby and run down but the combination of bed bugs , noise and scabby room was horrific!"
Australia,Double Room,Couple,1,July 2023,2023,July,4.0,Crap,Nothing,"Tree rubble pillows, staff were not helpful they didn't reply to my messages. Air conditioning wasn't working. Black mould on surfaces in bathroom.  Booked a balcony room snd didn't get a balcony."
Kosovo,Single Room,Solo traveller,6,July 2023,2023,July,2.0,"Was a black boy, who was very unpolite. I wait 20 min until he found my key for my room. He was very very unpolite. They",Location,Evrything old.
Germany,Twin Room,Solo traveller,4,June 2023,2023,June,9.0,Superb,"Very friendly staff, close to metro station and to feup campus.",No review
Portugal,Single Room,Solo traveller,2,June 2023,2023,June,9.0,Excellent staff. Good breakfast. Mold in the rooms,What I liked the most was the staff and the breakfast was decently good.,"The mold in my room / bathroom. If you are going to raise the price because of a music festival happening in the city, could you at least clean the toxic mold for that weekend?"
Bosnia and Herzegovina,Double Room,Couple,5,June 2023,2023,June,10.0,Exceptional,"Lobby, balcony",No review
Portugal,Single Room,Solo traveller,1,June 2023,2023,June,3.0,no repeat,No review,the noise from a machine and the room floor was hot in some areas
Germany,Single Room,Solo traveller,3,May 2023,2023,May,8.0,Very good,"For a 2 star hotel, it's actually quite good.",2nd floor rooms are generally better than the 1st floor.
United Kingdom,Twin Room,Family,3,May 2023,2023,May,3.0,Poor,The room was very old and dusty. Also we had bugs found everywhere. Very old building for the price charged per night. Breakfast didn't had so much choice and milk was cold.,No review
United Kingdom,Double Room,Family,2,May 2023,2023,May,4.0,customer service was good but I wouldn't stay here again as they said this hotel is near the city centre but it's no whe,Nothing,the room and bathroom was small. they lied about the room. they said the room would have a private balcony with a smart TV. the room didn't have a smart tv but instead there was an old outdated TV with no balcony.
Slovakia,Twin Room,Group,5,April 2023,2023,April,2.0,"Cheap hotel, near to hospital, in noisy environment with uncomfortable beds.","They try do the best, for that price, but its not working Breakfast was not so bad - but you should have been late... Receptionist was kind - but she couldn't speak english","I did not expect so much for that price, but it was worse. I expected that beds will be not so comfortable, and it was not, I expected that breakfast will be not so good - its wasn't so bad actually, but I expected that basic service what hotel should provide will be observed - it supposed to be place for resting. The walls were so thin I could hear literally everything, I could hear every ring of receptionist phone (and i was located at second floor), on the rooftop there is some kind of fan - you always can hear it, when you open room window there is another roof under you and there is another several fan - you feel like you are at some factory not at the hotel. I would never recommend this place to anyone - even not to my enemy..."
United Kingdom,Single Room,Solo traveller,1,April 2023,2023,April,1.0,Noisy.,The staff were nice.,The fans on the roof outside the windows were so loud that I didn't get any sleep. The walls are paper thin and I don't think it's been decorated for at least 10 years.
Croatia,Twin Room,Group,3,April 2023,2023,April,3.0,Poor,We liked the breakfast.,"Had to return a pillow cause it was full of hair. One of the beds was covered in hair, towels in hair, hair everywhere. Only one bed has a socket next to it."
Portugal,Single Room,Solo traveller,3,March 2023,2023,March,4.0,Bad experience this time,Location is ok.,"Second night reception door closed, phoned few times no answer, rang the door bell no answer knocked at the door and eventually after 20 minutos standing outside in the cold the receponist were clearly still sleeping when come to open the door. 3 days and no towels were changed even when asked. Couldnt sleep propelly in the morning to extreme noise from the cleaners. And the bath tub does not drain the water propelly, while having a shower... even the bath tub curtain was so big that would get under your feet making the whole experience of having a shower a not confortable thing. Clearly the owner of that hotel is not doing his best to keep the hotel a good experience and to keep the guests."
Portugal,Double Room,Couple,2,March 2023,2023,March,2.0,Noisy,Plenty of hot water and the room was clean. Location is ok and parking was easy.,"The constant loud noise (it sounded like there was an engine room above the room) which meant that we slept very badly , leaving more tired then when we arrived. So anything positive about the hotel is wiped out by this situation."
Poland,Double Room,Family,3,January 2023,2023,January,1.0,Horrible.,No review,It stinks. Loud all night. Cold. Sheets with plastic foil underneath. Only one electrical outlet. We escaped as soon as possible.
Finland,Single Room,Group,4,November 2022,2022,November,3.0,Poor,Free WiFi was really fast. Customer service was nice. Air conditioner was nice to have.,Customer service did not always understand basic English. The rooms were in bad condition.
Ireland,Single Room,Solo traveller,1,November 2022,2022,November,10.0,Exceptional,Plenty hot water. Helpful friendly staff,No review
Portugal,Single Room,Solo traveller,1,September 2022,2022,September,2.0,Very poor,noisy and disheveled,No review
United Kingdom,Single Room,Solo traveller,2,August 2022,2022,August,9.0,"Nicely fitted room, good breakfast, quiet area but not central.","Very nice building and well-appointed rooms, good breakfast in pleasant bright room. Mostly helpful staff. Quiet location with a couple of restaurants nearby.",It's quite far from the centre but that's why it's quiet so no complaint. The only real problem I had was on the second day I realised that the walls must be quite thin because I could clearly hear phone conversations in the next room. Everyone talks louder on the phone but this person was not shouting and went on talking for a long time.
Ireland,Single Room,Solo traveller,4,August 2022,2022,August,8.0,Very good,I liked staff and breakfast,There was not ice water and I was so warm in my stay.
Australia,Single Room,Solo traveller,1,August 2022,2022,August,8.0,Not bad,The staff and the bath,Not enough fruit or any yogurt. Noise at night ?
Denmark,Twin Room,Couple,6,July 2022,2022,July,9.0,A comfortable stay,"I loved super friendly staff (Ingrid, Elvis, and others) who kindly shared tips on what to see and do in Porto. Overall, the atmosphere is cosy and relaxed. The breakfast is really budget-friendly and tastes good. The room was simple, clean, and with AC. The hotel is close to the metro station, which helps to commute around the city easily. Also, there are supermarkets and laundry nearby. Would recommend this place for people wanting to stay away from overcrowded touristy locations.",No review
United Kingdom,Double Room,Couple,3,July 2022,2022,July,9.0,"Great room with good connection to the city, WiFi and friendly staff","It was a very functional room with friendly staff a d convenient parking. The bed was comfortable, good wifi",The pillows were uncomfortable
Germany,Single Room,Solo traveller,4,June 2022,2022,June,8.0,it was nice,the guys working there are very sympathetic,"there is no lift, but the building has only 2 floors"
Canada,Single Room,Couple,2,June 2022,2022,June,9.0,A Gem in Porto,"Good breakfast, cozy room, good AC, nice balcony","Looks a bit far, last stop on Yellow Metro. But reach Ribeira in 10 minutes or so. Hotels there are too expensive for no extra value."
United Kingdom,Double Room,Couple,1,May 2022,2022,May,9.0,"good value for money for my purpose, I used it as a base for my visit and that was fine.",The helpfulness of the staff. Marsiue/ Mathew? Is excellent with perfect English. He helped us with a number of things.,All was much as expected. Although I am fairly certain the airport is further away than I was expecting.
Romania,Single Room,Solo traveller,1,May 2022,2022,May,10.0,great hotel,"very clean place, good breakfast and very friendly and helpful staff",No review
Spain,Twin Room,Family,1,April 2022,2022,April,3.0,Poor,No review,It was very cold in the room
Portugal,Double Room,Couple,1,April 2022,2022,April,10.0,Exceptional,"The staff was brilliant, price quality is excelent",It's good for what you're paying
Estonia,Double Room,Couple,3,April 2022,2022,April,2.0,Very poor,The staff was quite friendly.,"Could hear everything from outside and the corridor and it seemed like a washing machine was constantly working even at night. Looked way better on pictures, actually seemed very old, dull and more like a hostel. Breakfast was almost non-existent, only some bacon, sausages, bread and coffee. One morning we noticed that the vacuum cleaner was put on the counter right next to plates and cutlery. There were stains on the bed and the room seemed dirty, for instance windows were not cleaned. Even the towels had rust stains on them. This ""hotel"" should get a major renovation."
Portugal,Double Room,Solo traveller,6,February 2023,2023,February,7.0,Good,it had everything I needed,nothing
Spain,Twin Room,Couple,2,March 2023,2023,March,1.0,horrible stay,nothing,"horrible breakfast, horrible employees and horrible room"
Brazil,Double Room,Couple,1,February 2025,2025,February,7.0,Bom,Service,"Very simple room, needs a renovation"
United Kingdom,Single Room,Solo traveller,10,January 2025,2025,January,7.0,Good,No review,The TV does not have the Portuguese general channels tuned. RTP. Sic. TVI. Etc.
Portugal,Twin Room,Group,2,January 2025,2025,January,5.0,For the price could be better,Great location,"The bed, the blanket, the balcony"
Portugal,Twin Room,Family,1,December 2024,2024,December,6.0,Pleasant,No review,The air conditioner and television did not work.
Italy,Double Room,Family,2,December 2024,2024,December,6.0,Pleasant,-Position  -very kind and helpful fee,"-insufficient level  -Arredi and a little dated furnishings -Presens that the hotel correctly indicated that check-in was from 2 pm onwards, arrived at the hotel around 11 we asked if the room was already available; We have been said yes but also that the entrance before the time would cost us 20 EUR; We refused but they were kind and made us leave the luggage that then brought us to the room ... it is not for the money, but this request does not seem to us a correct thing ... if the room had been occupied any problem, we would also have expected beyond the time if it had been necessary, but since it was free to allow us to enter before it would have provided us with a better service and made to rest a little since we came from a long journey ... at the hotel they would not have cost anyway ... of an excellent reputation ..."
Portugal,Twin Room,Group,2,November 2024,2024,November,5.0,It was reasonable.,Breakfast was excellent. It had a lot of variety.  That's what I liked the most. It had an excellent location.,The mattresses were extremely uncomfortable. They were terrible. I want to believe that not all rooms will be like this. There was a lot of moisture on the walls.
Portugal,Single Room,Solo traveller,2,November 2024,2024,November,6.0,"Given the price, it was good. Mattress and pillows need to be changed",Breakfast,Mattress and pillows
Portugal,Double Room,Family,2,November 2024,2024,November,5.0,Passable,Suitable breakfast.,Lack of maintenance of the room. Moisture on the ceiling. Almost no television channels worked.
Argentina,Twin Room,Couple,1,October 2024,2024,October,5.0,Passable,A full breakfast.,No three -story staircase information and bathroom with broken devices (shower and toilet)
France,Double Room,Family,1,October 2024,2024,October,5.0,DECEIVES,Nothing,No bed for my 2 year old baby .....
Portugal,Single Room,Solo traveller,1,October 2024,2024,October,7.0,Good,"Practical, 24h receptionist, breakfast",Very old and lacking maintenance
France,Twin Room,Family,4,October 2024,2024,October,6.0,Pleasant,Pleasant and dedicated staff. Cleanliness. Excellent breakfast.,Lack of elevator.  Need a lot of maintenance and renovation.
Luxembourg,Single Room,Solo traveller,1,October 2024,2024,October,6.0,Pleasant,The price,Cleanliness was not great and needs to be renovated
Turkey,Twin Room,Solo traveller,2,September 2024,2024,September,5.0,iron,The location was good. The price is affordable according to its location. Safe and staff well -intentioned. this is everything.,"No details such as room service, food, drink. Breakfast is not enough. The bathroom is not useful."
Brazil,Double Room,Couple,2,September 2024,2024,September,7.0,Good,Very good breakfast,No review
Spain,Double Room,Couple,1,September 2024,2024,September,7.0,Good,"Good benefit price relationship, to spend one night.",No review
Brazil,Single Room,Solo traveller,5,September 2024,2024,September,7.0,Good. But the bathroom left something to be desired,No review,The bedroom bathroom. In the shower box there was curtain that leaked water in the bathroom and bedroom.
Portugal,Double Room,Couple,1,September 2024,2024,September,5.0,Served the purpose,Price,Certain things were very old
Brazil,Twin Room,Couple,3,September 2024,2024,September,6.0,"I like the hotel, but it needs maintenance.",Agility for room exchange,"Bathroom doors do not close, entrance door with rocking doorknob, bathroom with discharge leaking.... Finally needs maintenance..."
Portugal,Twin Room,Family,2,September 2024,2024,September,7.0,Good breakfast,The breakfast is great. It has a variety of breads and with port -fashioned croissains. There are other food options.,The facilities are old and worn out.
Portugal,Double Room,Couple,1,August 2024,2024,August,7.0,Good,I liked the service,Just one criticism: the towels only arrived at 15:30 hours.
Portugal,Double Room,Family,2,August 2024,2024,August,7.0,Good,"Going out for a walk, without worrying about the time of return, because just play the doorbell, and an employee comes to open the door. The breakfast! Good appearance, fresh and very varied.",No review
Spain,Double Room,Couple,4,August 2024,2024,August,6.0,Pleasant,Very nice staff and suitable breakfast at the price.,"The facilities are very old. The towels were stained (all that they took us), some were even clippings of a larger towel and were parades (I attach photos)."
Spain,Twin Room,Family,2,August 2024,2024,August,7.0,Good,Customer service !! Without a doubt.,No review
Brazil,Double Room,Couple,4,August 2024,2024,August,5.0,Passable,Good location! About 10min of Uber from the center of Porto.  Uber even the sights gave around 5 euros. Strong shower.  Simple but acceptable coffee. Well -educated and receptive employees.,"Very bad cleaning, we find many hair in the bathroom. Mold walls and paint peeling from the bathroom.  Poor quality pillows, old covers and a minibar lacked."
Spain,Double Room,Couple,5,August 2024,2024,August,7.0,Good,Perfect location to go with a car. The subway next to the center and can be parked well. The comfortable bed.,Slightly old furniture.
Italy,Single Room,Solo traveller,4,July 2024,2024,July,6.0,Pleasant,The very friendly staff,The room stinking with smoke and it was difficult to adjust the water to the bathroom at a bearable temperature.
Portugal,Double Room,Group,1,August 2024,2024,August,7.0,Good,All,Everything was good
Portugal,Double Room,Family,1,July 2024,2024,July,6.0,Pleasant,The staff very well received at the premises and cleaning breakfast for the hotel it is.,"Hotel without elevator, very old installations, low maintenance bathroom and old with some damaged things."
Portugal,Single Room,Solo traveller,2,June 2024,2024,June,7.0,Good,Employee availability.,The wear of sanitary facilities.
Spain,Twin Room,Group,2,July 2024,2024,July,6.0,"Recommended for the price, it looked better in the photos","It is close to the subway, the reception girls are very pleasant",The two days I spent was the light for hours
Spain,Single Room,Family,3,July 2024,2024,July,6.0,Pleasant,Breakfast,The facilities are a bit careless and a bit dirty.
Portugal,Double Room,Couple,6,July 2024,2024,July,7.0,Good,FUNCTIONARIES WERE REASONABLE AND ATTENDIOUS,Bathroom
East Timor,Double Room,Family,1,July 2024,2024,July,5.0,The price is excellent,"Cheap price,",We heard a lot of noise from cars
Portugal,Double Room,Family,1,June 2024,2024,June,5.0,Passable,Acceptable only to rest a few hours,"Air conditioning to work very badly, When arriving at the room, there was no air conditioning command, we had to ask at the reception, after turning on and starting to work, water began to fall inside the room. Lack of towels in the bathroom."
Portugal,Twin Room,Couple,1,June 2024,2024,June,6.0,Answered basicly,"Too simple but clean, I suggest some more modern decoration.","I didn't like it, quite basic."
Portugal,Twin Room,Couple,3,May 2024,2024,May,5.0,Travel for boat trip on the Douro River.,"Good and very variety of breakfast, hotel close to Metro and other public transport.","The whole hotel needs a great renewal, dirty and degraded porch."
Portugal,Twin Room,Couple,1,June 2024,2024,June,5.0,Passable,Sympathy,Comfort
Portugal,Twin Room,Group,1,June 2024,2024,June,6.0,There was no hot water. There was silence and slept well,Breakfast according to the hotel level.,Not having hot water in the morning and the TV did not have the main Portuguese channels. It was asked for help but the employee did not realize anything from the command. He advised to search the menu but started on channel 11 and none was straightforward.
Portugal,Twin Room,Family,1,June 2024,2024,June,5.0,Passable,Friendly employees. You can park nearby,"The room did not correspond to the photograph shown in the ad, it was below our expectations. The blinds did not close well and the air conditioner had no command so I couldn't use"
Portugal,Double Room,Group,1,May 2024,2024,May,5.0,Passable,The location,The mattress of the bed
Portugal,Single Room,Solo traveller,1,May 2024,2024,May,6.0,Enough,Very attentive and friendly staff. Regarding the room is very simple but clean.,Noise if it is easily heard
France,Double Room,Couple,2,May 2024,2024,May,6.0,Pleasant,No review,We did not manage to sleep because of the noise of ventilation.
Portugal,Double Room,Group,3,June 2024,2024,June,5.0,Passable,The room was very spacious and the bathroom too. Very comfortable bed and there was plenty of storage space.,"The air conditioner did not work and the days we spent there were very hot. They gave us a fan, but this one was also broken and we had to always be supporting something so it wouldn't fall. There was no elevator, so after a day of many walks, or if you needed to go up with your bags it would be complicated."
Portugal,Double Room,Couple,2,June 2024,2024,June,6.0,Pleasant,The location,No review
Portugal,Double Room,Couple,3,June 2024,2024,June,5.0,"Acceptable, but not to return",No review,"A lot of noise coming from the room, even looked like machines to work"
Brazil,Single Room,Solo traveller,3,May 2024,2024,May,7.0,Good cost benefit.,Excellent cost benefit with good breakfast and next to St. John's Hospital Station from where you will easily to the center ..... this line is the same that crosses the famous bridge d Luis,Ancient building and furniture that deserves a good renovation but just for overnight I think it's worth the cost benefit
Colombia,Twin Room,Group,2,May 2024,2024,May,7.0,Recommended Portinari stay,"It is comfortable, has everything necessary and lent us blankets and heater since it was a bit cold, breakfast was on time and met the needs according to the price",Little shower water came out during the day and it was a bit dark
France,Single Room,Solo traveller,4,May 2024,2024,May,5.0,Passable,"Pleasant staff. Good breakfast, good value for money","very poor quality Wi-Fi, only operated only in reception Very noisy: hotel in the university district and students partying in the bar just below until 3 a.m. Frequent electricity break: one morning to shower early (6 am), I had to open the door of the corridor and the bathroom to have a net of light taking my shower. For a single woman, not cool! Far from the center, need to take a transport for each outing"
Portugal,Double Room,Family,1,May 2024,2024,May,6.0,Unexpected reality!,"From breakfast, friendliness of the receptionist!","WC not equipped with soap, or soap!"
Italy,Double Room,Couple,7,April 2024,2024,April,6.0,Pleasant,No review,Noisy conditioning unit and Ki too close to the window.
Portugal,Twin Room,Family,1,May 2024,2024,May,7.0,Good,"It is well located, with the metro station at 5 minutes and with many places to make a meal.",A little noisy because it is near the hospital. The bathroom needs to be improved.
Portugal,Twin Room,Solo traveller,1,May 2024,2024,May,5.0,Passable,Breakfast,The lack of professionalism/sympathy of an employee.  The facilities ... a little old. Not have parking.
Portugal,Single Room,Solo traveller,1,April 2024,2024,April,5.0,Passable,The kindness of the staff,"The clime does not have an individual remote control which forces us to call the reception to request its activation as well as any need for ""change"" temperature. It was really very hot in the room when I arrived"
Italy,Single Room,Solo traveller,2,April 2024,2024,April,7.0,Good,The room was clean. The kind staff. I recommend it only for the price,"The breakfast was very Spartan, with very little choice. The room had everything but it was old. The shutter did not work."
Portugal,Single Room,Solo traveller,1,April 2024,2024,April,7.0,Good,"Great location, next to the Sao Joao Hospital and the means of transport. Good quality/price ratio.",No review
Portugal,Single Room,Solo traveller,2,April 2024,2024,April,5.0,"Very friendly employees, but very old facilities.",Location,"The facilities are very old, needing remodeling. The poor quality mattress. The sewage of the room was damaged."
Portugal,Double Room,Family,2,March 2024,2024,March,7.0,Good,Location,"There was no hygienic paper, I had to ask for the reception and the air conditioner would not work with the command, I had to go to the reception as well."
Portugal,Double Room,Couple,3,March 2024,2024,March,7.0,Good,"The bedroom is comfortable, cleaning and very pleasant breakfast",No review
Portugal,Twin Room,Couple,1,March 2024,2024,March,5.0,Need reforms in the building and electrical installations,Location,Light lacked all the time at the hotel
Portugal,Double Room,Couple,2,March 2024,2024,March,7.0,Good,"Attentive staff, breakfast is also good, good cleaning.",It is a little outdated.
Spain,Single Room,Solo traveller,1,March 2024,2024,March,7.0,Good,The staff was very friendly,Uncomfortable bed I had to close the blind to down since you could enter the terraces to any room. Very old hotel
Brazil,Double Room,Couple,1,February 2024,2024,February,6.0,Acceptable,"I liked it was very close to the hospital Sao Joao, because I went there for that reason. I liked the affordable price, the breakfast was good.","The bed was not comfortable, pillow looked like a paper, the air conditioner in the room where we stayed did not work,"
Portugal,Double Room,Couple,1,March 2024,2024,March,7.0,Good,"Bed, cleaning.",Bad pillow. I woke up with neck pain. No control to turn on air conditioning.
Portugal,Double Room,Couple,1,February 2024,2024,February,7.0,Good,Service. Very friendly employees. And pleasant room,Could have television in the room
Brazil,Double Room,Couple,7,February 2024,2024,February,6.0,Very good,The location and parking always available free.,"The door was damaged, the shower was damaged (glued with the wall) causing the water to run down the wall/floor."
Spain,Double Room,Family,1,January 2024,2024,January,6.0,Pleasant,Excellent breakfast and staff. The room quite old and poor. You need a tuning.,The room and bathroom appearance
Portugal,Single Room,Solo traveller,1,February 2024,2024,February,6.0,Pleasant,"The location is very good, all transports are close. There are many cafes and restaurants, supermarkets around. The team is friendly and polite. . Breakfast is good, fresh bread and croissants, muffins, butter, jam, nutella, ham, cheese, coffee and tea.","The room is quite spacious, but the furniture and plumbing are so outdated that they were seen in pre-revolutionary times. The taps are all leaking and the bathroom drain needs to be cleaned; The water flows very badly."
Portugal,Twin Room,Family,2,January 2024,2024,January,7.0,Good,No review,The room in my view needs a remodeling.
Italy,Double Room,Family,8,January 2024,2024,January,7.0,Too essential. Services to be enhanced for a better stay.,The structure is close to the metro that connects in a functional way with the center and the staff was really kind to try to satisfy my requests. Breakfast both sweet and savory was very tasty. Next to the structure I tried a restaurant that offers excellent meat I recommend.,There are no fundamental services and others were very limited ... these points should be reviewed:  - There is an air conditioner in the room but not the radiators (which is inconceivable for me for a modern hotel structure in the middle of winter) - cleaning the room made only on request - The lack of hairline for the hair in the room - old and/or broken wooden furniture (it would be enough to call a carpenter or go to Ikea to take new ones at low costs) - the lack of lift to go up to the plans and nobody who helps you to bring your luggage All this should be improved to allow guests to live the stay with less stress.  I would come back but to stay there only a couple of days in the summer season because overall the price was decidedly advantageous. For the other periods of the year it is necessary that the structure will update as soon as possible to cope with the deficiencies found.
Portugal,Double Room,Family,2,December 2023,2023,December,6.0,Pleasant,Location  Breakfast,Remote control of the air conditioner is at the reception Electricity Taking out of the wall WC Door doesn't close Very old and dust blankets
Portugal,Double Room,Couple,1,December 2023,2023,December,7.0,Good,"Good breakfast, very comfortable room.","The television did not work, and the toilets of the toilet and loose."
Portugal,Single Room,Solo traveller,1,December 2023,2023,December,5.0,Passable,The excellent service by Patrick,WC Cleaning
Brazil,Double Room,Family,4,October 2023,2023,October,5.0,Passable,No review,"Hotel without an elevator, with 8 -month -old baby and bags was horrible the access to the bedroom (several bids of stairs to climb - there is no room on the ground floor). The control of the heater/ air conditioning does not leave in the room, the control has to stay at the reception, even asking to leave in the room, they say it is the standard of the establishment, that is, if in the middle of the night you feel cold or heat you have to go down the stairs call the person from the reception, which is totally inconveniently is at the bedroom door with the control in hand adjusting the temperature. Horrible procedure. The guest has to be comfortable in the room, turn on / off / control the temperature as it suits it."
Spain,Single Room,Solo traveller,2,November 2023,2023,November,6.0,Pleasant,Breakfast,"It was very cold in the room, there was no toilet paper, the terrace was full of butts and ash, and water from the water"
Brazil,Double Room,Solo traveller,5,November 2023,2023,November,7.0,"Very good for the price, but it is not so comfortable, and the cleaning of the rooms could be better","Very attentive reception, educated employees. Good breakfast, 24h service, well located for me (near Metro, bus) and near the University of Porto!","The floor of the bedrooms seemed a little greasy, a little old bed. Room smelling ""closed"" (for allergic I do not recommend much ...)"
Portugal,Double Room,Couple,1,November 2023,2023,November,5.0,Ok,Room Organization.,Hard -to -relationship employees.
Spain,Double Room,Family,3,November 2023,2023,November,5.0,Good location and simple for its price,Location and price.,The facilities are old and precarious.
Portugal,Single Room,Solo traveller,4,October 2023,2023,October,5.0,Renovation to be expected from the room.,"The hostesses are always very pleasant and dedicated. The room with balcony. Breakfast. Air conditioning, television, small desk, cabinet in the room. Proximity to a bus and metro station at around 10 minutes on foot which allows access to the heart of the city of Porto without moving its vehicle. Good restaurant 30 meters from the hotel and various small fast restorations to help out in the street.","The room needs a renovation because some paintings or plasters are closed and the bathroom is aging. The acoustics are far from perfect because we hear customers adjoining the room.  It is indicated on Booking that there is a parking lot, there is no private parking or public. (To be removed from advertising). You have to find a place in the street. During the day it's rather difficult but in the evening it's surprising, there are always places. The price paid: it was 1, EUR 80 to my previous night in a upper hotel with parking, elevator and quality services but outside Porto. So everything relates only to the renovation to be resumed quickly."
Portugal,Twin Room,Family,1,November 2023,2023,November,6.0,Pleasant,Near the hospital that was the most interested Clean,"It has no elevator and part of the stairs are in snail, making it difficult to access people with reduced mobility It is very old, noting in the doors, walls, dishes of the bathroom ...  The blanket that has in the closet is very old, nor do I want to take it"
Portugal,Twin Room,Family,1,October 2023,2023,October,5.0,Breakfast is top!,Breakfast is very good!,"The room needs a good remodeling, painting, air conditioning did not work, very small bathroom and needing works, very noisy self -cellet, bed with hair in the sheets... clean but widely used bath towels. 2 beds in the room and only a blanket in the closet."
Morocco,Double Room,Family,5,October 2023,2023,October,5.0,Passable,Staff+location,Humidity
Portugal,Single Room,Solo traveller,1,October 2023,2023,October,6.0,Pleasant,No review,"Much noise, minimal cleaning"
Spain,Double Room,Group,4,October 2023,2023,October,7.0,Normal,Breakfast was very good,"I had no more service, you couldn't take anything or snack"
France,Double Room,Couple,4,October 2023,2023,October,6.0,Good for a short stay,Remarkably competent staff with a very great kindness,"Vetutst, but functional bathroom, room side street  Noisy"
Spain,Double Room,Couple,4,October 2023,2023,October,6.0,Vacation trip,"Good breakfast, buffet",The very old bathrooms with a lot of moisture and mold
Spain,Double Room,Family,1,October 2023,2023,October,7.0,Pleasant,Breakfast very well,It has moisture but for the price it is fine
Italy,Twin Room,Couple,10,October 2023,2023,October,5.0,Be satisfied,Breakfast,The absence of an elevator
France,Single Room,Family,1,October 2023,2023,October,5.0,Dilapidated hotel and far from everything,Available parking space,No review
Denmark,Twin Room,Solo traveller,3,September 2023,2023,September,6.0,Cheap two star hotel close to the metro.,Location 5 minutes from Metro to Center of Porto The staff was friendly and welcoming.,"In the 1st room, the shutters broke down when I tried to change them. Got another room where the shower didn't work. It was changed during the day. TV didn't work. Only one staircase to upper floors (fire risk) The cleaning forgot to put towels. Room facing the street with heavy traffic during the day."
Austria,Double Room,Family,2,September 2023,2023,September,5.0,Next year we returned to Portinari.,I mainly liked the breakfast. There was hygiene in the bedrooms and dining room.,The mattress was still spring. I had no elevator.
Spain,Double Room,Couple,2,August 2023,2023,August,7.0,Of vice,Be next to the mouth of the subway  or,The bed
United Kingdom,Twin Room,Family,1,August 2023,2023,August,7.0,Pleasant stay.,The receptionists were very friendly.,Breakfast didn't have many options. There was not even enough dishes.
Brazil,Twin Room,Couple,3,September 2023,2023,September,6.0,It wasn't good because I spent a lot of hot!,Location and Service,"Rooms have no air conditioning controls and I ended up giving up using since each time I turned on, changing the temperature or turning off I would have to call someone from the concierge, which was not viable. I offered a security to get control in the room and was not allowed. I spent three days of heat and the nights were very difficult."
Spain,Double Room,Family,1,September 2023,2023,September,5.0,Passable,Wide room,"All old and poorly maintained. Old taps, half broken handles paint in poor condition. Etc."
Angola,Double Room,Family,1,September 2023,2023,September,6.0,Pleasant,Of the breakfast and the sympathy of the employee.,Bathrooms need to update and more detailed cleaning. The Check In employee was not very attentive
Spain,Double Room,Couple,2,September 2023,2023,September,5.0,Passable,It was close to the subway and the area where I was good to park and it was quiet. Buy access to restaurants and supermarkets. Very friendly staff.,The regular facilities !! And also regular cleaning. The shower did not swallow and the TV did not work
France,Double Room,Couple,1,September 2023,2023,September,7.0,Suitable value for money,Good breakfast. Pleasant staff. Comfortable bedding.,Outside the hotel to renovate. Unattractive external environment.
Portugal,Double Room,Couple,1,August 2023,2023,August,5.0,Passable,No review,"I booked a bedroom with a porch, we had no balcony, when we arrived at the room there was only bath towel for one and I booked room for two. We went to ask for another bath towel and said they didn't. Then one of us had to clean up to the face towels. There were mold marks on the walls and ceiling and walls peeling and in very bad condition. All night was heard a noise of machinery to work that didn't let me rest. Anyway...."
Portugal,Double Room,Family,1,August 2023,2023,August,5.0,Passable,No review,"Lack of towels, you need some arrangements, such as the doors to close badly."
Spain,Double Room,Couple,4,August 2023,2023,August,7.0,Good,No review,It has no elevator
France,Double Room,Family,2,August 2023,2023,August,6.0,Pleasant,Proximity to the metro quiet area even if not necessarily very nice welcome and breakfast included very well a small grocery store just next to the free parking space by everything,Not super well soundproofed clean but dilapidated bathroom ...
Spain,Double Room,Family,1,August 2023,2023,August,7.0,Good,Room had tarasa,Cleaning
Portugal,Double Room,Couple,2,August 2023,2023,August,7.0,Enough for two nights of sleep.,Good breakfast.  Near and free parking.,The mattress and the end -of -life bed should be replaced.
Angola,Twin Room,Solo traveller,1,July 2023,2023,July,5.0,"Brief, and short","From the service of the Yasmim receptionist, very sweet and calm.",WiFi didn't arrive in my room.
France,Double Room,Couple,1,August 2023,2023,August,7.0,Very good value for money. A good performance.,"The reception, the friendliness of the staff, the speed of the answers, the price, the air conditioning for this price, the proximity of amenities and the means of transport ...",Really in detail: the shower curtain was too long
Spain,Double Room,Family,2,August 2023,2023,August,7.0,Good,Good quality/price ratio,"Slightly old facilities. The towels were frayed. Breakfast was served from 7.30 to 10.30, and at 9 you had almost nothing"
Germany,Single Room,Family,1,July 2023,2023,July,6.0,"Porto is worth a trip, the location of the hotel is good.","The location of the hotel is very central, very good transport connections. The rooms were okay.","The breakfast should have had more choice of cheese and sausage, the price was too high. The hotel is very simple."
Portugal,Double Room,Couple,1,July 2023,2023,July,5.0,Acceptable hotel just advise more care with insects!,Everything except one thing!,Small cushion cockroaches
Brazil,Twin Room,Family,1,August 2023,2023,August,7.0,Good,No review,Very weak breakfast.
Romania,Single Room,Group,5,July 2023,2023,July,5.0,I will not return to this location.,The approximation of means of transport and the place of the conference,"Misery, vision on the balcony. Modest breakfast."
France,Double Room,Couple,2,July 2023,2023,July,7.0,I like this family pension but a big need for general maintenance. It should be noted that there is no parking on,Family; Not far from the city center; Good breakfast,No parking !!!! Disfit shower (bedroom 201) Flee air conditioning ...
France,Double Room,Couple,2,June 2023,2023,June,5.0,Passable,Location close to the metro station. Pleasant welcome. Room with minimalist comfort but sufficient for a short stay.  Access with reception 24/24.,"No air conditioning remote control, heat during the difficult stay in the room."
Spain,Twin Room,Group,3,July 2023,2023,July,5.0,Lamentable,No review,"We did not expect much for the price that cost us, but we definitely expected so little. The rooms could have taken them out of a 1830 horror movie, everything was old, the blankets seemed made with straw remains, the pillows seemed stuffed with newspaper, the bathroom had the oxidized handlebars, the chain made a noise that seemed to take off, the door lacked the lock. To top it off, the last day the light went at the hotel, so we were without loading the mobiles, the phone did not work, breakfast looked like a shelter ... It is a place that needs great advances"
Spain,Double Room,Couple,1,July 2023,2023,July,5.0,Quite regular,Price and cleaning,Scarce breakfast and a lot of noise
Portugal,Single Room,Solo traveller,5,July 2023,2023,July,7.0,Good,Location,No review
Spain,Double Room,Couple,3,July 2023,2023,July,7.0,Rare and old,The service,There is no elevator
Spain,Twin Room,Couple,2,July 2023,2023,July,7.0,Good to sleep one night,"Friendly, comfortable, good breakfast, easy to stop",The bath could be improved
France,Twin Room,Couple,4,June 2023,2023,June,6.0,Very good stay in Porto. Room with pleasant air conditioning but poor bathroom.,The location,The bathroom in very poor condition
Portugal,Twin Room,Family,2,June 2023,2023,June,7.0,Good,No review,A lot of noise. And moisture in the room.
Spain,Double Room,Couple,4,June 2023,2023,June,5.0,Fair but you can't ask for more,"Quality-price is fine. For the price .. we look for a place to sleep and shower, correct. But it can improve a lot. All very just.","The facilities are quite fair. Oxidized sink and with humidity, dirty garbage (top cover), the blind does not fall because literal falls all the mechanical part above .."
Brazil,Twin Room,Group,1,June 2023,2023,June,7.0,It would not come back.,Hot shower water.,Broken shower hitch.
Brazil,Double Room,Couple,2,June 2023,2023,June,5.0,"Reasonable or less, but with low price. I wouldn't come back.","The team and location are the only positive points. Besides, it is a bad hotel, with very bad accommodations. But you need to consider the price low.",Bad accommodation
Portugal,Single Room,Solo traveller,1,June 2023,2023,June,5.0,Passable,Sympathy of the people who proved to be requested,The air conditioner worked at 2 am and could not turn off. They should not connect in the middle of the night. Luckily I found a blanket (positive point) in the closet.
Portugal,Double Room,Solo traveller,2,June 2023,2023,June,7.0,comfortable but a lot of noise from other rooms,Clean and has air conditioning. The bed is comfortable and has cable TV.,"There is no elevator so it is difficult if you have a lot of luggage or heavy luggage, little lighting in the toilet, they did not give me a password for Wi-Fi, does not have the basics (electric coffee maker for a tea/cup/cup or iron), the door of my balcony did not close and the balcony is linked to other balconies which was strange, I could absolutely all that happened in the other rooms."
Spain,Twin Room,Group,1,June 2023,2023,June,5.0,Disappointed,"I had requested 4 bedrooms, but in the end I need 3, and they didn't want to pay 1 room, so I had to take it without needing it, everything is to collect it, a pesetero.",That a room would have paid me
Portugal,Twin Room,Family,1,June 2023,2023,June,5.0,Passable,Nice staff,"It's not clean, it smells bad in the bathroom and the sheets were dirty"
Brazil,Double Room,Couple,1,June 2023,2023,June,7.0,Good cost benefit,Good cost benefit,Breakfast without much variety
Portugal,Twin Room,Family,1,May 2023,2023,May,7.0,Very basic hotel.,"Basic, but with breakfast.",The departure time at 11 am is too early and bad!
France,Double Room,Family,1,June 2023,2023,June,7.0,Good,The location. And breakfast,No review
Spain,Twin Room,Family,1,June 2023,2023,June,5.0,For nail night is ben,Almorzo is Ben,Broad Mato
France,Twin Room,Family,4,May 2023,2023,May,6.0,Pleasant,"The breakfasts were generous, good no worries. The obsolete room but fortunately the clean sheets.  We have claimed and obtained what we needed in addition without concerns.","From mold to ceiling, and on arrival a small towel and a sachet of shower soap per person knowing that we stayed 4 nights ....  It is quite noisy between the street and the noises that resonate in the hotel."
Portugal,Double Room,Group,3,May 2023,2023,May,7.0,Good,Good enough for what was charged,No review
Brazil,Single Room,Solo traveller,9,May 2023,2023,May,6.0,Reasonable and with good location.,Good location. Good service and cleaning team.,"I couldn't watch television any day. It only had a bathtub, it was old, very narrow. Weak breakfast."
Portugal,Twin Room,Couple,2,May 2023,2023,May,5.0,Just to sleep and one night,The people who attend are very formal,The hotel is very deteriorated
France,Twin Room,Group,2,May 2023,2023,May,7.0,Good,"Staff, price and location","Breakfast, room to renovate, no parking, noisy"
Germany,Double Room,Family,3,May 2023,2023,May,5.0,Completely sufficient for overnight/breakfast,"Great price-performance ratio. Since the metro station is nearby, the location was not a problem a little outside.","Not for female people, would have to be improved in some places. But still clean."
Brazil,Single Room,Solo traveller,8,May 2023,2023,May,7.0,Good,Near the University of Porto,The facilities are simple.
Brazil,Double Room,Family,2,May 2023,2023,May,7.0,Roomy,Good location.,"Bad facilities, very bad bathroom shower. Everything that asks for reception difficulty in service, has no sufficient air conditioning control for all apartments, and does not work properly."
Brazil,Double Room,Group,2,May 2023,2023,May,5.0,Very bad,"The location, near Metro Station, easy access.","The hotel facilities are precarious, very bad shower bathroom, required maintenance and modernization."
Brazil,Twin Room,Group,4,May 2023,2023,May,6.0,Cost x Benefit = 7,"Employees are super attentive, the location is central to access the subway and bus a few steps. Breakfast with options.","The beds were a little hard, but nothing that bothered. And the bathroom could improve, the deprived of the toilet was defective, it was necessary to use a bucket, finally, even sent someone to fix 2x, but did not solve, overall the place is even good, but needs resolution maintenance. But if you will spend the day by walking and using the room just to sleep, it's worth it."
Portugal,Double Room,Family,3,May 2023,2023,May,5.0,Passable,No review,No review
Portugal,Twin Room,Family,1,April 2023,2023,April,5.0,Positive reinforcement,Sympathy and Localization,The place really needs works.
Portugal,Double Room,Couple,2,April 2023,2023,April,5.0,Only and only the minimum of the minimums.,Location and breakfast.,"We were not provided enough towels, and even asking we continue to have the same problem. The walls of the room are in an unknowing state. Visually was disappointing, fulfilled the minimums of the minimums."
Portugal,Twin Room,Couple,6,April 2023,2023,April,5.0,Passable,"Localization, helpful employees, price.","Very old rooms, in need of urgent reform to at least keep up with some local housing. a lot of ventilation noise. New TV, but with little signal quality and few channels. without remote control. Duche without the shower making ""shower""."
France,Twin Room,Family,6,April 2023,2023,April,7.0,Good,Breakfast is complete.,The absence of a balcony.
Spain,Double Room,Couple,3,April 2023,2023,April,7.0,Nice and great quality-price,Breakfast and excellent location,"I had no fridge, mold on the bathroom roof."
Portugal,Double Room,Couple,3,April 2023,2023,April,5.0,Just even to have where to sleep,"Acceptable breakfast. Old rooms, needing maintenance. Acceptable employees too. Cleaning the rooms was good, they were sanitized and not moving to others.",Rooms with mold. Disorganized and dusty reception !! When we arrived our room had no light in the bathroom and the shower did not work. Did not survey the room before delivering
Spain,Double Room,Couple,2,April 2023,2023,April,7.0,"Good option if you only need the sleeping room, nearby subway stop.","Metro stop nearby, restaurants nearby and the area is fine to walk and take something. Everything was very clean and the breakfasts were fine.","The room was quite small, the very old television nor did we lit it, the bathroom clearly needs a reform and it was the worst of the room, however it was very clean."
Spain,Double Room,Family,1,April 2023,2023,April,6.0,Room,Bed and cleaning,"The very old facilities, the super old television and the very small space, we had to disconnect the phone because it did not stop ringing."
Portugal,Single Room,Solo traveller,3,April 2023,2023,April,7.0,Good,"I liked the room, it was nice, spacious and found it very comfortable. Diurnal staff also friendly and always smiling. For those who are out all day, want to know Porto, have a good night of rest and have safe belongings this is a good hotel!","I didn't like the fact that at night the staff takes time to open the hotel door, as it is often closed for security reasons. And although the room was comfortable the shower hose was pouring water out."
Italy,Twin Room,Group,1,April 2023,2023,April,5.0,Passable,Place excellent close to the Sao Joao metro.  available staff.,"We stayed two nights in this hotel, not in a row though.  The first night just arrived in the room as well as having the lock of the defective door and that did not close from the inside we found the beds full of hair. Small room, there is the indispensable.  Just a power outlet near the bed."
Italy,Twin Room,Group,1,April 2023,2023,April,7.0,Good,"Excellent location, available staff.  Since we had a commitment they made us check-in earlier than expected. Free luggage storage.  Cleaning OK.",a little small room.  Double bed for two small people.  Small and uncomfortable cushions.
Spain,Double Room,Family,1,April 2023,2023,April,5.0,Passable,Friendly staff,"Locacio away from the center. The bed was uncomfortable, very hard. Small room. Very poor breakfast only put the right thing and if it ends do not replenish even if there is no amount for all rooms.  The very small bathtub"
Spain,Double Room,Couple,3,April 2023,2023,April,5.0,Misleading,"It serves to sleep and shower, yes",The images are misleading. Breakfast and cleaning allowed me to desire.
Spain,Double Room,Family,4,April 2023,2023,April,5.0,"More than a two -star hotel, I would put it like a hostel.",The location. That there was always someone at reception. Buffet breakfast.,"That had no elevator, the cleaning was bad and the facilities very deteriorated."
Portugal,Double Room,Family,1,March 2023,2023,March,7.0,Good,For what intended to do the location is perfect.,The room taking did not work which prevented recharging the computer. The internet had many flaws.
Portugal,Single Room,Solo traveller,2,March 2023,2023,March,7.0,Very pleasant stay in every way. I'll be back.,All,Nothing to mention
Portugal,Single Room,Solo traveller,1,March 2023,2023,March,5.0,Passable,Employees,A lot
Portugal,Single Room,Solo traveller,1,March 2023,2023,March,6.0,Pleasant,Well attended location,It comes described with parking and has no. The day I arrived did not have to park nearby
Portugal,Single Room,Solo traveller,1,March 2023,2023,March,5.0,Reasonable location!,Reasonable location,"I had no command in the room for the TV; I asked the reception and the answer was that there were no commands .... Employees, despite goodwill, need more ""formation"" for the functions they perform"
Argentina,Double Room,Family,2,February 2023,2023,February,7.0,Good,Location and staff,The rooms are extremely small
Portugal,Double Room,Family,1,March 2023,2023,March,5.0,Had no television command,Of convenience and breakfast.,Not have access to television
Portugal,Double Room,Couple,1,March 2023,2023,March,7.0,In general I liked it a lot,"I liked the breakfast that was very quiet and organized, the cleaning employee was very friendly and the room itself was clean and smelly.","There was some moisture on the ceiling, especially in the toilet, which had the spoiled shower hose, and self-delighting lading water from behind."
France,Double Room,Couple,2,March 2023,2023,March,5.0,Not bad for a short stay ...,Not too far from the metro to go to the center. Pleasant staff.,". The rooms are not incredible, small, cold and the bathroom everywhere but it goes for a short stay. Correct breakfast but not top."
Portugal,Double Room,Couple,1,February 2023,2023,February,5.0,Passable,Cama,The room TV was not working very well
Switzerland,Twin Room,Family,1,February 2023,2023,February,7.0,Smooth,Breakfast,Bedroom area
Portugal,Single Room,Solo traveller,1,February 2023,2023,February,5.0,Only the price and iasmin compensate the experience something bad,"Very good price and location.  Employee Iasmin is very good, friendly and efficient.","1 I want to smell the tobacco and was full of mold in the corners and a bathroom with a mini bathtub that could not be standing or otherwise (206)., Another room (208) also had some mold, 2 hair in bed and some dirt released in the sheets. Throughout the hotel constantly day and night is heard an exhaust/extractor to constantly work that prevents sleeping quietly. The morning employee was not friendly, always walked on the phone even doing service was always moving the phone, just put it to breakfasts almost at the end of breakfast, and it was unprofitable."
Portugal,Single Room,Solo traveller,1,February 2023,2023,February,5.0,Passable,No review,"WC, bed, tv, breakfast"
Portugal,Single Room,Solo traveller,2,January 2023,2023,January,6.0,Not as I expected,Team,"Cleaning, breakfast and did not match the images"
Portugal,Double Room,Family,1,January 2023,2023,January,5.0,Passable,Very helpful employees.,"Many noises. AC or VMC machines, or restoration, all night in operation."
Poland,Twin Room,Family,1,December 2022,2022,December,5.0,Passable,Location near the subway,"Something was rustling all the time, the man from the service did something to stop, but only reduced this noise. At night someone knocked and screamed all the time. No quilt in winter, only a sheet and a blanket. The service gentleman is very clumsy."
Portugal,Single Room,Solo traveller,1,December 2022,2022,December,6.0,Pleasant,Location,Cleaning
Portugal,Single Room,Group,3,December 2022,2022,December,6.0,High price for the offer practiced. Customer service needs to be improved.,breakfast and the storage of the rooms,"Service (reception worked 24 hours but without employees available when necessary, were near the site but distracted to the mobile phone or even sleeping) and the maintenance and management of the hotel (there were several essential elements in breakfast that were only replaced on the third and last day of accommodation, such as napkins and water)"
Brazil,Double Room,Couple,2,December 2022,2022,December,7.0,good cost benefit,location,"Breakfast could be better. has a pool of Water at the door of the hotel, passed a car and wet me all over."
Portugal,Double Room,Couple,2,November 2022,2022,November,5.0,price was not bad but the food was very weak and the fourth and very old and toilet with molds on the ceiling,No review,"Very weak breakfast, little variety of food and has no minimum, I had no bread of the day, no cheese, I had no yogurt, I had no egg, very weak even..."
Portugal,Twin Room,Solo traveller,1,October 2022,2022,October,6.0,Pleasant,Location,Tobacco smell
France,Twin Room,Couple,5,November 2022,2022,November,6.0,Pleasant,"The staff are very pleasant, good Service, welcoming, correct breakfast, it's clean.","Bedding to review, refreshing paint required in the bedroom (old apparent water damage ....), badly soundproofed we hear the TV of neighbors, the balcony full of rainwater because no evacuation.  Booking 8 note dates from 2013, ...."
Spain,Double Room,Couple,3,November 2022,2022,November,5.0,"To spend a day it is well location. But it is expensive and they charge a ""tourist rate"" that does not exist.","The bed was not bad, but it could have a few more pillows, since they were small and individual pillows for the 2 people. The bathroom was spacious and beautiful.","As soon as he arrived, the staff spoke to us in Portuguese and, even understanding a little because we are Galicians, they did not strive to express themselves better or talk to us in another language (to ask ourselves if we spoke English, it would be easier to understand ourselves). Thus, we had doubts about when it was the time of arrival at night, if they cleaned the room or how it was done, the breakfast schedules (because it started at 10 but they did not tell us when it ended), etc ... Of course, they knew how to charge us a ""tourist rate"" of 2 euros per person x the nights that we stayed, in this case, a total cost of 12 euros because we stayed 3 nights and 4 days. We did not ask why they charged her, but apparently more tourists have already done it and I, that I have gone several times to Portugal, have never charged me that rate.  There was no elevator, although we didn't care much either as it was only 2 floors.  The room was a bit small, but tight for 2 people without problem. The bathroom was spacious, but it had stains of dirt and moisture, denoting that at most clean above and do not do deep cleaning.  As for the plugs, there was none on the tables, it was where the desktop (which is uncomfortable to load mobile nights, etc). In the bathroom there was only one plug, which had the protection of out of broken plastic (it would be good for them to maintain and fix it)."
United States,Single Room,Group,2,October 2022,2022,October,6.0,Pleasant,Breakfast,"Behavior of receptionist Marcio, had no ways to address me as a client.   There was no electricity in the bathroom for one of the days I was staying there fell rain the water entered the ceiling, wet the bed and the room I have plenty of water on the floor, this day I could not sleep. Generally speaking I had a bad hotel experience. It would not recommend to anyone if the above mentioned aspects are not improved, etc.  Thanks"
Portugal,Single Room,Solo traveller,1,October 2022,2022,October,5.0,Passable,"Good location, close to S. Joao and IPO. Meter 5 minutes walk.","Poor sound isolation, being possible to hear everything that happens in the bedrooms next to and in the corridor. A guest went to bathe at 2 am and it was impossible to sleep with the noise of the water running and the water pump working. When the bell touches the reception you hear everything in the rooms. Access to rooms is done only by narrow stairs, which is a barrier to people with physical problems."
Portugal,Twin Room,Group,1,October 2022,2022,October,5.0,horrible,nothing!,"I didn't like anything! It had two reserves made, and the beds were uncomfortable, everything was heard from some rooms to the others, in my room there was no light in the bathroom! In the other room there was no water in Sanita, finally sure was the worst hotel where I was!"
Mexico,Twin Room,Solo traveller,2,October 2022,2022,October,7.0,Good,Good value for money,You need to remodel
France,Double Room,Family,4,October 2022,2022,October,5.0,Passable,Correct room and close to public transport.,Large logistics problem at reception. We were billed twice and only managed to recover our money after having strongly insisted with the owners for two days who send us back to the Booking while the error was theirs. .
France,Double Room,Group,2,October 2022,2022,October,5.0,Passable,Pleasant welcome Top breakfast Top shower pressure,The bed is not comfortable The mattresses of the mattress come out at all times in the night. We hear the neighbors of the room and the windows do not close. The tiling joins are moldy.
Portugal,Double Room,Solo traveller,2,September 2022,2022,September,6.0,Pleasant,Very good service.,"Very weak breakfast, not worth the price paid. On the second morning there was no bread when I went to breakfast!"
Germany,Twin Room,Family,4,October 2022,2022,October,6.0,No interest in the guest,No review,"2 days a bathroom without light. Fortunately, we had headlamps. Do not complain about interest The day before our departure around 8.45 breakfast table not covered and full of crumbs. No rolls, no ham, no cheese. Coffee empty, no milk. Owner simply ignored us. On request at staff, these rolls ran, then milk again. Otherwise nothing was filled. Then coffee was even filled, which was inedible, however. Breakfast always the same. Bathroom door could not be pulled"
Spain,Double Room,Family,1,October 2022,2022,October,7.0,Good,Good treatment of reception staff,No review
Portugal,Twin Room,Solo traveller,3,September 2022,2022,September,6.0,Stress,Employee sympathy and very good location,Cleaning a little to be desired and breakfast with little variety L
France,Twin Room,Couple,5,September 2022,2022,September,7.0,Well -located,"Nice staff including French, metro nearby ...",Refresh room No elevator for a person with reducing mobility
France,Single Room,Solo traveller,1,September 2022,2022,September,6.0,Small hotel to finish renovating,"The hotel is clean, the breakfast room has been renovated and it's clean and new. Ditto for reception.","The rooms are old, the French windows do not close, as for the bathrooms, they really need to be completely redone!"
Italy,Twin Room,Family,5,September 2022,2022,September,6.0,Pleasant,Price below the port average. Very kind staff,The structure a little dated.
Portugal,Twin Room,Group,1,September 2022,2022,September,7.0,Good,The employees are very friendly. The room is good according to the price. The room was air conditioned to work.,"The toilet door did not closely close and was damaged. There was a background noise apparently related to ventilation (we did not really question the origin) but it did not prevent rest in any way. The surrounding zone does not have a great look, but we had no problem in traveling and to the hotel."
Portugal,Double Room,Group,1,September 2022,2022,September,7.0,Good accommodation,We stayed at this hotel because we had a wedding and the fifth was close. Well -lit room with several mirrors (which helps a lot when we are preparing for a wedding). Good breakfast.,"Duche curtains in the bathroom bathtub, I don't consider it at all hygienic. Old facilities, bathroom ceiling with moisture marks."
Portugal,Twin Room,Family,1,September 2022,2022,September,6.0,Pleasant,"Sympathy of employees, always smiling and helpful.","I stayed in a room under the machine. From the hotel air conditioner, a little noisy. It was a bad luck I have never had at this hotel ..."
Portugal,Double Room,Couple,1,September 2022,2022,September,6.0,Pleasant,Location,"Old -fashioned room, maintenance -free bathroom, clogged pipes"
Spain,Double Room,Solo traveller,2,August 2022,2022,August,7.0,Good,Breakfast little variety and quantity.,No review
France,Twin Room,Couple,4,September 2022,2022,September,7.0,"Clean hotel, pleasant staff, very average breakfast, the facilities deserve a new stroke.","The location, the rooms were clean.","For breakfast, the choice was insufficient and not replenished especially on weekends. The bathtub curtain, not very hygienic. Very dilapidated room."
Portugal,Double Room,Couple,1,September 2022,2022,September,6.0,"It was acceptable, it was what I expected.",It was a simple but enough breakfast.,Nothing to mention.
Portugal,Double Room,Couple,2,August 2022,2022,August,7.0,boa,food,"Lack of sockets in the room, and air conditioning is not working"
Serbia,Twin Room,Group,7,September 2022,2022,September,7.0,"Review - Hotel Portinari, Porto","The location of the hotel is extremely good because the building is located near the initial station of one subway line as well as bus cells with several lines that divide the whole city. Also, the surroundings of the hotel is very quiet and quiet so that there is not much noise, and on the terrace, although small, can rest in the morning or evening. What is another positive thing is that there is a possibility of adding a third bed, which in our case was so.","Breakfast that was Swedish, which is quite scarce with only a few types of pastries, ham, helmet, spreads and flakes. The beverages were tea, milk (cow and soybean), coffee, juice and water, which was satisfactory. What was not well reflected in us was that we came to breakfast a few occasions a few occasions, and the food was not reinstated but only ""remains"" were on the table, and we had a very weak breakfast."
Portugal,Single Room,Solo traveller,1,September 2022,2022,September,6.0,Friendly Hotel for a short stay in Porto,- Very friendly employees - Room properly clean - Location near Metro and Sao Joao Hospital,- slightly old installations
France,Double Room,Couple,1,August 2022,2022,August,5.0,Help out for a night,No review,"The air conditioning did not work  Street window  Hot  Panel of the blue brand that reflects in the room at night we believe ourselves in the middle of the day. Very little breakfast choice, there was almost nothing left. No parking space"
Spain,Double Room,Couple,4,September 2022,2022,September,5.0,Far and old,"Well connected with everything, airport center ...","Far from the center even by bus, poor, old and noisy breakfast"
France,Twin Room,Couple,1,August 2022,2022,August,5.0,Not top,The proximity of the metro (about 5 min walk),"We hear everything that is happening in the rooms next to it is very badly isolated. The hotel is really very dated, the photos are a little misleading ... The bathtub was blocked, broken and with inlaid tasks. The hotel is practical and can help you out if you stay there one night but personally I could not have stayed there longer."
United Kingdom,Double Room,Family,1,August 2022,2022,August,6.0,Elvis very nice,The impeccable service of Elvis,"the lack of cleaning in the rooms, had pubic hair by t"
Spain,Double Room,Couple,3,August 2022,2022,August,6.0,Improvable,The kindness of the receptionist when we arrive,"The cleaning of the room, that we had to leave the keys so that they could clean it and breakfast was quite basic and simple for what it costs."
Netherlands,Twin Room,Couple,2,August 2022,2022,August,6.0,"If you are used to luxury, then don't come here.",Close to the metro. The air conditioning. Girl behind the Bali was very friendly.,Towels were not ready in the wash. We only got later. No stop for the bath ..... No cleaning during the day ... also no clean towels. Trullet in the shower was not emptied. Man of breakfast coughed terribly. Breakfast was not supplemented.
France,Double Room,Couple,14,August 2022,2022,August,7.0,A good stay as a whole.,Cosi and pleasant establishment close to everything on foot and by car.,The location has earned us some worries with our vehicle.
France,Twin Room,Couple,1,August 2022,2022,August,5.0,Passable,Breakfast,Very dilapidated room
Spain,Twin Room,Family,1,August 2022,2022,August,7.0,Good,"Near the subway, friendly staff",cleaning is improved
Brazil,Double Room,Family,4,July 2022,2022,July,5.0,Passable,Near markets and the metro,The care at reception in the afternoon is always bad. Lack of towels exchange is the custom of the house
Portugal,Twin Room,Family,2,August 2022,2022,August,5.0,Reasonable.,Little variety of gender,No review
Portugal,Single Room,Group,1,August 2022,2022,August,5.0,Good if we are not with high expectations,We enjoyed the sympathy of employees and cleaning the space in general,It did not please the beds and the breakfast was far short of what is presented in the photographs of the space
Spain,Double Room,Couple,1,August 2022,2022,August,6.0,Pleasant,located near the subway and with a car park,"The facilities are old, it has no elevator ..."
Spain,Twin Room,Couple,3,August 2022,2022,August,5.0,For the price it is fine,The room was very clean,"There was no elevator, the staff did not carry any badges so you did not know who you should talk."
France,Double Room,Couple,1,August 2022,2022,August,5.0,Passable,Pleasant staff,Can't find my reservation and wanted to do it again paid
Spain,Twin Room,Family,3,August 2022,2022,August,5.0,Passable,No review,"Very just breakfast. It may be old, but the smell of moisture and closed was very uncomfortable. There was no elevator to climb several floors."
Spain,Double Room,Couple,5,July 2022,2022,July,5.0,I think I would look for other options in the future. But you can't ask for more for a 2 star hotel,Breakfast was the best part. They make homemade cake which is very pleasant. The attention at reception is good. For the rest it is a 2 -star hotel that meets its place.,The pillows were horrible.
France,Double Room,Couple,2,July 2022,2022,July,5.0,Passable,The location of a free street parking space,Too noisy at night.
Slovenia,Double Room,Family,3,July 2022,2022,July,5.0,Passable,Location on the edge of the city near the metro and staff,"Cleanliness of dining rooms, bathrooms and disorder of dining room, damaged door for room"
Spain,Double Room,Family,1,July 2022,2022,July,5.0,Passable,No review,"The small room, for 3 people, bad views, we will not repeat"
Spain,Twin Room,Group,1,July 2022,2022,July,7.0,Good,Exterior light. Bed comfort. Good cleaning,Entrance to the narrow bath. Long shower curtain. Absence of elevator. Television somewhat outdated and with a bad connection. Wi -Fi malfunction in the room
Spain,Double Room,Family,1,July 2022,2022,July,7.0,GOOD,"Little for the time it was, but well passable",No review
Spain,Double Room,Solo traveller,1,July 2022,2022,July,7.0,advisable,precio,broken mirror
Portugal,Twin Room,Couple,4,June 2022,2022,June,7.0,Good,Sympathy of employees.,The cleaning was very small.
Italy,Double Room,Family,3,June 2022,2022,June,7.0,Good,"Comfortable position, 5 minutes from the meter that takes you to the center, friendly reception","Breakfast at present but not inviting, quite poor, too uncomfortable beds, we slept badly"
Spain,Double Room,Couple,1,June 2022,2022,June,5.0,Normal,The personnel who have been super pleasant with us. Which is central and comfortable to get to Porto. Rich and quite varied breakfast,"The cleaning, there were hairs and papers of other people. The old facilities and says that it has parking when it is not. Breakfast like low at 10 is anything left, they don't replenish but I was very rich."
Italy,Twin Room,Solo traveller,2,June 2022,2022,June,6.0,Pleasant,"Bright room, discreet breakfast",The hotel certainly needs a general renewed
Czech Republic,Double Room,Couple,4,June 2022,2022,June,7.0,Good,Breakfast,Bed and doors
Portugal,Double Room,Couple,1,June 2022,2022,June,6.0,pleasant,"Location, employees, small but pleasant breakfast",bed; Hear if a lot of noise from the other rooms
Portugal,Double Room,Solo traveller,4,May 2022,2022,May,5.0,Passable,location,Something old -fashioned environment
France,Double Room,Couple,3,May 2022,2022,May,7.0,Good,"Practical hotel with good value for money. Located 5 minutes from the Metro D terminus, you will need 15 min to reach Porto Center. The rooms are correct, however provide earplugs for the most sensitive.","A small downside on breakfast and freshness of the products (ham, cheese and butter not refrigerated)"
France,Twin Room,Family,3,May 2022,2022,May,7.0,Good,For the sufficient service price. I have been going there regularly.,The rooms are dated. A paint stroke would be good. No elevator. Not very successful soundproofing. Lack of proximity and customer contact from staff.
France,Double Room,Couple,13,May 2022,2022,May,5.0,Justified low price.,The possibility of parking your car is appreciable.,The noise from day and night is very disturbing.... Set all night.
Germany,Single Room,Solo traveller,7,May 2022,2022,May,7.0,Good 2 star hotel,"Good location in 15 minutes you can reach the center with the metro. However, if you just want to go out the door in the evening to stumble into the turmoil is not right.  Breakfast always sufficient but somewhat monotonous.  A good hotel for the price performance ratio.",Unfortunately no WiFi
France,Double Room,Couple,3,May 2022,2022,May,7.0,Good,"Hotel very well located, close to the metro. Possibility to park in the street safely. Our car stayed 3 days without moving, perfect. Comfortable bedding.","Cleanliness in common areas and in the bedroom is a bit limited. 2 calm nights and a very noisy night. Breakfast. 2 times, we arrived an hour after the opening and certain foods lacked. The last morning, naked arrived at the opening at 7:30 a.m. and it took 8 a.m. for the buffet to be garnished."
Spain,Double Room,Family,2,May 2022,2022,May,5.0,Passable,Hotel to spend one or two nights,No review
Italy,Double Room,Couple,7,May 2022,2022,May,6.0,A little spartan but still those who do not scruple to aesthetics is an option that is worth,Excellent cleaning Commendable service Super breakfast,"Cartavelina walls, too close to a central hospital in Porto (Matosinhos) then ambulances all day."
Portugal,Twin Room,Family,2,April 2022,2022,April,7.0,Good,Very clean. Good breakfast with variety of choice.,No review
Spain,Double Room,Couple,3,April 2022,2022,April,5.0,I would not repeat,complies with what was offered,We hired breakfast that was available until 11.... We went down at 10: 15h and we had to eat the leftovers of others because it did not put anything more food or roasted bread ...
Spain,Double Room,Couple,1,April 2022,2022,April,5.0,You can't sleep,Nothing,"It's a pension, not a hotel"
Spain,Double Room,Couple,5,April 2022,2022,April,7.0,Good,"Fast food very close and that the rooms had a balcony the pleasant staff and that the subway was winged, quiet street.",The doors in general made a lot of noise
Spain,Double Room,Family,4,April 2022,2022,April,7.0,Good,"The buffet breakfast is quite good, if they incorporated a machine to toast the bread would be appreciated. The facilities are old but clean, they cleaned every day and changed our towels. The staff is very attentive.","The break was not entirely satisfactory because of hard mattresses and almost non -existent pillows, the window is double glass but cars are heard when rolling on the cobblestone of the street, I fear that it is an endemic evil in all Porto, since its streets are like that, it is what has the charm of the old."
Portugal,Single Room,Solo traveller,1,April 2022,2022,April,6.0,Pleasant,Good location. Sympathetic reception employee. Ease of access to accommodation without limitations/ constraints in the schedules.,Lack of sound isolation of the room led to the whole night the noise compromise the rest.
Portugal,Twin Room,Family,2,April 2022,2022,April,5.0,Passable,No review,"The mattresses are very uncomfortable, seem to be very old and have a hole."
Portugal,Double Room,Couple,3,April 2022,2022,April,7.0,Good,Location.  Quality ratio price.,No review
Spain,Twin Room,Family,1,April 2022,2022,April,6.0,Pleasant,Precio,Cleaning and antiquity
Spain,Double Room,Couple,2,April 2022,2022,April,6.0,Good for a couple of days,"Buffet breakfast very good, very friendly staff, noise was heard from the room, good communication with the Sao Joao Hospital, which goes to the center of Porto in just 7 stops (15 minutes)",Valid but old facilities
Spain,Double Room,Couple,2,April 2022,2022,April,6.0,Pleasant,"Very good location, 5 min walking direct transport to the center of Porto. Ideal to park if you go by car",No review
Portugal,Double Room,Solo traveller,2,April 2022,2022,April,6.0,Pleasant,well located and have the basic things,"of the bedroom door, the protective plastic cover of the mattress, the number of electric outlets. It's not a bad choice but the paid price made me expect better."
Portugal,Double Room,Couple,1,April 2022,2022,April,6.0,Pleasant,No review,"Having reached the small lunch and not having a ham or cheese, because it was over and 1h30 of breakfast. In addition to finishing coffee and milk and having to be going to ask to replace the employees present, because they do not replace, if they do not ask just looking at people, behind the counter. The chocolate powder to put in milk also had to scrape the pot.  In addition, cleaning the room toilet was desired, because we noticed that it had wrappers used by previous guests of champu and bath gel spread in the toilet. The toilet mirror was also full of water brands drain and white spots, visibly for lack of cleaning."
Portugal,Single Room,Solo traveller,1,April 2022,2022,April,5.0,Passable,No review,at the sound level it is not very comfortable because there is a noise of the road
Portugal,Single Room,Solo traveller,1,March 2022,2022,March,5.0,Passable,Price with breakfast included,"Bathroom, shower hose expelling water everywhere, the bed hit the wall to the minimum movement that I did to sleep and the heating was not enough."
Portugal,Single Room,Solo traveller,1,March 2025,2025,March,1.0,Bad,No review,Poor conditions
Spain,Double Room,Family,1,March 2025,2025,March,2.0,Very poor,Nothing,All
Portugal,Double Room,Family,1,March 2025,2025,March,10.0,Gilead,"Of the service, the stay was good summarized I was pleased with the accommodation conditions at the hotel",No review
Argentina,Twin Room,Couple,1,February 2025,2025,February,1.0,Very expensive and bad,"The good attention of the staff, the breakfast.","The great deterioration of the facilities. The TV did not walk, there is no space, the paint is very old, the depressing bath, although it has beautiful pressure and temperature."
Portugal,Double Room,Couple,2,December 2024,2024,December,9.0,Pleasant,"The reception on check-in day and checkout was good. Breakfast was great, the good room for price/comfort and cleaning.  When to return to the city of Porto I tell again at the Hotel Portinari.",The difficulty of car parking was the most negative in the stay.
Portugal,Twin Room,Family,1,December 2024,2024,December,1.0,,Rested,"Climatic conditions, in the room of a hotel this time, breakfast"
Brazil,Single Room,Solo traveller,2,December 2024,2024,December,8.0,Very good,Great cost x benefit.,There was no heater in the room.
Portugal,Twin Room,Family,1,January 2025,2025,January,3.0,Mau,The staff was very attentive and friendly and the mattress was comfortable !!!,"Poor, degraded room, with humidity on the walls."
Portugal,Single Room,Solo traveller,1,January 2025,2025,January,10.0,Pleasant,The reception and good location,No review
Portugal,Double Room,Couple,1,December 2024,2024,December,10.0,Exceptional,The location,We couldn't connect the room heater
Brazil,Single Room,Solo traveller,4,December 2024,2024,December,8.0,Very good,Simple but clean and fair price hotel,No review
Portugal,Double Room,Family,1,December 2024,2024,December,1.0,Lack of hygiene and conservation,Only breakfast.,"From the room, the ceiling had the paint peeling, the mattress had a hole and a lot of hygiene even in the bathroom."
Spain,Twin Room,Couple,2,November 2024,2024,November,8.0,"Well, it is not a hotel with a luxury but in relation to the price and attending customers I think it is worth it for which",Very friendly staff the girls of the very attentive reception,That there is no astender
Brazil,Twin Room,Couple,9,October 2024,2024,October,8.0,It was the best cost benefit and the most pleasant place we stayed.,"Very good coffee, excellent location, very friendly and helpful attendants, gave us all the necessary information, we feel at home.","I didn't like to have little time, because I would like to have stayed more."
Germany,Double Room,Family,2,November 2024,2024,November,1.0,Bad,No review,Old Bruchbude.
Brazil,Double Room,Family,6,November 2024,2024,November,3.0,Would not stay again,Team,"Cleaning could whim more, it was a condom used on the table for 2 days, if I didn't throw away they wouldn't play. Towels were not smelling and did not change their bedding"
Poland,Twin Room,Couple,1,November 2024,2024,November,4.0,Disappointing,No review,"Generally, the rooms are suitable for general renovation. No heating."
Portugal,Double Room,Couple,2,November 2024,2024,November,4.0,The staff was very friendly and helpful but the equipment was really not very good,Breakfast was well equipped with different rolls and cake varieties biscuits cereals fruit and there was always someone there and very helpful,"Even if you leave very early, you should be able to get a little in the morning on request and if it was only packed cookies, especially since it was paid for breakfast. The bed was very uncomfortable the light switches on the back in the middle when you had your arms under your head or rejected the light constantly. The climate was very loud. The door in the bathroom does not close properly."
Portugal,Double Room,Solo traveller,1,November 2024,2024,November,3.0,Poor,Personnel,"Bedroom was with dirty paper waste, soap packaging thrown on the floor. He was reserved room C bathtub and none of the bedrooms had. I spoke to the receptionist said that I couldn't do anything"
Portugal,Double Room,Couple,2,November 2024,2024,November,9.0,"Pleasant, I will return to the place",Cost benefit,Not have an elevator
Portugal,Double Room,Couple,1,November 2024,2024,November,8.0,Very good,"Welcoming environment, little movement, good location","In the bathroom without glasses, without a dryer and shampoo and gel bath only for one person; In the room there was no pillows"
Spain,Twin Room,Couple,1,November 2024,2024,November,4.0,Need urgent reform,Breakfast was fine,The old and rammed room and bathrooms
Brazil,Twin Room,Couple,1,October 2024,2024,October,1.0,Zeal,Only breakfast and bed.,"Air conditioning does not work, damaged bathroom door due to water dripping from the shower, missing lamp at the headboard and with mold on the walls. No minibar and with no pleasant view."
Spain,Single Room,Solo traveller,1,September 2024,2024,September,1.0,Bad,No review,has charged 2 times
Spain,Double Room,Family,2,October 2024,2024,October,1.0,Bad,I didn't like anything was the hotel,Nothing
Portugal,Double Room,Couple,1,October 2024,2024,October,8.0,Very good,The boy who received us was quite friendly. We just spent one night so the room was enough for us.,The location and the fact that it has no parking park.
Spain,Twin Room,Family,1,October 2024,2024,October,4.0,Disappointing,"Nothing  Very bad, I tried to go to another hotel but it was too late, bad room, very very old facilities,","Everything, the only thing that is saved is breakfast."
Portugal,Double Room,Group,1,October 2024,2024,October,8.0,Very good,"Cleaning, location and breakfast",Requires remodeling
France,Double Room,Couple,1,October 2024,2024,October,4.0,Disappointing,Nothing,"We did not appreciate the noise, the mattress, the room itself which was not really clean and very old. In the morning we had no more light in the room ..."
Portugal,Double Room,Couple,2,October 2024,2024,October,8.0,Very good,hospitality by employees and breakfast. The shower has hot water.,No review
Cape Verde,Twin Room,Couple,4,October 2024,2024,October,3.0,Poor,Location,No review
Brazil,Double Room,Couple,9,September 2024,2024,September,8.0,pleasant,"I really enjoyed the service at breakfast, hotel staff, very collaborative in the sense of information, extra service with details such as micro use, etc.",No review
Spain,Double Room,Solo traveller,1,September 2024,2024,September,1.0,,No review,No review
Portugal,Single Room,Solo traveller,1,September 2024,2024,September,1.0,Bad,I didn't like anything.,of everything.
Portugal,Single Room,Solo traveller,1,September 2024,2024,September,1.0,Bad,No review,"I felt completely mistaken, the photos are not that of the rooms that these are in very bad conditions very bad even, there are little more good hotels that do not mislead with false photos"
France,Single Room,Solo traveller,5,September 2024,2024,September,9.0,Superb,The staff were very helpful and the breakfast buffet was excellent.,No review
Portugal,Twin Room,Couple,1,September 2024,2024,September,4.0,Irrepetivel,The location,Lack of cleaning. Mauscheiros in the interior. Electric outlet without protection at 20 cm from the taps and toilet at the risk of electrocussion
Portugal,Double Room,Couple,3,September 2024,2024,September,1.0,Horrible,No review,"The hotel needs works, it's a shame ... WC All old, broken mirror glass, broken window glass, old mattress, dirty and background felt if the springs of the mattress, the night mt noise ... the towels were dirty ... horrible .."
Spain,Double Room,Family,3,August 2024,2024,August,4.0,Disappointed,"Breakfast and staff very well, very friendly.","The fatal room !!! The bathroom roof had a disgusting black mold bubble, in the room smelled a lot of moisture and some mold was seen on the roof, savannas and non -clean, some mold spots, a shame since in photos everything looks very beautiful and everything is really very old and in poor condition."
Portugal,Double Room,Couple,1,September 2024,2024,September,3.0,Bad,"Sympathetic reception girl, reasonable breakfast, good location","The rooms are terrible, noise a whole night of an engine, people coming in and out to the reception bell. The windows leave much to be desired. Very few towels and we didn't even have any for swimming."
Portugal,Double Room,Couple,1,September 2024,2024,September,1.0,Bad,Breakfast was reasonable,"The photographs showed a warm room, but that's not what I found, the very degraded bathroom and the mattress was horrible ..."
France,Twin Room,Couple,1,September 2024,2024,September,9.0,Clean Hotel Individual Salle For Petit Budget,Cleanliness,No review
Spain,Double Room,Couple,1,August 2024,2024,August,3.0,"It could be a good discovery, but unfortunately it has not been",THE BEST THE PRICE,"Ancient doors, the rooms become old and outdated, painted with a beige color that also does not benefit. When we arrived one of the other occupants must be in his room visualizing films for adults at full volume, everything was heard in our room with the closed door. At night between 23 and 00:30 a family with two children dedicated himself to staying on the stairs of the hotel they give to the rooms speaking aloud and the children shouting on the stairs with toy cars, nobody bothered to tell them anything during all that period despite the stairs give directly to the 24h reception of the hotel. The room smelled a bit of moisture possibly for having the interior bath without mechanical ventilation outside, simply with a ventilation rack that communicates bath and room."
Mozambique,Single Room,Solo traveller,2,September 2024,2024,September,10.0,optima,Good. Well located.,"Security, windows"
Portugal,Twin Room,Solo traveller,1,August 2024,2024,August,3.0,Discomfort,"Great location, friendly employees",All
Mozambique,Single Room,Solo traveller,1,August 2024,2024,August,8.0,Bom,Cama,Corridor space
France,Twin Room,Couple,1,August 2024,2024,August,8.0,Very good,Personnel adorable.,No review
Russia,Single Room,Solo traveller,3,August 2024,2024,August,10.0,Wonderful,I found breakfast cool,No review
Italy,Twin Room,Group,1,August 2024,2024,August,1.0,Bad structure,Parking not available at the structure but you can find without too many problems nearby,"Dirty and firm room, stained bedspread. We stayed and my friend and in the bathroom we find only one towel for the mascara -stained face and a towel for the bidet laundry. Broken door handle, we had to close the door with a chair behind. There is no lift (but this would still be the minor evil), breakfast with truly poor products (from fruit to cereals ..) Never again!"
Spain,Double Room,Family,3,August 2024,2024,August,2.0,Dirty and uncomfortable,Location next to El Metro,Dirty old bathroom roof with moisture there is no elevator the roof paint falls etc
Spain,Single Room,Group,2,August 2024,2024,August,8.0,Very good experience,Breakfast is economical and excellent. The place is quiet and well communicated by having close N12. The attention is good and all environments are clean.,"The air conditioning was fine, but could not regulate."
Portugal,Twin Room,Family,1,August 2024,2024,August,4.0,Disappointment for such embarrassment.,Education and sympathy service!,"For the second time I was in this hotel I found cheap in bed and this last time there were cockroaches in the bathroom and in the room we took pictures and made complaints, reportedly the room was detected but it does not seem to be effective!"
Spain,Twin Room,Family,3,August 2024,2024,August,1.0,Horror,Nothing .. Forrible,"Nothing at all Dirty, downed furniture, broken doors .. And to the question of whether the beds were comfortable, say that we were not even one night, we returned to Galicia that same day.  A Hold, I don't understand how you can offer it ..  I only send four photos for not giving option to upload more ..."
Spain,Double Room,Family,1,August 2024,2024,August,1.0,Nothing recommended,Breakfast,"In general, every fatal does not meet anything in the offered It has no elevator and the stairs are terror. They give you a second floor and when you arrive, you want to go down again. I would give the pension category of the 60s or pilgrim housing. The doors are fatal all matched at their bottom the plumbing facilities seem like those of Benito and Manolo."
Portugal,Double Room,Couple,4,August 2024,2024,August,10.0,Exceptional,The always very friendly staff. All very clean and well maintained. The best there is.,I'm just sorry to have to leave
Portugal,Double Room,Couple,2,August 2024,2024,August,3.0,Stay at the Portinari Hotel in Porto,The breakfast and the proximity of the city.,"Noise of cars, mattress, lack of painting of the room and doors. 3 -story hotel and no elevator. One of the girls at breakfast cleaned the crumbs from a table to the floor in front of us."
Portugal,Single Room,Solo traveller,1,August 2024,2024,August,8.0,According to the expectation,"Economic stay hotel, where price/quality ratio is in agreement. Simple but good breakfast. Friendly employees.","I don't understand some criticism I've seen from some customers. For for the amount you pay, the stay is in agreement. One cannot compare to a 3 or 4 stars, because it is not, nor does it seem to have pretense for it. It is an old hotel, with little sound isolation. It's simple and humble, where for the amount you pay, it's fine."
Germany,Double Room,Family,1,July 2024,2024,July,8.0,Very good,Super friendly staff,No review
Spain,Double Room,Family,1,July 2024,2024,July,1.0,Bad,Nothing,"Everything, badly located, the door of the room was old and closed badly, a lot of noise at night, there is no elevator I went with baby cart and tube that stays in the car, for the price of did not give even 20 euros at night it was more a pension than a hotel, if it helps you something is my comment."
Portugal,Double Room,Family,2,July 2024,2024,July,10.0,Exceptional,Excellent service,Nothing to claim
Portugal,Double Room,Family,4,July 2024,2024,July,1.0,Bad,"I had no opportunity to stay on the premises, because the establishment was in electrical problems.","Of the lack of support of employees, for the logistics of hotel change. Since Hotel Partinari did not meet conditions to accommodate anyone, we had to deal with everything, contacts, reserve and transportation, after 23h, with children, etc. Very unpleasant!"
Brazil,Double Room,Solo traveller,4,July 2024,2024,July,9.0,I recommend.,"The service of the employees is excellent. All very helpful. The location is also great, close to the Sao Joao subway, which gives access to the whole city, including the train, the airport, the bus station, the stadium and the sights.",Breakfast could be better as it has few options. It is basically bread and industrialized.
Brazil,Double Room,Solo traveller,1,July 2024,2024,July,9.0,It was worth it. I recommend.,"The service of the employees is excellent. All very helpful. The location is also great, close to the Sao Joao subway, which gives access to the whole city, including the train, the airport, the bus station, the stadium and the sights.","Coffee could have more options, I found it very basic. It was basically bread, cakes and industrialized."
Spain,Double Room,Couple,1,July 2024,2024,July,1.0,Horrible experience,That find a place in front,"The facilities, the views from the room, the matt"
Portugal,Twin Room,Couple,2,July 2024,2024,July,1.0,Unruly,Near the area you intended,"Air conditioning on the roof made the same noise as a jet plane..to the day..the electricity is several times ... one of the poorly polite employees, when confronted with problems treats the guests for you..num tone unnumbered ... (maybe you don't like the work) ... you have no elevator and have 2 floors ... and I need to carry the bags ... If you are an elderly person, very degrad"
Romania,Double Room,Couple,6,July 2024,2024,July,8.0,Acceptable,"I needed a hotel near ISCAP, very kind staff and cleaning in the room.","The ventilation device of the hotel makes a lot of noise. The air conditioning did not work very well. Large jokes from cars that go too fast on the street. The rooms do not have mini refrigerator in the room.  The price a bit high, but I needed a hotel near ISCAP."
Spain,Double Room,Couple,1,July 2024,2024,July,10.0,Exceptional,They let me in before cheeking,No review
Portugal,Double Room,Family,1,June 2024,2024,June,4.0,Disappointing,"Very friendly employees (especially check-in and cleaning), pleasant breakfast and suitable for price. Comfortable bed and room size suitable and corresponding to the promised. Product availability and diversity (shampoo, shower gel, soap, toilet paper, ..).","Room unjustly (heard the noise of machines or some engines to work a lot) and no command for the air conditioning on the board, which made it always connected in the 19 deg C. Bathroom ceiling dirty (needing painting)."
Portugal,Twin Room,Couple,1,June 2024,2024,June,10.0,Exceptional,"Well located, near the metro.  Good breakfast",Nothing to point out.  Lift
Spain,Double Room,Solo traveller,1,June 2024,2024,June,2.0,The worst hotel in Porto,Breakfast is the only good thing you have,"Horrible room 101, noise, the shower came out water everywhere. The awkward bed, horror movie television, the internet doesn't work well, there were rats and cockroaches on the balcony. Awful"
Brazil,Twin Room,Family,2,June 2024,2024,June,8.0,Very good,Great location,Not have minibar and few power outlets
Portugal,Double Room,Family,1,June 2024,2024,June,2.0,Very poor,Sympathy of the work ...,Quality Price leaves a lot to be desired for 79 EUR per night there is much cheaper hotels with many better conditions. Not to mention the exhaust that passes in room 207 and makes an unbearable noise to sleep.
Luxembourg,Single Room,Solo traveller,3,June 2024,2024,June,10.0,Exceptional,Super friendly and attentive employees  All very friendly and you very clean.,No review
Spain,Double Room,Couple,1,June 2024,2024,June,10.0,Advisable,The bed is super comfortable.,I think they have to change the toaster because it does not heat well and I could not enjoy the good buffet they have.
Spain,Double Room,Couple,2,June 2024,2024,June,4.0,If you can go to another,The only way comfortable was the bed,The entire hotel was from the 70s
France,Single Room,Group,10,June 2024,2024,June,2.0,I will never stay in Portinari again,Staff Amabilite,The value for money
France,Single Room,Couple,1,June 2024,2024,June,8.0,Perfect if you need to sleep!,Very good value for money Listening and responsive staff,Lack of space in the bathroom
Portugal,Double Room,Couple,1,June 2024,2024,June,1.0,Go and not come back ...,No review,"Very degraded hotel, very dirty, a lot of noise not only of the street but also inside the hotel itself. The air conditioning is limited and managed by the reception staff and if you want to turn on or off they go to the room to do so. (Meaningless) The bedroom window was broken and the shutter would not even run so that it could be close in its entirety. To spend a night in a hurry it serves, for more than that doesn't even think.  Breakfast, based on bought, quality things, no beautiful cakes or quality coffee. For two stars, no matter how much it is, it deserved much more care. Breakfast photos as well as the facilities do not say the state of the hotel."
Brazil,Double Room,Couple,1,May 2024,2024,May,9.0,excellent,Kindness of attendants,nothing
Portugal,Double Room,Family,1,June 2024,2024,June,1.0,Experience not to repeat,Service of employees,Cleaning and convenience of the room  Super uncomfortable bed with the feeling that one will leave in a thousand bits. Uncomfortable mattress.
Germany,Single Room,Solo traveller,1,June 2024,2024,June,2.0,One of the worst hotels I've ever visited.,The house was at the specified place. Breakfast was okay.,"Very down. Dirty. Small rooms, ..."
Spain,Double Room,Couple,2,June 2024,2024,June,4.0,Dissure and uncomfortable,Situation near Metro and Bus in Center Ciutat,"Old, left, obsolete facilities, and due, without a lift, a small reform would not be bad.  The photos are engaged in what you find. They need to improve to follow"
Brazil,Single Room,Solo traveller,1,June 2024,2024,June,10.0,Welcoming environment and great location.,The kindness and agility of employees is excellent !!,No review
Portugal,Double Room,Family,2,May 2024,2024,May,4.0,Disappointing,"Service, and breakfast","Room walls with mold, the photos showing the facilities are quite different, old building bad care"
France,Double Room,Couple,3,May 2024,2024,May,3.0,Reasonable,"The four are good but need a remodeling in terms of painting, change of locks and change of taps from bathrooms",The mattress is hard
Germany,Twin Room,Group,3,May 2024,2024,May,3.0,Poor,"The staff was very friendly and helpful, there is nothing to complain about here! Since we had to go to the airport early before breakfast, the employee went very much to take care of ourselves.","Pretty rough mold in the bathroom. Hair distributed from the predecessor in the bathroom. In general, the bathroom was not very inviting and rather an imposition"
Spain,Double Room,Couple,2,May 2024,2024,May,4.0,Disappointing,The staff was friendly.,Old and dirty rooms.
Portugal,Double Room,Couple,1,May 2024,2024,May,1.0,Bad,Nothing,Worst accommodation I've had to this day. Very small double bed is uncomfortable. Very hot and the air conditioner does not work.  We do not have access to air control. Sleep with the window open to soften the heat but a lot of noise. Very small bathroom.
Spain,Double Room,Couple,1,May 2024,2024,May,1.0,I didn't like anything,I did not like it because they show some things in photos and then it is another when you get to accommodation,It was not as seen in Booking
Spain,Double Room,Family,1,May 2024,2024,May,10.0,Exceptional,I loved it,No review
Portugal,Twin Room,Solo traveller,1,May 2024,2024,May,1.0,Bad,Service,"Uncomfortable bed, the bathroom door did not close, there was no elevator, the ventilation was always on and made too much noise, making it difficult to sleep. The air conditioner was always on and could not turn off, leaving the room extremely hot. There was no hair dryer, the bathtub was not isolated, the floor of the bathroom was all wet, etc., a bad experience"
Portugal,Double Room,Family,1,May 2024,2024,May,2.0,I didn't like it.,No review,"The hotel had no water when we arrived at the scene and the situation extended at night and the morning of the next day or to wash their teeth and the direction did not get any alternative, nor negotiated returning the value, or half as I suggested. I asked the complaint book and an employee still encouraged the complaint. I found a lot of lack of character, had a payment of a service they did not provide. All of the other rooms are heard. It is away from the center. This is lost customers. I do not recommend."
Portugal,Double Room,Couple,1,May 2024,2024,May,2.0,Much,Service,Nothing in general
Portugal,Twin Room,Family,1,May 2024,2024,May,4.0,I do not recommend,The employees were friendly and apparently the cleaning was done,"The building is very old and without maintenance, breakfast is very limited"
Portugal,Double Room,Couple,2,May 2024,2024,May,2.0,DISACKING! Not to go back or recommend!,"Location; The availability of an employee to offer to make eggs, for breakfast;","The stay in general was a disappointment. Very little friendly employees; Rotes, did not clean the room and exchange the hangers after the first night, because we would have to ask the same, something that never informed us that it would have to be requested; After complaint of the situation, they only gave us a sheet of bed and bogs and suggested that we ourselves change the bedding; Curtain of the bathtub with moisture; To use/ change/ turn on/ off the air conditioner had to go to the room for someone from the reception because the commands could not be in our power; Very modest breakfast; During the dawn when we arrived, we realized that they remove the pressure from the water from the shower, we had to contact the reception to resolve the issue;"
Brazil,Single Room,Solo traveller,9,May 2024,2024,May,10.0,Fantastic,"Employee attention, cleaning of accommodation... I recommend",No review
Portugal,Twin Room,Couple,1,May 2024,2024,May,2.0,Very poor,No review,Too old to continue in operation.
Germany,Double Room,Couple,3,April 2024,2024,April,8.0,Very good,There is a good breakfast and an optimal transport connection to the center.,No review
Spain,Twin Room,Group,1,May 2024,2024,May,1.0,Pesima,Nothing,There are cleaner jales that this accommodation are pummous are supposed to be a 2 -star hotel but it is not up to a hostel nothing looks like what it puts in booking
Portugal,Double Room,Family,3,April 2024,2024,April,1.0,Bad hotel,There was nothing that pleased.,"The hotel was unfortunately dirty, the bedding had bad smell and pined, with mold, lack of maintenance in the rooms and a horrible machine noise. It has no elevator and the stairs are a danger to anyone. One of the worst hotels I already got. I do not recommend !!!"
Germany,Single Room,Solo traveller,2,April 2024,2024,April,3.0,Poor,Rental,"Small room, high price. Personal not friendly."
Portugal,Single Room,Solo traveller,1,April 2024,2024,April,10.0,Harmonious place with excellence in serving us,"All perfect, helpful employees, excellent breakfast, great location","There was nothing I didn't like, I was very well welcomed"
Portugal,Double Room,Family,1,April 2024,2024,April,9.0,"Wonderful, comfortable.","I really enjoyed the sympathy and help of the work when I chec in, the cleaning and comfort of the room, the sanitation of the bathroom, the porch in the bedroom. Breakfast was great. It went really well","Cafe could be a little better, it was instantany and was very strong, but to customers who like it and just a small repair because everything was very good."
Portugal,Twin Room,Family,1,April 2024,2024,April,8.0,Very good.,The breakfast was very good. Quite varied.,All is well.
Portugal,Single Room,Solo traveller,1,April 2024,2024,April,1.0,Bad,No review,Of the noise that came from abroad. It is not possible to sleep
France,Single Room,Solo traveller,1,April 2024,2024,April,9.0,Superb,I appreciated the very friendly welcome in French,No review
Spain,Single Room,Solo traveller,2,April 2024,2024,April,8.0,It has an acceptable price quality. I would repeat.,The staff is very friendly.,In the room the noise from outside could be heard. And the bed is not entirely comfortable.
Brazil,Single Room,Solo traveller,1,April 2024,2024,April,9.0,Superb,Easy Location,No review
Spain,Single Room,Group,3,April 2024,2024,April,8.0,Improveable but correct,The varied and good breakfast Good location to move by car,The old mattresses Noise from some machine in the room
Portugal,Single Room,Solo traveller,1,April 2024,2024,April,2.0,Very poor,Cleaning,"Do not fulfill the sound minimums. It is not possible to sleep with the constant noise of an exhaust that echoes throughout the building. Until they eliminate this failure, the hotel should be closed."
Portugal,Double Room,Couple,1,April 2024,2024,April,1.0,Bad,No review,"Bathroom without light, ceiling full of moisture, super stiff mattress, cleaning left a lot to be desired, changed the bedroom and in the new room was not given bath towel and the window glass was broken. Experience that we will certainly not repeat again"
Spain,Double Room,Family,1,March 2024,2024,March,1.0,Lousimah,Nothing,The very old rooms there was no heating m complaint m gave a portable heater that m m mama and on top of sparking that neither heated and like me all the rooms  Noise from a buzz in the room Q m complaint and m said the girl who could not be removed  There was no elevator and we climbed a narrow staircase Very bad I hope I sleep better in my van that there is
France,Single Room,Solo traveller,1,March 2024,2024,March,8.0,Practical hotel,"Correct volume and interior of the old -fashioned room but everything is functional with good bedding. The metro and buses right next to it with all the services. Breakfast is very good. On the eight cheap hotels I have done, there is nothing to complain about. The welcome is very good. The + is a real hotel with someone night and day to control the entries and exits. If you arrive earlier you can drop your luggage before taking the room.",The question
France,Twin Room,Couple,1,March 2024,2024,March,8.0,Very good,Small quiet hotel and good quality/price,No review
France,Double Room,Group,2,March 2024,2024,March,3.0,to be avoided,well -located,"No heating. icy room. bathroom from another time. Degradation of the walls, ice of the broken cabinet. Rooms on the 2nd floor when there were on the 1st because we were changed for the air conditioning that did not work.  No elevator: Obliged to mount our bags 20 kg in the second then in the 1st (I specify that we were all seniors)"
Brazil,Single Room,Solo traveller,2,March 2024,2024,March,9.0,"Comfortable, safe, I recommend.",Comfortable and silent room.,I liked everything that was offered.
Portugal,Single Room,Solo traveller,1,March 2024,2024,March,1.0,Not worth the value,Employees,"Noise, dirt,  Breakfast"
France,Double Room,Couple,1,February 2024,2024,February,1.0,Horrible,Nothing  To flee Insalubre and dirty,All
France,Double Room,Couple,1,February 2024,2024,February,2.0,Fortunately we only had one night left,No review,"Omnipresent urine smell, very bad insulation which resulted by a very low temperature in the room (sleeping in coats), sheets not very clean and seemed to be used."
Portugal,Double Room,Family,1,February 2024,2024,February,10.0,Exceptional,I liked everything. One day I will come back again.,No review
Portugal,Double Room,Couple,2,December 2023,2023,December,8.0,,No review,No review
Portugal,Double Room,Family,1,January 2024,2024,January,8.0,Very good,Mattress,Lighting of the bathroom
Spain,Double Room,Couple,1,January 2024,2024,January,1.0,Bad,No review,The room is dirty and apart does not work the heating was cold the room and the bathroom is everything to change the towels have yellow spots were to change the sheets were unwashed
Brazil,Single Room,Couple,1,December 2023,2023,December,10.0,Perfect we will come back more often,I liked everything hotel well located all very clean and the perfect breakfast thanks,No review
Portugal,Double Room,Family,2,January 2024,2024,January,2.0,Uncomfortable,Good breakfast and good location,"Very old facilities, with moisture on the walls and rust in the toilet. Party mirrors and spoiled locks. Mattress with loose springs. In the toilet at bath time the water from the rainwater wet everything because there is no safeguard."
Portugal,Double Room,Solo traveller,1,December 2023,2023,December,3.0,I do not recommend!,The only positive thing was employee service.,"Weak maintenance of the toilet facilities.  Worse than that, I was denied to have the command of the air conditioner in the room. Each time I needed to change the AC temperature I had to ask him from an employee. Bad conduct from those who implemented such a rule, would say unthinkable !!!  The hotel answers ""excess zeal from the employee""?!?! So reinforcement: There were 3 employees to exceed the zeal, because the command was denied me by 3 employees! Do not try to cover the sun with the sieve ..."
Portugal,Single Room,Solo traveller,1,January 2024,2024,January,10.0,"Good, with the possibility of return.","Simple hotel, but met my expectations. Breakfast also simple but satisfactory. Good location and easy access.",No review
France,Double Room,Family,6,January 2024,2024,January,8.0,I loved my stay,Ideal location near the metro (5 minutes walk). We go to the center of Porto in 10 minutes.  Extremely friendly staff. I will come back.,Mobilier and hotel in itself require a renovation.
Portugal,Twin Room,Couple,1,January 2024,2024,January,3.0,Bad stay.,Nothing corresponds to the photographs.,Rooms full of moisture and weak cleaning and comfort.
Hungary,Twin Room,Family,1,December 2023,2023,December,3.0,Poor,No review,"There was no heating, it was very cold"
Spain,Double Room,Family,1,December 2023,2023,December,9.0,Superb,Very friendly and considered. We were traveling with a 20 -month -old boy and let us enter a little before the usual Chekin. Very complete breakfast. Small but cozy hotel. It is the second time we are going and we will return,No review
Spain,Double Room,Couple,3,December 2023,2023,December,1.0,Bad,No review,"Nothing to do with the photos they put, upon arriving with the bags it turns out that there was no elevator, we arrived at the room and the balcony blind was totally fallen, it smelled unpleasant, and to close the door of the room it was an odyssey, it was half broken .. in general I do not recommend it. And to top it up the air conditioning was not in the room, you had to go down to receive so that they would rise or lower the temperature themselves, we had to get up at midnight because it was cold and low"
Portugal,Single Room,Solo traveller,1,December 2023,2023,December,2.0,Very poor,No review,"Cleaning, bedroom state, smelling bath towels"
Portugal,Twin Room,Couple,1,December 2023,2023,December,3.0,Poor,Basically nothing,"The room with little lighting, the walls were all dirty with moisture, the bathroom badly washed"
Portugal,Double Room,Couple,1,December 2023,2023,December,9.0,"Perfect, nice room, good shower, friendly staff and excellent breakfast.","The service was fine and the reception warm. The air conditioning in the Senate had no remote control, so we were assigned another room. Solved quickly and adequately.",No review
Portugal,Double Room,Solo traveller,2,November 2023,2023,November,4.0,Disappointing,Location,ROOM CLIMATING
Portugal,Double Room,Group,2,November 2023,2023,November,4.0,Disappointing,No review,"Like and state of the facilities, with degraded rooms, broken stores we couldn't even open (we could never see sunlight), cleaning could be much better, median breakfast."
Portugal,Double Room,Couple,4,November 2023,2023,November,3.0,Not very pleasant,No review,We were woken up by the cleanliness to drag furniture from other rooms and listening to loud music. And we still wanted to leave the room and the door was barred...
Italy,Double Room,Couple,2,November 2023,2023,November,1.0,Sucks,Sucks,It should be closed
Brazil,Double Room,Couple,1,October 2023,2023,October,4.0,Disappointing,No review,Leakage in the bathroom.
Portugal,Single Room,Solo traveller,1,November 2023,2023,November,4.0,Disappointing,Cleaning. Location. Quality Wi-Fi.,"Very cold room. Although they have air conditioning equipment, they do not make the command available :-(. On the contrary, the shower water was dangerously hot !!!"
Portugal,Twin Room,Family,1,October 2023,2023,October,8.0,Very good.,No review,Little clothes in bed. I felt cold.
Portugal,Double Room,Couple,3,October 2023,2023,October,4.0,Need urgent maintenance,Breakfast is very good. You can take a bath of hot water for a long time and the water keeps a wonderful temperature. The reception staff were helpful.,"Hotel to need general maintenance - WCs with rusty and rusty channeling, tub with fully clogged water flow systems, poor painting bedroom doors, missing tips stairs, TV not being able to catch the cable signal, centapers to climb the walls of the hotel corridors, turns out to the service it presents."
Portugal,Double Room,Couple,2,October 2023,2023,October,4.0,Deceptive,Little. Only the sympathy of the first receptionist.,"Super uncomfortable room, unattractive, immense noise of other guests, both in the hallway and in the rooms, very unimor, announce parking and the same is on the back street ..."
Portugal,Double Room,Couple,1,October 2023,2023,October,8.0,Very good,Cleaning,No review
Portugal,Single Room,Solo traveller,1,October 2023,2023,October,4.0,Disappointing,Location,Quarto
Germany,Twin Room,Couple,2,September 2023,2023,September,9.0,Superb,Breakfast was very good.,No review
Brazil,Single Room,Solo traveller,3,September 2023,2023,September,4.0,Disappointing,Location,There are no amenities ..
Portugal,Twin Room,Solo traveller,1,October 2023,2023,October,4.0,To remedy,Price and the fact that it includes breakfast,"The overall aspect of the rooms, chipped painting, lack of very small elevator absence."
Spain,Twin Room,Family,2,October 2023,2023,October,1.0,Don't even think about going to this hotel,"Nothing, disaster","Dirty and obsolete bathrooms, bad smell from reception to the same room, spoiled furniture, broken doors, scandalous rooms with outer noise impossible to bathe or rest"
Spain,Double Room,Group,2,October 2023,2023,October,9.0,Superb,"The attention of the staff that were very nice and friendly, the buffet that was still small and good quality and the location since there was very close bus stop and the subway.","That the noise of the street was heard, although it was calm when people passed a lot."
France,Twin Room,Family,1,September 2023,2023,September,8.0,Very good,Very well slept ... and very welcome,No review
Germany,Double Room,Couple,1,September 2023,2023,September,1.0,Room not available,"Nothing, we didn't get in.","Despite reservation and booking on Booking.com, we didn't get a room and had to look for another hotel. Fortunately, you don't have to pay in the app beforehand ..."
Brazil,Double Room,Couple,1,October 2023,2023,October,3.0,Hosting for short periods and without luxury,"Wi fi signal is good, security, near the subway (train) that costs 1.50 euro and takes you to downtown Porto in minutes, next places to feed","Old furniture, bad bed, dark atmosphere, with dirty and poor care, old bathroom with bathtub and low shower, air conditioner does not work and the air control is at the reception, to change, turn on or off you have to call the employee (what the meaning of this, it would not be easier to deliver the control at the entrance and request in the morning) has the basic, but nothing that is surprising, the parking lot is on the street."
Portugal,Single Room,Solo traveller,1,September 2023,2023,September,3.0,Poor,Sympathetic employees,Very small bathtub. There was no towels to clean the body. A lot of noise inside the hotel. Price/Quality ratio is very expensive
Portugal,Single Room,Solo traveller,1,September 2023,2023,September,3.0,Space and very bad conditions,Breakfast,"Of the conditions and state, very degraded"
Brazil,Single Room,Solo traveller,4,September 2023,2023,September,10.0,The best cost benefit of the city of Porto,For many years I come here! The cost benefit is the best in the city of Porto!,I liked everything!
Portugal,Double Room,Couple,2,September 2023,2023,September,1.0,Bad,Nothing,All. Bad installations Horrible We gave up on hosting when we arrived and saw the facilities. Must remove this establishment urgently from the hosting list.
Spain,Single Room,Solo traveller,5,September 2023,2023,September,8.0,Very good,breakfast,No review
France,Double Room,Family,2,September 2023,2023,September,8.0,Very good,Breakfast. Friendly and smiling staff. Good information for our trips.,No review
Brazil,Double Room,Couple,4,September 2023,2023,September,3.0,Bad hotel!,"Cleaning, employees, breakfast.","Horrible bathroom, very narrow tub box with a plastic curtain that stuck all the time in the body, a permanent sewage smell in the bathroom that reached the bedroom, the balcony door falling and did not open right, the only refrigerator in the bar was broken, there was no cold water when we reached a heat of 33 degrees. I questioned this and the receptionist said she couldn't leave it in the room because she deregulated. In the middle of the night I had to go down the stairs because it has no elevator, take, regulate and return to the reception then. Totally insane this! We will never return to this hotel."
France,Double Room,Group,1,September 2023,2023,September,2.0,The hotel is dirty,No review,"The cleanliness really leaves something to be desired  We found hair and hairs on the beds, as well as in the bathroom and on the toilet We have changed rooms and even if the problem persisted in the second it was better"
France,Double Room,Couple,1,August 2023,2023,August,4.0,We were disappointed with the value for money,No review,"Cleanliness leaves something to be desired. Being allergic to mites, I confirm that there were beautiful and well in the room. Drugs still present in the hair, sheet not clean ...  Breakfast being really average for a 2 star."
Romania,Twin Room,Group,7,September 2023,2023,September,10.0,Sejur-porto nice city,"Breakfast has been varied and the location is close to the means of transport, subway, buses and you can buy andante Tour card for 3 days from Andante Chiosc on all areas with all means of transport","Old hotel, no three -storey elevator, no English staff refrigerator you don't really understand with them"
Portugal,Single Room,Solo traveller,3,August 2023,2023,August,2.0,Very poor,"No comfort, and need repairs",From the bed. Bathroom
Unknown,Single Room,Solo traveller,1,September 2023,2023,September,2.0,In need of renovation and outdated. Not recommended!,Breakfast was okay,"Hotel is heavily outdated and urgently in need of renovation. Bathroom with mold formation on the ceiling, air conditioning without function, fittings totally deteriorated and calcified. Balcony allows a view of the neighbor, this is dirty with a thousand tips."
Spain,Twin Room,Couple,1,August 2023,2023,August,3.0,Disappointing. Room with bugs.,Correct breakfast,"The experience was very disappointing (to start it must be said that the hotel has no elevator so you have to raise your bags by weight). The hotel is in a very improvable state. Old wood and cleaning that leaves much to be desired. Soon to go to bed (1 am) we realized the existence of a pest of bugs in the room and in our matt minutes. After this, not a single detail of courtesy or reimbursement of the room money, by the hotel."
Spain,Twin Room,Family,4,August 2023,2023,August,4.0,Reformas ... ya,No review,"Very left hotel, deteriorated facilities ... the shower was silent while I showered me"
Portugal,Double Room,Couple,1,August 2023,2023,August,4.0,Deception,Location  Breakfast was average,Error 500 (Server Error)!!1500.That's an error.There was an error. Please try again later.That's all we know.
Brazil,Single Room,Family,1,August 2023,2023,August,1.0,My stay was terrible! Not to repeat!,Hotel near Metro;,"Slowness and oblivion of the staff (check in it took more than 30 minutes and tried to charge the tourist fee twice); The three reserved rooms were dirty, the door did not open or close easily, some lights were burned, the air conditioning command was not present in one of the rooms and there was no way to turn off (attempts were made in receipt to solve this problem, but all were denied and we ended up sleeping very cold!); There is no insulation in the room, the walls are thin and everything is heard (including the movement of other guests);  At night he began hearing a loud noise of music at the reception. It was impossible to sleep like this; Accommodation has no accessibility, since there are only one bid of stairs and not an elevator;"
Spain,Double Room,Couple,5,July 2023,2023,July,1.0,Bowl pest,"Staff very well, good breakfast and location well",Deteriorated facilities and rooms and beds infested with bedbugs
Spain,Double Room,Family,2,August 2023,2023,August,1.0,Please do not go to this hotel,Nothing,"I would never come back. The conditions of this hotel are unfortunate. A hotel in these conditions should not be open to the public. I don't know how it has 2 stars. Web photos have nothing to do with reality are misleading. They charge a municipal tax that I doubt it is really.  The room is dwarf, we do not fit almost even the door. They put us on the second floor without elevator, with a baby and pregnant. The cleaning of the Malisima hotel, all the rooms just as bad, full of humidity just like the bathroom, could change the toilet because the state is unfortunate, the bathtub without curtains, the light cables on the outside, the glass of the closet is broken and the walls with cracks .. the hotel must be 70 years old and the years of course pass. You need in depth. While in bed the air began to drip and created a huge puddle on the ground. They had to change the room at 12 at night, the air conditioning did not work in the other room, in the middle of August, even on top of the reception, he told us that nothing happened if we had no air as if we had to thank him still on top. It was a disaster, we had to move the cradle to the other room along with the rest of the bags and everything. They neither helped us nor compensated for all the accident. In addition, the next day they told us that we had to leave that room at 2:00 p.m., to move 2 -story bags without elevator and go up again when the room was free when we had another night but for having changed that this room was going to be for other customers."
Spain,Double Room,Couple,2,August 2023,2023,August,3.0,Pay attention to reviews,The price because I can't find something else,"Where to start, it is a hotel that brings you back to the 50s because the furniture must continue to be the same of that time. It fell into pieces. You need a serious face washing. Breakfast does not take it, it gives the feeling that day after day they put the food that did not eat the day before, nor gift would eat that food. Sorry I didn't like it"
Brazil,Double Room,Couple,5,August 2023,2023,August,10.0,Excellent,Excellent location,No elevator
Spain,Double Room,Family,2,August 2023,2023,August,9.0,Superb,"It is well located, which has a winged restaurant, you can go in transportation for some places it is fine with the price and quality well. The attention well with the attentive staff in everything",No review
Unknown,Double Room,Family,1,August 2023,2023,August,1.0,Disastrozoo,The care of workers,"I didn't like many things 1The ""Alleged room was not from the photo"" 2 Cleaning  3 The bed was for a person (in the reserve was a double bed) my husband had to sleep on the ground since we were 3 with my baby  4The Colchom God of spring, we nailed to us all over our backs  5 had no laundry. 5The very uncomfortable bathroom  6 scarce towels (eye) 7 says there is parking (there is no parking) 8 Bath light did not work  And endless things  Eye does not look good! If you want head and back pain, don't go"
Spain,Twin Room,Couple,2,August 2023,2023,August,2.0,Factory type hotel to not come back.,Poor but reasonable breakfast.,"The room with renegras walls. Little cleaning on the floor. Horror bath with oxidized tubes by the walls. The glass shelf was missing under the mirror in the room A huge tube in a corner produced a constant noise throughout the night as an running extractor. We don't stick an eye. The next day I complained and asked for a solution. They shrugged. I threatened to call the police and finally changed my room, just as bad but without tube or noise. On the street they spend night and day buses and cars producing a huge noise. Indecental place that does not deserve even the pension title."
France,Double Room,Group,7,August 2023,2023,August,8.0,Very good,"Very welcome, affordable price. Air -conditioned room. Team attentive to our needs. We thank Jasmine for her kindness.",Old -fashioned side. A small refreshment in the bathroom is necessary.
Spain,Double Room,Family,1,August 2023,2023,August,1.0,Bad,"Breakfast, abundant and all ordered","Very old and very badly preserved all old and oxidized place, they should also indicate that it is not suitable for people with reduced mobility, very extruding and uncomfortable stairs."
Spain,Twin Room,Group,2,August 2023,2023,August,10.0,Genial,ATTENTION The location  The buffet breakfast,The pillow could be bigger
Italy,Single Room,Solo traveller,1,August 2023,2023,August,4.0,Disappointing,Location.,"Hotel urgently needs great remodeling.  Bathroom with exposed pipes, peeling walls, and the bedroom doors are old."
Spain,Single Room,Solo traveller,4,August 2023,2023,August,3.0,Mal,"A good breakfast [buffet] is served. The last day as we did the Check out early, before the usual breakfast time, the receptionist offered us to take cookies ... but we did not feel like breakfast after the bad experience we had in the room ...","The hotel is not in conditions, you can't put a customer in a room like what we were. Every old man and you can even meet bugs .. In addition, the room is not cleaned if you do not leave the key before 11.00h."
Spain,Twin Room,Family,3,August 2023,2023,August,1.0,Bad,I didn't like anything,"Without elevator, all very old, the air conditioning could not be extinguished or regular, the blind of the room stuck at medium height, the bathroom without comments, in short, if possible it would never return to that hotel that says that they are 2 stars and does not deserve any star, it would not have to be called a hotel."
Spain,Double Room,Couple,2,August 2023,2023,August,1.0,Pesimo Hotel,Breakfast,"Dirty, broken mirrors in the room, old towels and spots, wall with churretones and holes, humidity on the roof, rusty bath, air conditioning lost water and a puddle. Being Sunday they did not fix it"
Spain,Single Room,Solo traveller,3,August 2023,2023,August,9.0,Superb,Wide room with clean towels and a balcony and very well air conditioning and simple but enough breakfast,I liked everything
Unknown,Twin Room,Couple,1,August 2023,2023,August,8.0,Clean environment and good location.,The space was well sanitized and in great location.,Disclosure images of the accommodation are not up to date.
Netherlands,Single Room,Solo traveller,1,August 2023,2023,August,4.0,"Very, very moderate hotel.",Nothing actually. Maybe happen to park for free along the road.,"Super noisy, noisy other guests with which nothing was done, noise of extractor system"
Brazil,Twin Room,Couple,3,July 2023,2023,July,8.0,Satisfied.,Breakfast well served with good location near the city's subway system station.,Side parking and not at the hotel itself.
Spain,Twin Room,Couple,1,July 2023,2023,July,4.0,Disappointing,Nothing,All
Spain,Twin Room,Family,3,July 2023,2023,July,4.0,Disappointing,"I liked to be fulfilled that there was room to park the car on the street freely, as the ad said.",Especially the elevator. It was a great surprise that the hotel had no lift. We were on a second floor The first night we were left without electricity I imagine for overload. Then the truth is that we were to compensate for the noncvdnients and invited each other at a day breakfasts.
Angola,Double Room,Family,1,July 2023,2023,July,3.0,"My stay at this hotel was terrible, I do not recommend to anyone. Thanks",Breakfast was reasonable and hotel is well located,"I didn't like the room: dirty bath sheets and towels, bed with many bed bugs (it was a disgust). The receptionist who made us chek in was not very friendly."
Portugal,Double Room,Family,1,June 2023,2023,June,1.0,Bad,No review,Room in poor condition and with noise due to a malfunction in the air conditioner all night!
Spain,Double Room,Couple,3,July 2023,2023,July,3.0,Poor,The attention of the staff and that at breakfast towards the biscuits at the time.,"The rooms require a reform, especially the bathroom. Throughout the stay and especially at night, a continuous sound similar to the centrifugation of an endless washing machine was heard."
Spain,Twin Room,Family,1,July 2023,2023,July,4.0,Disappointing,The staff.,There was a lot of noise in the room like industrial or extractor air conditioning passed a tube through the room
Spain,Double Room,Family,1,July 2023,2023,July,4.0,Disappointing,Location,Little personnel
Poland,Twin Room,Couple,1,July 2023,2023,July,3.0,Hotel for general renovation - it's better to pay extra and stop in a different place,Tasty breakfast and location near the metro station.,"I stopped at this hotel for the second time, one night before the holiday flight. I was hoping that maybe a different room would be closer, but unfortunately this did not happen. The whole hotel is suitable for general renovation, because most of the equipment is depleted to the limit. Bathroom equipment was better not to touch. The rooms are tight and loud."
Poland,Twin Room,Couple,4,July 2023,2023,July,3.0,Hotel for general renovation - it is not worth the money,Tasty breakfasts and location near the subway station.,"Unfortunately, the hotel is for general renovation. In the room, all equipment would be suitable for replacement. For example, the shower curtain was so dirty that I didn't even want to touch it. The room was also very loud from the street."
Brazil,Double Room,Family,10,July 2023,2023,July,8.0,Very good,Employees are very attentive and the location is excellent. Good cost benefit.,Very simple breakfast. In the room there is no fridge.
Portugal,Double Room,Couple,1,July 2023,2023,July,3.0,Location and nothing more!,"Location, very close to the meter and with a wide variety of restoration services.","Very poor hotel, virtually everything is damaged and obsolete. Air conditioning did not work, they left a fan in the room, huge and super noisy. TV guaranteedly about 30 years old.  Cleaning of the reasonable room, but extremely careless areas during the stay the light was missing several times."
Portugal,Single Room,Solo traveller,2,July 2023,2023,July,1.0,Bad,Nothing!,"All terrible, I spent from 16 to 21h at the hotel without light, too dirty place. I asked for return of the amount and had to pay more in another hotel to spend one night only, I only took losses."
Portugal,Single Room,Family,1,July 2023,2023,July,3.0,Poor,Location and breakfast that was acceptable,"It is totally degraded, without any maintenance. Horrible walls and ceilings, doors of horrible rooms, lack of towels, finally, terrible"
Germany,Twin Room,Solo traveller,3,July 2023,2023,July,2.0,Very poor,That the breakfast was included,"The room was out of date. The mattresses were very old and uncomfortable. The lady at the reception does not speak English. It is very loud in the rooms, you hear every guest and every car."
Romania,Single Room,Group,5,July 2023,2023,July,4.0,Working visit,It was close to the place where the conference was held and close to the means of transport.,Poor breakfast. Without variety. Not even the slightest attempt to clean the room. From the first to the last day the Gonoi basket was full. They kicked us out at 11 o'clock.
France,Double Room,Couple,3,June 2023,2023,June,10.0,Amazing !,"Reception, breakfast, staff.",No review
Spain,Double Room,Couple,1,June 2023,2023,June,1.0,Horrible because of my allergy we suspend the holidays.,"Well, this can not be called a hotel, it is rather Hotelucho de Carretera, because they were not soundproof, how every 5 minutes passed bus, a lot Tremendous noise, the roof with quite stained with moisture, so as not to tell the bed the bedding quite clean and very white that must be reciprocated but the legs of the bed appeared and it sounded like it wanted to break and I realized that they folded, that bad experience, I only slept an hour because the smell of humid We endured what dawned a little, Lek was that we left and we could not enjoy Porto because neither nose did not stop bleeding from the allergy what caused me the smell of mold. That is why you can't call a hotel if you had half a star or I saw it. Bad experience to anyone recommends it if he suffers from allergy.","Please stop Veder smoke, put a super photo that does not resemble reality, they have to change the door, TV, closet of the stone age, the bathtub, the horrible pipes hide it, regulate the hot water because I almost left the skin of super hot, ventilate the rooms, change the floor and put it what is tiles of the 70s, it seems to me that it was a house and they settled to play to play. That of Guay nothing. We arrived in Porto Thursday at 19 to last 3 days but of course not in that accommodation, but because of my allergy we could not stay we left little for 6 in the morning."
Italy,Single Room,Solo traveller,1,June 2023,2023,June,3.0,Poor,The position and friendliness of the staff,"It is dirty small rooms, it has no lift"
Spain,Twin Room,Family,3,June 2023,2023,June,4.0,Ancient and little attended,"Already described .. old, very unattractive .. and one day they don't make you the room .. they don't put gel or shampoo daily",The above described
Unknown,Single Room,Solo traveller,2,June 2023,2023,June,8.0,Buena,Good breakfast and also its location,It has no elevator
Portugal,Single Room,Group,1,June 2023,2023,June,4.0,Disappointing,Reasonable breakfast,Fourth and toilet amenities.
Portugal,Twin Room,Family,2,June 2023,2023,June,8.0,Very good,WONDERFUL SERVICE  Very good breakfast..SO CLEANING THAT COULD BE BETTER .. BATHINGS LEAVE TO WISH ... I went to see the bed and but proved that they did not change the sheets ...,Cleaning could be better ... bedding was not changed .... but the earlier guests slept and only stretched the sheet ...
Portugal,Single Room,Solo traveller,1,June 2023,2023,June,1.0,I will not come back.,Nothing,Noise
Ukraine,Single Room,Solo traveller,6,June 2023,2023,June,8.0,"In general, I liked everything. A good ratio of price and quality!","Good budget hotel. Everything is very clean. Especially linen. The breakfast is continental, quite diverse. Close location from the metro.",Poor sound insulation is heard the sound of the voices in the corridor and the next room.
Argentina,Double Room,Family,3,June 2023,2023,June,9.0,Superb,Practical and good value for money,All good. 2nd floor stairs
Germany,Double Room,Couple,1,June 2023,2023,June,1.0,Bad !,Only the entrance!,The rooms do not correspond to the rooms from the VEB side. Very loud noises il bad dine almost sleepless night. The entire furniture including the entrance door is in need for cleverly picking !!! The walls could tolerate a new coat of arms! In the bathroom exactly the same!
Portugal,Double Room,Family,1,June 2023,2023,June,2.0,Very poor,Service,"No glass window had only night beaded the cold through the bruises of the stock out of the place. When I arrived I saw and I didn't like I tried to cancel but I couldn't, if I didn't lose the money from the stay I ended up. But I think Bokink should have more rigor to quality when we booked a room."
Portugal,Double Room,Group,2,June 2023,2023,June,3.0,For the price it could be better,No review,The air conditioner did not work. The bedroom door looked badly. It was listened to noise in the corridors easily. Even what was going on on the first floor was heard in the second...
Portugal,Single Room,Solo traveller,2,June 2023,2023,June,1.0,Bad,I liked the location close to the Sao Joao Hospital Nearly in front of the amoei hospital,"I did not like the hotel in yes no booking had three stars in the hotel fixation has two stars, but the appearance of the smelling hotel right at the entrance to the bed with dirty monfo -smelling sheets, breakfast relay I was sorry to choose that hotel.  Please review the images they put in Booking, the next trip I will not use your services."
Spain,Double Room,Group,3,June 2023,2023,June,3.0,"I would not come back or for free, shabby not the following","Breakfast, few things; But all correct. Good coffee, good bread, good fruit. The pleasant receptionist, the unpresentable owner.","We took supplementary bed at EUR 25/night and they brought it at 23:30 and it was broken, complicated to sleep, the next day they brought another one that was broken, then we had to throw the mattresses to the ground the three nights. They wanted to discount me only EUR 7 in total, that of course I refused and in the end the mattress on the floor came to EUR 12.5/night. The bathroom of the 60s and air pipes did not close the door and creaked. The air conditioning of the rooms made a horrible noise and that of the neighbor the worst had him on the three days, yes, I really enjoy the groans that were heard. CONCLUSION The worst room we have slept in a long time ... very shabby everything."
France,Twin Room,Couple,4,June 2023,2023,June,2.0,Nul,Nothing,- Room not clean at all  - No soundproofing (noise of the VMC all night so we did not sleep) - no refund because we came 3 days instead of 4 because of a change of plane schedule)  - No change of room when we haven't slept 3 nights  - No hello   Catastrophic.
Brazil,Double Room,Couple,4,June 2023,2023,June,10.0,Exceptional,The sympathy and cordiality of employees !!,The bed and pillows very uncomfortable.
Brazil,Double Room,Family,6,May 2023,2023,May,10.0,Excellent.,"Near the metro, malls, supermarkets, fastfoods, gas station, etc... is in an excellent area in Porto. The service is great, super welcoming. Breakfast is wonderful!",No review
Brazil,Single Room,Solo traveller,3,June 2023,2023,June,1.0,bad,Educated employee and quick internet,"Broken shower, old intakes without maintenance"
Brazil,Twin Room,Couple,4,May 2023,2023,May,3.0,Poor,"From the photos, the bedroom and bathroom seem to be younger! It would be interesting a good renovation! Comfortable bed!",No review
Brazil,Single Room,Solo traveller,1,May 2023,2023,May,8.0,Very good,I liked the place nothing to say! Good hosting!,No lighting next to the bed No sockets to load the phone.
Portugal,Double Room,Family,1,May 2023,2023,May,2.0,"The cheap is expensive, it was terrible!",Nothing,"There was only one bath towel for two people, there was no face towel and carpet in the bathroom. There was no dryer, there was no rubber stopper for the bathtub, the blunders was damaged, there was no control for television and air conditioning, breakfast is not of great quality, the bathroom tile was broken, rooms very close to each other (without acoustic insulation)."
Italy,Double Room,Couple,5,May 2023,2023,May,3.0,Poor,"Very nice staff is helpful, breakfast included breakfast included in the price","The room very dirty and with very dated and ruined furnishings, very dated mattress is of very little quality (we slept very badly), the window door that gives the terrace it has a broken lock, therefore always open, also the terrace very dirty and which gives on a roof of eternity to say the least indecent, full of cigarette butts of cigarettes and varied dirt and with a fireplace that emitted an annoying buzz of an electric motor of an electric motor of an electric motor H24, the small bathroom, with mold on the ceiling and hairdryer essence (at the reception they told us that it is not there). In short, maintenance equal to zero."
Portugal,Double Room,Couple,2,May 2023,2023,May,4.0,"In addition to remodeling, employees need more training for proper care.","Cleaning and location. After complaint about room conditions, the employee was helpful trying to minimize discontent by replacing another room.","Hotel needs remodeling, room doors with low safety and aged, room without TV and air conditioning commands, broken phone. Moisture in the toilet, Estores did not close completely. Breakfast with little variety and absence of employees to replace the food and there was no coffee expressed."
Belgium,Double Room,Solo traveller,5,May 2023,2023,May,3.0,catastrophic place that does not deserve a single star,Not far from buses and trams,"The cleanliness, bathroom full of humidity, degraded toilet, broken mirror glass, smoked detector glued to sticky paper, no insulation, the balcony window is not closed"
Portugal,Single Room,Solo traveller,1,May 2023,2023,May,1.0,Degrading,Location,"Cleaning, noise of an engine all over, dirty bedding, animals on bedding, tv without command"
Portugal,Twin Room,Couple,4,May 2023,2023,May,4.0,Disappointing,The staff is well willing ...,"Cleaning, shower did not do the ""shower"" function was like taking a hose bath, lack of freshness in breakfast, a lot of damaged .... No command of TV and AC ... etc ... At night the reception is very bad Mr. that there is a long time to open the door because it is sleeping ..."
Ireland,Double Room,Couple,1,May 2023,2023,May,2.0,Very poor,No review,"Bad bathroom, take a shower and the floor turns pool, without taking off that the water did not go down the drain, and has no parking, the car is on the street"
Brazil,Single Room,Couple,2,May 2023,2023,May,4.0,Disappointing,Location,There was only one outlet working in the bedroom and was in the bathroom  There was no spare pillow to put in the room. They lent 2 pillows. I had not realized that I had no elevator at the hotel when I made the reservation.
Brazil,Double Room,Group,3,April 2023,2023,April,9.0,Very good,Great half lunch and great location.,The facilities were very old but comfortable
Spain,Double Room,Couple,2,May 2023,2023,May,1.0,I would never come back,I just liked breakfast that I consider it eighty,"The rooms are bad. The one they assigned to me had moisture on the walls, the bathrooms of the bathroom totally in sight, mold the bathtub, constant noise of an extractor, a balcony to a step of a dirty roof, the plugs did not work and a smell of ventilation cup. Request change and granted it to me. The second room only improves in moisture, pipes and views that were for the street"
Spain,Single Room,Solo traveller,1,May 2023,2023,May,4.0,Much work to do at the hotel,No review,Status and smell of the room
Brazil,Single Room,Solo traveller,5,May 2023,2023,May,10.0,Perfect,"All perfect, the employees are great already indicating to all friends.",No review
Spain,Double Room,Couple,1,May 2023,2023,May,3.0,uncomfortable room,They were friendly,"I had to ask for twice to give me towels. Moisture in the bathroom and mattress in poor condition. He did not sleep in bed and heat. In addition, the air conditioning did not work."
Portugal,Double Room,Family,1,April 2023,2023,April,1.0,Bad experience,Nothing,"A non -friendly reception employee, it seemed like it was on an terrace. Fourth arrival without doors on windows and spoiled injust. Nothing was done to solve the problem, at the time of Chek In at 1 am ..."
Italy,Twin Room,Family,6,April 2023,2023,April,1.0,Bad,"The worst place I was already, should be called Hotel Mofo !!!! Since reception already smells unbearable !!! Unfortunately I could not undo the reservation because I had already paid and could not cancel!  Anyway Pessimo!",Booking should not propose such a thing I'm feeling injured!  So much mold that I stayed with rhinitis! For only 30 Eurod you get in a decent place. Horrible breakfast if you like egg gemaden And ki juice is in the right place!  !
Portugal,Single Room,Solo traveller,1,April 2023,2023,April,1.0,Terrible. This hotel is unable to be in operation,You are welcome,All
Portugal,Single Room,Solo traveller,1,April 2023,2023,April,1.0,Nightmare,Nothing,The air conditioner was turned on and could not turn off. The employee said they were waiting for maintenance and could do nothing. The fucking fagot. Bad smoothness. Missed the coffee to repeat. Very bad.
Portugal,Single Room,Family,2,April 2023,2023,April,10.0,Exceptional,No review,Permanent noise abroad
United Kingdom,Twin Room,Couple,7,April 2023,2023,April,3.0,Disappointed,Two foncionaries,Cleaning without television and without air conditioning
Portugal,Double Room,Family,1,April 2023,2023,April,1.0,bad,nothing,"First there was the situation of the room is without the control of the air conditioner, we had to relocate ourselves in another, according to the room where we stayed the lamp was burned, the bathroom was all mold the ceiling, broken shower and cleaning in the bathroom was not there those things because even used soap had there."
Portugal,Double Room,Couple,1,April 2023,2023,April,1.0,Horrible,The Floor Lunch,"I didn't like having to pay the room again (I paid twice 45 EUR) at check-in. I did not like the cleaning of the bathroom and the bedroom, a lot of moisture and the mattress had no quality."
Portugal,Twin Room,Family,2,April 2023,2023,April,1.0,Misleading,Nothing,All. Cold. Too noise. My 8 -year -old daughter had been years ago. We spent cold at night. There was nothing of the descriptive of? Accommodation.
Spain,Double Room,Couple,2,April 2023,2023,April,3.0,"Old hotel, broken and little clean things",nothing,all
Portugal,Double Room,Couple,1,April 2023,2023,April,4.0,The quality / price seemed reasonable but some details could have been resolved easily,Price and location are good. The employees were friendly enough and the breakfast was reasonable.,"The facilities are degraded, there was no television working when this information is explicit on the site, there was a noise throughout the night that is uncomfortable, the sheets were faces and with blemishes and there was no dryer to dry the hair.  The quality / price seemed reasonable but some details were unnecessarily bad: lack of television, noise at night, sheets and beds with little inviting air and a dryer. These are all problems that can be solved easily.  It is important to note that at the reception there was an indication of an evaluation of 8.0 that is obviously false and should be the subject of inspection."
Portugal,Single Room,Solo traveller,1,April 2023,2023,April,4.0,Disappointing,service,broken shower and smell of cigarette
Portugal,Twin Room,Group,2,April 2023,2023,April,1.0,Bad,Location for being close to the colleges. Zone with restaurants.,Unbearable smell. BOLOR on the ceiling. Destroyed doors. Noises all night. Cold. Dirty sheets and blankets.
Portugal,Single Room,Solo traveller,4,March 2023,2023,March,2.0,"Dirty, old, needing an urgent renewal.",No review,"Dirty, old, needing an urgent renewal."
Spain,Twin Room,Couple,1,April 2023,2023,April,4.0,Disappointing,There were beds in the room,Old beds Old bathroom
Portugal,Twin Room,Family,1,April 2023,2023,April,2.0,The worst hotel where I have already had,Clean bedding and yougurte cake to breakfast,"Nonexistent parking, noise, I still come from the bedrooms that go to the bedrooms it seems that I was sleeping next to an engine, room 203 with television without canals, dirt with dirty, starting outstand, intensely smelling bath towels, excessive moisture and outdoor moisture and census ceiling in asbestos."
Brazil,Twin Room,Solo traveller,3,April 2023,2023,April,1.0,"Do not stay in room 204, unless it is deaf or immune to constant noises (24 hours a day).",Simple but satisfactory accommodation according to the price.,"Fourth 204, which I was assigned, had a constant engine noise on the slab or something to leave anyone crazy. It looked like an exhaustion of the bathroom because inside the bathroom the noise was even larger and to complete the warped door did not close. At night, to listen to the TV had to increase the volume a lot if it wasn't even possible to hear. I managed to sleep only one night because it was exhausted. The next day I checked. However, the hotel seemed to be full because they could not transfer me in a room. In the other rooms maybe the noise was smaller and bearable."
Portugal,Single Room,Solo traveller,1,April 2023,2023,April,9.0,Superb,The location is very good like the facilities.,No review
Spain,Double Room,Family,3,April 2023,2023,April,3.0,Poor,A hotel where with tourists from there you can do more for the facilities,"The dirty hotel, stained ceilings, did not appear the air conditioning, breakfast was over very fast and when you asked for the man who cleaned the hotel without washing his hands manipulated the food in addition to bad desire."
Spain,Twin Room,Family,3,April 2023,2023,April,10.0,Exceptional,"Very good people, super friendly and everything very well. In principle we wanted the hotel to sleep alone and well, for me it was perfect. It is very close to the trains towards the center and the location is perfect.",No review
Turkey,Double Room,Group,1,April 2023,2023,April,3.0,Poor,The location is nice. Breakfast was nice.,There was one socket connection to charge the phone. The other was faulty. The bathroom's door wasn't closing. It was still not bad for the price.
Chile,Single Room,Group,3,April 2023,2023,April,1.0,Hotel in bad conditions,"I didn't like everything in poor condition. Bad shower, bad doors, nothing in conditions","The hotel is a disaster, all in bad conditions, bad doors, bad windows, dirty shower and in bad conditions ... lousy"
Spain,Single Room,Group,3,April 2023,2023,April,4.0,Disappointing,No review,"A fan noise entered the room all night, all the noises of the hall was heard (when someone shook too), the TV was from the last century and with very few channels, there were damage in the rooms, the keys and locks looked like the 90s, breakfast was not included ... and the location was super far from the center, you have to move yes or yes by taxi or bus walk 7/8km ... yes, very friendly staff. The rest, disappointing."
Spain,Double Room,Family,2,April 2023,2023,April,3.0,Pesima,Nothing.,"To begin with, he has neither elevator, the poor rooms of light, the bad attention, there was a leak of water in the bathroom and did not attend it and did not change the room, the poor facilities."
Portugal,Double Room,Family,2,March 2023,2023,March,3.0,Poor,Location,"TV does not work, the controls had no batteries"
Brazil,Twin Room,Couple,6,April 2023,2023,April,3.0,Poor,"Location. Metro, bus all close. Restaurants, bakeries",Ladder and bedroom with mold. Old building with brushstrokes to disguise
Spain,Twin Room,Group,5,April 2023,2023,April,10.0,The pillow,The breakfast included,The pillow was very very soft. I hardly had filling.
Portugal,Double Room,Couple,2,March 2023,2023,March,4.0,A ceiling to sleep on vacation.,The sympathy of employees.,"cleaning and basic comfort. There was dust, rust, mold and malfunctioning equipment."
Portugal,Double Room,Group,1,March 2023,2023,March,4.0,many problems,No review,"Hotel with many problems, lack of works."
Portugal,Single Room,Solo traveller,4,April 2023,2023,April,8.0,Very good,"In general, I liked the hotel, great to spend a few days, very close to the metro station and several restaurants. In the price ratio price I was extremely satisfied.","The blind was not opened, which made light difficult in the room during the day"
Germany,Twin Room,Family,2,April 2023,2023,April,1.0,Bad,"Tasty breakfast, good location","Dirty, the mushroom on the ceiling and the nest did not work"
Portugal,Double Room,Family,1,April 2023,2023,April,1.0,Never to return,"I hated everything, not even the breakfast could take with the terrible impression we stayed. For never again! I don't even know how the Booking platform allows you to have the ad.","Atribuiram um quarto com cobertas cheias de nodoas amarelas, paredes negras, etc quando solicitado a mudanca de quarto um empregado muito simpatico ainda tentou alojar-nos num quarto melhor mas logo veio o dono recusar aquele quarto pois ja estava reservado para uns espanhois. Shameful, the accommodation can be very simple but the lack of cleaning and a clean bed to sleep was the height.  While checking on was a gentleman who should make arrangements in the place to speak very loudly and fed up with bad words.  The worst place where I have been, never to return. Worthy of an inspection!"
France,Single Room,Solo traveller,1,April 2023,2023,April,3.0,Poor,No review,"Absence of towels in the room, TV without remote control, noise, in short, negative experience."
Portugal,Double Room,Couple,2,March 2023,2023,March,3.0,could have run better,air,"It was a short lived with breakfast, the breakfast time was from 7am until 10am and it was 9:30 am and there was almost nothing to eat. Our room was over a generator so it was always deck..."
Brazil,Twin Room,Group,1,March 2023,2023,March,8.0,Friendly employees. Easy access to the subway.,I liked the price.,Cold in the bedroom
Portugal,Double Room,Couple,2,March 2023,2023,March,4.0,Disappointing,Breakfast,"Very old and molded room, for unaccustomed people is difficult to breathe"
Portugal,Single Room,Solo traveller,4,March 2023,2023,March,10.0,Exceptional,I have nothing to point,No review
Portugal,Single Room,Solo traveller,1,March 2023,2023,March,10.0,Exceptional,Recep,No review
France,Single Room,Solo traveller,5,March 2023,2023,March,1.0,appalling,Nothing,It is a hotel does not even deserve half a star  It's really distressing
Portugal,Double Room,Couple,1,March 2023,2023,March,10.0,Experience to repeat.,"I loved. It was the second time I went and everything was in perfect condition, clean and once again breakfast was varied and fresh.",I liked everything
Spain,Double Room,Family,1,March 2023,2023,March,3.0,Poor,No review,"The room full of moisture, the bed only with protector without lower and dirty with hair and burned blanket ..."
Portugal,Double Room,Group,1,March 2023,2023,March,3.0,Poor,I was wrong in the marking and the hotel was available to make the change,"Our room had no towels, just a feet rug. Once we were at a meeting at work we arrived late. The employee was a little slow at check-in, especially to pass invoice."
Spain,Double Room,Family,2,March 2023,2023,March,1.0,Horrible,"The truth was very disappointed, the photos you have here must be 20 years old. The dirty room, full of dust, did not work heating, broken towels, etc.",I didn't like anything. The buffet with 3 -day bread and the bathroom setter is no longer manufactured. A shame.
Spain,Double Room,Couple,1,March 2023,2023,March,4.0,My experience,"That breakfast was included and that was overwhelming and well, the attentive and friendly staff.","It was very far from the center of Porto, the first room had broken the blind and entered cold, they changed us to another room and the TV did not work, it has no elevator we had to climb the suitcases by stairs. In quality price relationship it seemed expensive to me."
Brazil,Single Room,Solo traveller,4,February 2023,2023,February,4.0,Disappointing,Like the people who work at the hotel I was well attended.,Lack of hot shower and other things
Portugal,Double Room,Group,2,March 2023,2023,March,1.0,"I found an authentic shame, we were not badly received but when I booked the hotel with a friend, I booked because",The only positive thing I found was the fact that the hot water in the shower came fast,"The bathtub has dirty in the corners of the bathtub, and has no door, that is, wet the whole floor. The clothes are super thin in the meaningless bed since it is winter and we are in Porto. The window was broken, the bed is not the most comfortable."
Spain,Double Room,Family,3,February 2023,2023,February,1.0,The House of Terror,Go,Everything ... The television and air controls are missing ... The bulbs are missing ... oxidized taps ... moisture in the bathroom ... dirt below the bed .... medium broken bolt ... breakfast is not the same as the photos.
Chile,Single Room,Solo traveller,3,February 2023,2023,February,2.0,A very bad hotel,Nothing,"I had a strong smell of chlorine when I entered, the bathroom was bad, the bed was without phrase and although there is air conditioning, they do not facilitate the remote control to occupy it, so it is very cold. The bathroom tub is small, the doors are old and sound and is badly soundless, you have to leave the keys to do toilet (which do not warn), and it shows that the staff does not like to work there .."
Spain,Double Room,Family,1,February 2023,2023,February,1.0,Bad,No review,"Breakfast is not consistent with the price, he left much to be desired"
Portugal,Double Room,Couple,2,February 2023,2023,February,1.0,It looks like a prison.,nothing,all
Spain,Double Room,Family,1,February 2023,2023,February,1.0,Bad,Nothing,The Fatal Super Antigua Hotel  Breakfast only bread when we went down to breakfast there was nothing  We ordered water to buy and there was no I didn't command either
Portugal,Double Room,Couple,1,December 2022,2022,December,3.0,,No review,No review
Portugal,Twin Room,Couple,3,February 2023,2023,February,1.0,I prefer to sleep in the car.,Only employee education.,"All. The bathroom smells bad and the ventilation duct makes so much noise that it looked like a washing machine inside the room. Not to mention that breakfast is really small, about a bread per person ."
Portugal,Double Room,Couple,1,February 2023,2023,February,1.0,Terrible and I don't even recommend it to my worst enemy.,I didn't like anything.,"All. Poor service, incompetent and handy and disrespectful employees. They said badly the breakfast time and when we arrived there was nothing to eat anymore. The room had little conditions and the bathroom was in poor condition."
Argentina,Double Room,Couple,2,February 2023,2023,February,2.0,"I would have preferred to pay a little more, for another option.",Attention and location.  Breakfast.,"The shower did not stay still, impossible to bathe. The room had tobacco smell. The WC left its place."
Portugal,Double Room,Family,1,February 2023,2023,February,1.0,Bad,To leave,Of the end
Belarus,Double Room,Family,1,February 2023,2023,February,3.0,Poor,Nothing,"There was no hot water. In the evening it was warm, in the morning it was not at all. The cost was so -so. A lot of rolls, cheese, ham, cocoa, coffee, tea. There is no hairdryer in the room, but I asked the administrator, they gave a hair dryer."
France,Single Room,Solo traveller,3,February 2023,2023,February,8.0,Very good,No review,He missed hot water for 2 days ... in winter it's complicated
Portugal,Single Room,Solo traveller,1,February 2023,2023,February,1.0,Bad,Location near the place where I would have to move to work.,"Unlike the information registered on the platform, the hotel offers no minimum basic services: the room had no air conditioning system, nor hot water for baths. Cleaning is poor and unprofessional service. The paper complaints book was requested, which was not made available. The receptionist could not find him. Unfortunate (and infringing what the Portuguese law provides)."
Brazil,Single Room,Solo traveller,1,February 2023,2023,February,1.0,Bad experience! I do not recommend,"price. However, it did not compensate for paying less.",There was no hot water in the hotel !!! The bathroom duch support was broken. Impossible to bathe in this hotel!
Portugal,Double Room,Family,1,January 2023,2023,January,4.0,Disappointing,Location,"The air conditioner did not work, the lamps of the lamps were cast, at night I heard all the intimate noise of the next room."
Spain,Double Room,Family,1,January 2023,2023,January,1.0,Bad,I was able to cancel at the hotel the night because the room was not right.,The state of the room
Spain,Double Room,Family,3,January 2023,2023,January,2.0,A disaster,That was close to the subway,How dirty the bathroom and room was
Spain,Twin Room,Group,1,December 2022,2022,December,1.0,"Fatality, the worst accommodation I have been able to be.",no,disastrous cleaning Bad smell. We had to ask for reimbursement.
Spain,Twin Room,Couple,4,November 2022,2022,November,8.0,Very good!,Excellent treatment very professional! 5 minutes from the subway,Maybe the facilities are not the new ones but it is very good
Spain,Double Room,Family,1,December 2022,2022,December,2.0,A site to never return,No review,"It was cold in the room, the room with the cradle became small, the room of the room did not close well so the air entered, the cleaning left much to be desired, the disastrous breakfast and if it were not because it is paid before seeing these conditions we torn ourselves"
Portugal,Double Room,Couple,1,December 2022,2022,December,1.0,Shameful,Nothing,"Without air conditioning and the photos did not correspond to reality. Went to check in and then go down to ask for the return of the money. Amazing how you can advertise so misleading. We saw a group of people who had arrived before us and who were in the bedroom next to the skewed look around, initially we didn't understand, then when we came back we saw the same group asking for the return of the money they had paid for the stay and leaving."
Portugal,Twin Room,Solo traveller,2,November 2022,2022,November,2.0,Bad,No review,"The room had mold on the ceiling, I was disgusted with the bathroom, I was unable to bathe, the bed had hair, I didn't have the courage to face the pillow I had to put a nightgown over, the staff were strange, one looked drugged and laughed if it was in another world already with an age was talking to a ""friend"" at the reception to say blunders. Breakfast was terrible, there was no bread, cheese, ham, nothing ... it's a misery.  Not to mention that the bathroom had a lamp because there was no light."
Spain,Double Room,Couple,2,December 2022,2022,December,2.0,I would look for another option for EUR 20 safer that you find something better,"It is located near the Metro station that connects with the center of Porto, options to eat nearby and you can leave the car out of the White Hotel","Very deteriorated facilities, the bathroom was not neat, it had a dropper and moisture, very dirty in general very old and old everything"
Portugal,Double Room,Family,1,December 2022,2022,December,3.0,Poor,No review,"Terrible room, noise"
Portugal,Twin Room,Couple,1,December 2022,2022,December,1.0,poor,I don't feel good,"When we first checked in, our front desk was very friendly. After checking in, the room was very cold but the air conditioning was broken. We went to the front desk to negotiate if we could change rooms, but after changing someone at the front desk, we were very unfriendly. He didn't even check if there were any available rooms, and told us that the rooms were full. We were frozen all night without any accident. The interior facilities of the room are very old and the roof has cracked and painted, which is completely inconsistent with the picture. The room is not soundproofed! There were other people's hair on the bed, and the quilt was yellow when it was lifted. I had to wonder if I had changed the bed cover. This is the worst hotel I've ever booked on booking, it's not a hotel at all!"
Brazil,Twin Room,Family,18,September 2022,2022,September,10.0,Left a lot,"I was with my uncle, an 83 -year -old man for 20 days at the Portinari Hotel. During this time, we went for a walk and visit relatives in the morning, we came back in the afternoon. The hotel staff always requested, guided us how to get to the main sights. We love this stay at Portinari, it was all wonderful... from the cleanliness, education and kindness of all and especially breakfast, always perfect, the best coffee in Portugal !!! We left a very tight hug to all the employees and thank you all for the affection with which we were received and treated.",From ter that say goodbye to everyone.
Spain,Twin Room,Family,2,October 2022,2022,October,8.0,Very good,"The best good communication with all kinds of transport, the kindness of staff and breakfast. Comfortable beds and the docks a little old but everything was perfect. A great couple getaway.",No review
Portugal,Double Room,Couple,2,November 2022,2022,November,4.0,horrible.,"I didn't have a good ""hotel"" experience, soon there is nothing I liked in it.","Unfortunately I didn't like anything, there was everything that happens in the broker is even in the rooms there is a great transparency, there is no conditions, bathrooms with mold, the bed, corners of the bedroom dirty in the winter had summer sheets, super thin quilt, marades of poorly educated cleaning, windows and blinds of the room, mirror of the broken bathroom, never back there."
Finland,Single Room,Group,4,November 2022,2022,November,4.0,"2 star hotel, not wonderful",location was close to the school we visited,The beds were quite hard and the rooms were old. The air conditioning worked poorly and there were not many options for breakfast
Portugal,Double Room,Family,4,November 2022,2022,November,3.0,If it weren't for the unbearable deck of ventilation in the rooms.,"There was no shortage of hot water, there were towels, the feedback was not bad at all.",Asbestos tile next to the window. A lot of noise in the rooms due to the ventilation of the cabin. Badly clean breakfast zone. Doors close badly. Pipering Sanita makes a lot of noise. Shower curtain with bulir. Few sockets in the room
Portugal,Double Room,Family,1,October 2022,2022,October,4.0,Disappointing,No review,"Disappointing breakfast, there was no fruit and the bad coffee strained"
Portugal,Twin Room,Group,2,October 2022,2022,October,1.0,horrible bad,location,Poor conditions infiltrations on the ceiling dripping the sheets had yellow apples and by not seemed to have exchanged and cutlery used in the room the bathroom had a horrible smell and the service seemed that it had consumed some genre of substance because what they said were meaningless
France,Double Room,Couple,3,October 2022,2022,October,4.0,Hotel to avoid preferably,No review,Room on the second floor VMC above the chamber ventilation noise all night.
United Kingdom,Double Room,Family,1,October 2022,2022,October,2.0,Very poor,No review,There was no bread for breakfast ...... Little information came ....
Portugal,Double Room,Couple,2,October 2022,2022,October,9.0,Superb,bom,absence of elevator
Portugal,Double Room,Couple,2,October 2022,2022,October,4.0,Better than on the street,No review,"Little welcoming employees  Bathtub with pubic hair  weak breakfast, does not pay money"
Portugal,Double Room,Couple,1,October 2022,2022,October,4.2,Disappointing,No review,"Unfortunately, the hotel's stay did not materialize ... On the day of Check In, in full receipt, we were informed that our reserve had been transferred to the Hotel Quasar about 1.5 km there on the grounds of exhaustion of reserves. Transfer this allegedly carried by Booking.  I came to know that after all Booking does not deal with this kind of situations, as it already suspected, because it had not been notified and that when these situations, management is done by the hotel itself. Proven by this evaluation request.  This time, I do not intend to be a client/guest of that establishment for their lack of ethics to me and the person who accompanied me!  Without anything else to add ..."
France,Double Room,Group,2,October 2022,2022,October,4.0,Disappointing,No review,Bathroom. Television
Morocco,Twin Room,Group,1,October 2022,2022,October,10.0,Exceptional,Very correct value for money,Nothing
Brazil,Double Room,Couple,2,October 2022,2022,October,4.0,must have another better for this price,shower,There is no parking lot  bathroom door didn't close Balcony door did not locate  Breakfast employee in a bad mood
Brazil,Double Room,Couple,1,October 2022,2022,October,1.0,The worst hosting of my life so far.,There is nothing to comment positive.,"Here I allow myself to break protocol, instead of exposing facts that anchor my opinion, just illustrate feeling. Looking at life with a chest of memories of vivid feelings and experiences, I will keep our accommodation in my chest. May God grant me the privilege of living at least up to 80 years and lucidity of recovering the experience of the container. I had no high expectation, as I just stayed overnight with my husband ... however, the hotel overcame all my expectations and accommodation experiences. I'm Lucilene, I'm 40 years old, I remember relatively accurately from my travels and lodging since my childhood and I can say accurately: this was the worst accommodation experience I've lived so far. From checkin to bedroom and bathroom, breakfast service. And if this warning was not enough for you, then this experience needs to be in your chest too."
Portugal,Twin Room,Family,2,October 2022,2022,October,3.0,Poor,"We don't like anything. Small rooms, bad care and without maintenance. Falling paint from ceilings and walls. TV 18th TV 18. Employees little or nothing friendly and available. Lack of face and shampoo towels and bath gel. The Peq. Sunday lunch was a chaos. At the time of the beginning 7.30 of the same there was nothing. Neither milk nor hot coffee. It was heated in the microwave.  No ham or cheese or simple butter. He was beginning to do after 7.50 and with an unusual dysplicence. The bread was taken with the hands without using a glove or tweezers for the respective receivers. I am mistaken with advertising made to this hotel. I know hotels for animals with much more quality. This space should be removed from Booking. And more I feel the right to be recended from the money I paid because I feel wrong. From here I go to Asae to express my discontent.",Hotel bad and bad bad bad.p
Turkey,Double Room,Family,5,October 2022,2022,October,1.0,Bad,No review,Hotel track and possibilities were limited. There was a cocek and we're itching everywhere.
Brazil,Double Room,Couple,2,October 2022,2022,October,4.0,Disappointing,Only location and great employee service,horrible
Brazil,Twin Room,Solo traveller,5,September 2022,2022,September,10.0,Exceptional,"Location, breakfast and service.",No criticism.
Lithuania,Double Room,Family,1,October 2022,2022,October,4.0,Disappointing,Near the subway,"Old hotel, unpleasant odor, does not fully match the photo Booking, poor pillows and bed"
France,Twin Room,Family,1,October 2022,2022,October,8.0,Very good,Correct value for money,"Far from the center, you need the car"
Belgium,Single Room,Group,3,October 2022,2022,October,3.0,A hotel that had its best time ...,"The location on the Terminus van Metrolijn D, so you quickly got into the center of the city. 24-hour service at the desk was pretty good, the best official of the whole hotel was that night watchman.","The breakfast was very skinny. Only on the third morning, when the night watchman also did breakfast it was good. The first day of our stay there was no fruit juice or water. The second day there was one carafe, but the owner did not fill it when she was empty. We drank fruit juice from our coffee bag due to lack of glasses. The fresh fruit was partly rotten, partly relieved. The first two days, when the owner did breakfast, he had no eye for his guests. The room was not free on arrival. We were allowed to wait and were offered a beer, but since none of us do not drink alcohol, the owner of the hotel clearly demonstrated his mispring on our beer. The bathroom in one of the rooms was lubrication, the other was dirty. When we came back to the room in the evening on day two, there was a half -filled garbage bag that the clean team had forgotten."
Portugal,Double Room,Couple,2,October 2022,2022,October,1.0,Uncomfortable situation,I liked the location.,"Lack of hygiene, the ""bathtub"" about the floor was very high, the shower support was about 1.50m high, which did not give a person under the shower without hitting his head on his own, the shower support did not hold the shower in conditions and fall, the bathroom smell of sewage, both the toilet and the bathroom were clogged with feces Sanita, the room has no sound insulation, there was a lot of people from the next rooms as well as the people of the bedrooms on top and the hallway, when we arrived on the first day and we entered the room we went to check the sheets with a black light we always have, in which the downstairs and a pillowcase were offended and were offended by ordering other sheets and pillowcases and caught the situation."
Brazil,Double Room,Couple,1,October 2022,2022,October,8.0,Cost benefit ok,"Good cost benefit for one night, spacious and comfortable room.","There was no elevator, we arrived later for breakfast (9:30) and had nothing more to eat."
Spain,Double Room,Couple,1,October 2022,2022,October,4.0,In Fu,No review,A lot of noise
Portugal,Double Room,Couple,1,October 2022,2022,October,3.0,Property without conservation,No review,The bathroom is very old and the discharges and showers of the other fit make a big noise when they are being used which is impossible to sleep. Tap sink that does not close and clogged bath.
Portugal,Double Room,Solo traveller,2,September 2022,2022,September,4.0,Apart from the noise is Corret,Correct breakfast and very nice staff.,Noise from the street and a ventilation engine or other turning point overnight. A little old bathroom.
Portugal,Double Room,Couple,1,September 2022,2022,September,1.0,Uncovered,Nothing,"Lack of hygiene, continuous night noise, damaged air conditioning, TV does not work, lack of isolation. Inadmissible the attribution of a hotel category to a degraded building. It is unfortunate that Booking announces and recommends this mirror. Update your description and read the numerous negative comments from other customers. Cordially"
Portugal,Single Room,Solo traveller,1,July 2022,2022,July,10.0,Excellent,Excellent breakfast.,No review
Netherlands,Double Room,Couple,3,September 2022,2022,September,8.0,Very good,Good service and nice people. The breakfast was good and varied. The hotel is not close to the city and a tourist part but you can take the metro that is close by and is very good to do,Parking is difficult. The bedrooms are outdated and are ready for a makeover but was clean and I think that is important.
Germany,Double Room,Couple,3,September 2022,2022,September,2.0,Never again...,"For me, the staff was the only positive ... they were really very friendly and tried to eliminate defects.","The entire accommodation is urgently in need of renovation from the grubby color on the walls, to the equipment, which is certainly older than my grandma. The whole room had an unpleasant smell that did not disappear despite ventilation. There was only 1 socket throughout the room. The tap drips in the bathtub and leaves not identifiable traces. The toilet lid was loose on the toilet. When asked, they tried to fix this immediately, unfortunately with little success.  Since I could no longer have endured the condition, we were looking for new accommodation after the 1st night.  I didn't expect luxury for the price, but that's not even worth the cheapest price that you have to pay ..."
Portugal,Double Room,Family,1,September 2022,2022,September,9.0,Superb,I have nothing to complain about,"Good service,. The excellent stay, all very clean and organized, I really liked it and I intend to come back more often"
Chile,Double Room,Family,2,September 2022,2022,September,9.0,Superb,Staff treatment,The bath was somewhat damaged
Peru,Double Room,Couple,1,June 2022,2022,June,4.0,It was not the most pleasant.,The price is not expensive.,"He was not clean, and he who attended seemed thin."
Brazil,Double Room,Couple,2,September 2022,2022,September,9.0,Excellent cost benefit,"Good location for those who do not care about a bus, is close to several lines. There are good restaurants nearby, as well as a walking/running park and a nearby gym. Breakfast included was good.","It's an old hotel, it's not in the city's historic ruler - but it's not the proposal."
France,Single Room,Solo traveller,2,September 2022,2022,September,8.0,Very good,Reception,No review
Brazil,Single Room,Solo traveller,7,August 2022,2022,August,8.0,A good place to stay,The location was very good for my purpose.,A fridge is missing in the room to proder keep your water fresh and other foods you want to keep.
Spain,Double Room,Couple,2,August 2022,2022,August,4.0,Disappointing,"The attentive staff, the room very clean",The hotel needs maintenance
Spain,Twin Room,Family,1,August 2022,2022,August,9.0,Superb,All in general,Nothing
Brazil,Twin Room,Family,8,August 2022,2022,August,10.0,Great experience,Extremely helpful employees and very well organized place.,I believe it could have a better variation in breakfast.
Spain,Twin Room,Group,5,August 2022,2022,August,8.0,Very good,"Those who worked there were very nice, super lovely",The location was far from the center
Spain,Double Room,Couple,1,August 2022,2022,August,4.0,Disappointing,staff and location,The bed was nothing comfortable and the bathroom quite outdated
Spain,Twin Room,Family,7,August 2022,2022,August,8.0,Very good,Cleaning,No review
Spain,Twin Room,Couple,2,August 2022,2022,August,1.0,Horrible,Nothing was disgusting,"Everything was quite dirty and horrible, the bathroom did not even They dignified to clean it, they don't look anything like the  photos that put in booking, dirty towels,  The sheets too, there was dust and mold everywhere TV was from the year before Christ and the light left us to go to the second day, not to mention the air conditioning  That was not going. Super shabby breakfast  There were four stale things and on top with mosquitoes. The staff only deigned to speak in Portuguese  (Not even in English) and nothing was understood. A why hotel with all the letters. We will not return."
United Kingdom,Twin Room,Family,1,August 2022,2022,August,3.0,Poor,Location,The room was dirty the dirty bathroom full of rust and was also clogged
Brazil,Twin Room,Family,4,August 2022,2022,August,10.0,Exceptional,I liked everything.,No review
Portugal,Double Room,Couple,1,August 2022,2022,August,2.0,It was not a pleasant experience for a 2* Hotel deserved greater care,"Reasonable breakfast, accessible service and air conditioning","much sound that did not let sleep, lack of parking lot"
Spain,Twin Room,Family,3,August 2022,2022,August,1.0,I would not come back ...,The parking without paying in front of the hotel and that area is very close to the metro line.,"Missing elevator, needs a reform at all levels because everything was heard in the rooms and the showers were full of oxide. The beds are not comfortable and have a very loose breakfast."
Brazil,Twin Room,Group,7,August 2022,2022,August,10.0,Excellent service.,"The hotel is good, the breakfast is very good, but what we liked most, especially, was the excellent service of employees, especially Ingredi, Josiane and Elves (maybe I wrote the wrong names), are to be congratulated, very dear.",No review
Spain,Double Room,Couple,2,August 2022,2022,August,9.0,Superb,No review,"The toilet lid was very old, that is a bit oxidized."
Portugal,Double Room,Couple,1,August 2022,2022,August,2.0,very weak,The breakfast,Very bad conditions!  For the very weak price !!
United States,Double Room,Family,1,August 2022,2022,August,2.0,Hotel not to return,No review,"Very old hotel needs renovation. Towels with little hygiene (dirty and hair), the ceiling of the bathroom peeling, ac ponged all night and upon arrival had already put a towel on the floor, without acoustic isolation (heard everything from the bedroom next and reception), television with ""rain"" image, little light for access to the rooms."
Portugal,Twin Room,Solo traveller,1,August 2022,2022,August,1.0,Bad,The TV couldn't see anything. And the spoiled command,When I rented the room in the photos it was not this room. Where I stayed.
Spain,Twin Room,Family,2,July 2022,2022,July,1.0,I would not come back,No review,"I didn't like anything. Dirty savannas, there were no pillows, the TV nor speak and the mattress and the old clothes."
Spain,Double Room,Family,2,July 2022,2022,July,1.0,Catastrophe,I did not like anything dirty bad treatment of customers old rooms and the air conditioning does not work in the room towards 9 degrees as in the north pole and they do not solve it to you neither the hotel nor Booking,Everything would never come back
France,Twin Room,Family,2,June 2022,2022,June,8.0,Very good,No review,.... need to be renovated
Spain,Double Room,Family,2,July 2022,2022,July,8.0,Very good,Very rich full breakfast and very friendly girls. Comfortable bed,The bathroom
Portugal,Double Room,Group,2,July 2022,2022,July,1.0,"very bad, worst hotel ever","Nothing, bad hotel unable to receive people",Everything but employees K were friendly who is not to blame for the organization and the Keeping Conditions
Spain,Double Room,Couple,3,July 2022,2022,July,1.0,Horrible,Nothing,"They did not find our room and gave us another, sheets full of blood, dust in the chairs, on the floor, in the bathroom setter, the bathtub full of oxide, the dirty shower curtains, the bathroom lamp did not work well, super dark, the switches do not compute and if you turn off the bed then you can not turn on the door, broken lamps, broken towel, broken ground."
Spain,Single Room,Solo traveller,1,July 2022,2022,July,10.0,kindness,comfort and attention,No review
Portugal,Double Room,Family,1,July 2022,2022,July,1.0,Bad,Nothing,"Bad experience, all night was heard at night, noise of self-tasks, water of pipes, conversations of other guests"
Spain,Double Room,Couple,1,July 2022,2022,July,1.0,Very bad,No review,Paper walls
France,Double Room,Group,2,June 2022,2022,June,8.0,Very good,In accordance with the description of the offer,No review
Portugal,Single Room,Solo traveller,4,June 2022,2022,June,8.0,Pleasant,The breakfast was very good. I liked the service. I recommend.,No review
Spain,Twin Room,Couple,3,April 2022,2022,April,8.0,,No review,No review
Portugal,Double Room,Family,2,July 2022,2022,July,3.0,Full disappointment!,"Sympathy, availability and corditality of the night employee.","Generally speaking, lack of sympathy and attention of employees, except the night who was 5 , the property photos are deceiving, outdated, it is not a hotel of  Santos but a weak/mediocre pension, noisy bed, lack of cleaning, old finishes and pessimal aspect (from bathing, taps, lock, door, air conditioning, brightly coming from others Rooms, moisture, security, etc ....). Not to repeat !!!"
Portugal,Single Room,Solo traveller,5,June 2022,2022,June,9.0,Good location and cleaning.,"All impeccable, he fulfilled expectations.",No review
Portugal,Twin Room,Group,3,May 2022,2022,May,4.0,Disappointing,The television did not work. There was only an electric outlet in the room. The bathroom had problems in the shower and opening of the door.,No review
Portugal,Single Room,Solo traveller,3,June 2022,2022,June,4.0,Disappointing,The girl at the reception is very polite and probable,"I had no toilet paper, no shampoo for 3 days, there was a bathtub but there was no drain lid, mullet on the ceiling, very noisy discharge"
Spain,Double Room,Couple,1,June 2022,2022,June,4.0,I would not come back,breakfast and staff attention,The room was quite old and left much to be desired
Spain,Double Room,Family,2,June 2022,2022,June,1.0,Bad,No review,I didn't like anything.
France,Double Room,Family,2,June 2022,2022,June,8.0,Very good,"The cleanliness, the kindness of the staff.","Far from the city center, uncomfortable bed."
Brazil,Single Room,Solo traveller,4,June 2022,2022,June,10.0,Great choice.,"Perfect location, close to everything. The super clean, very smelly room, bedding, everything. 24 -hour reception and very receptive and attentive personnel. I liked everything.",There is no elevator.
Portugal,Single Room,Solo traveller,1,June 2022,2022,June,3.0,Poor,No review,"Too high price for the bedroom, old room, old bathroom, window was ingrown not closed."
Brazil,Double Room,Couple,1,June 2022,2022,June,10.0,Excellent,The treatment and warm reception of Mr Antonio and the girls who work there.,No review
Spain,Twin Room,Couple,1,June 2022,2022,June,1.0,Bad,No review,"They are free that they have free parking and parking is the street itself. Room that gives a very busy street with cobblestones, which makes noise more intense. The depressing breakfast, cuffed coffee and do not replenish the foods that are over. It has no elevator. In the bathroom the water came out below the bidet."
Spain,Double Room,Couple,1,June 2022,2022,June,10.0,Pleasant,"The attention they had with us, warmth and good service we liked",No review
Spain,Single Room,Family,1,June 2022,2022,June,1.0,If this is a two stars ...... God comes and see it,The staff was quite pleasant,"The room is moisture everywhere, and the terrace looked like a horror movie, with cracks and thousands and thousands and thousands of butts. Horrible, think about it before sleeping at this hotel"
Portugal,Single Room,Solo traveller,2,June 2022,2022,June,3.0,Poor,No review,Noise. Old bathroom. Stores didn't work and no one came to notice.
Portugal,Single Room,Solo traveller,2,June 2022,2022,June,8.0,Quiet and with good location.,Quiet location with transport and restaurants close.,"A little noise in the corridor during the day and the tap with some drops, but nothing that affects the stay."
Brazil,Double Room,Family,2,June 2022,2022,June,8.0,Very good,Employee attention,Nothing to declare
France,Double Room,Group,1,May 2022,2022,May,8.0,Very good,easy access good lunch  top staff,No review
France,Double Room,Couple,3,May 2022,2022,May,9.0,I recommend this hotel,"The exceptional value for money (with breakfast included). The spacious room, the beautiful shower room. The big bed and its good mattress. The metro stop at around 500m.","No elevator, in the 2nd with 2 huge suitcases :-(  Remember to redo the shower joints (a little moldy)"
Portugal,Double Room,Couple,1,May 2022,2022,May,4.0,Something disappointing considering that it was impossible to rest at night.,Good location.,The noise! Staying on the second floor the noise at night is almost deafening. From the cars passing the road that seems to be running by the bed to the noise on top that makes a very intense noise all night.
Canada,Twin Room,Family,3,May 2022,2022,May,9.0,Good room and very good breakfast.,"Very good breakfast. Good room and good hot shower. Located quite close to the metro, 1 km. Good restaurant nearby. Staff available in English and French.","Rather noisy, an old unthornical building. Far from the city center and attractions."
Brazil,Double Room,Couple,3,May 2022,2022,May,1.0,Dirty and too bad.,"It has a good steakhouse nearby. It was the only thing that saved. Ingrid receptionist too, super friendly!","Poor room, full of dust, spider web, did not clean our room when we asked. This is because they informed us after we should leave the key to clean. We left and yet it was dirty when we came back. I requested a honeymoon reception, but there was nothing. I didn't know there was stairs, without elevator, too hot room, slippery shower and dangerous. I wouldn't come back, so much that I got another hosting elsewhere."
Colombia,Single Room,Solo traveller,2,May 2022,2022,May,10.0,Excellent accommodation in this place total rest. Recommended!,The cleanliness and tranquility of the placel,No review
France,Twin Room,Family,1,May 2022,2022,May,4.0,"Medium, just in troubleshooting","The distant location of the center, quiet.","Convenient room equipment, shower that does not work, cleanliness of dubious sheets and towels.  No parking as reported on the ad."
Portugal,Double Room,Couple,3,May 2022,2022,May,3.0,Poor,No review,"The day before checking out, I asked at reception to ask me a taxi to return to the airport that would be at dawn, they said that no problem not worrying because they worked with a taxi company. At dawn they had not called any taxi, the receptionist who was there knew nothing. With all the unanswered telephone lines I had to run and look for a taxi at 4:00 am when I thought it would have solved by the hotel, as they had guaranteed me the day before."
Portugal,Single Room,Solo traveller,4,May 2022,2022,May,4.0,Disappointing,No review,Noise of other rooms and residences of students nearby.
Portugal,Double Room,Couple,1,May 2022,2022,May,1.0,Bad,Nothing,All
Spain,Double Room,Family,1,May 2022,2022,May,8.0,Very good,Cleaning,Nothing
Portugal,Twin Room,Solo traveller,1,May 2022,2022,May,8.0,It was the measure!,"Great location. Clean. Comfortable bed. Friendly and attentive team. Good prices: water, juices, menu. I stayed in a room turned to the street and had no problem with noise.","There is no elevator. I missed natural juice, fruits, honey and oats for breakfast. But fresh bread with butter was excellent!"
Israel,Double Room,Solo traveller,4,May 2022,2022,May,8.0,Very good,The Kabbalah team is very trying to help,The building is old and so is all the accessory in the room
Portugal,Double Room,Family,3,May 2022,2022,May,4.0,"Reasonable, expected better.",Location and shower.,"Employees, self -cellet with weak recharge, breakfast, the room was very hot (as much as we aired), a lot of noise..."
Portugal,Single Room,Couple,1,April 2022,2022,April,2.0,Unfortunate.,Good location and reasonably cheap and decently comfortable mattresses. Proper space. Employees were generally friendly and the space was decently clean.,"Slow reception employee to work and made the experience uncomfortable for the type of interaction he had with customers. At night one can hear a lot of channeling and road that makes rest difficult. The walls are extremely thin, so in my stay it was impossible to rest for having a couple having sex all night. Already in the bathroom has door that does not close without key, the toilet is misplaced behind a door and the shower has no sliding door. Breaky breakfast, a little disappointing. I didn't recommend it to anyone."
Portugal,Double Room,Couple,1,April 2022,2022,April,4.0,Only go once ....,No review,"The reception employee was completely drunk. The room has nothing to do with the photos. Full of moisture carnch, bathroom like .. bed not comfortable."
Brazil,Twin Room,Couple,7,April 2022,2022,April,4.0,Disappointing,"Breakfast was just reasonable, and the owner of the hotel watched the consumption of each of the guests, discouraging and strongly embarrassing what each was used. The location of the hotel is reasonable.",Fourth is decrepit and very badly maintained. Nonexistent maintenance.
Brazil,Double Room,Couple,6,April 2022,2022,April,1.0,Bad,Super friendly employees.,"It did not exceed my expectations, imagined a much better room, towels with rust blemishes, the room itself with dirty, sloppy, bathroom box was broken, I believe some rooms need urgent repairs."
Brazil,Double Room,Family,2,April 2022,2022,April,9.0,Superb,The employees are very attentive. Ingrid made no effort to help us with everything we need,We like all. Breakfast could be more varied
Spain,Double Room,Couple,5,April 2022,2022,April,2.0,Lousy,At most the kindness of some manager,Most of things
France,Double Room,Couple,1,April 2022,2022,April,8.0,Very good,The staff  Breakfast,VETUSTE MATERIAL  The view of the roofs and the megaux of cigarettes
Spain,Double Room,Group,1,April 2022,2022,April,3.0,Poor,The attention of the receptionist when arriving and the location of the hotel,The buffet breakfast was nothing Ivan scanding one by one things.
Denmark,Double Room,Couple,1,April 2022,2022,April,2.0,Very poor,No review,Hot Water
Portugal,Double Room,Solo traveller,1,April 2022,2022,April,3.0,Poor,No review,"The hotel has no hotel parking lot, as announced at Bookings ordered a silent room and was placed in a room next to an extremely noisy street (constant vehicles), when they had apparently other rooms available. I suspect they didn't even read the request."
France,Double Room,Group,5,March 2022,2022,March,4.0,Disappointing,Very pleasant staff,"Insufficient room insulation, a lot of noise (conversation neighboring rooms, etc.) Room with a lot of humidity"
Spain,Double Room,Couple,2,February 2022,2022,February,1.0,Pesimo,I didn't like anything,Everything was wrong
Portugal,Double Room,Couple,1,March 2022,2022,March,4.0,Disappointing,The hotel have a good location and it is always good to have 24h reception,"I didn't like the fact that I made a double room reservation and arrived at the hotel and not having this room available we had to stay in another, in terms of accommodation was waiting for better."
Spain,Twin Room,Family,1,June 2023,2023,June,5.0,Passable,Breakfast,"A room with a lot of engine noise, I don't know what, because we didn't have on or heating or air conditioning."
Portugal,Double Room,Couple,2,May 2022,2022,May,5.0,Median and a little disappointing,"Employees were friendly, especially the reception. The hotel is safeguarded and away from the center of Porto, but is near the stoppage of Sao Joao hospital and some restaurants such as a Burger King. Breakfast tables are dear and the bought cake (which was buying) was good. Breakfast was buffet and can eat at ease. Even coming shortly before the breakfast time, it was possible to stay a few more minutes later to eat. The air conditioning of the room was a little complicated but functional. The room had plenty of space for storage and I liked the 2 mirrors and the bathroom. It had a very hot stored blanket. Checkin and Checkout were quite fast and Checkin has a good time of maneuver. The reception works 24 hours and our experience was always someone and if it was not enough to play the bell they came. I liked the lighting system in the bedroom and the bed was comfortable. The small but acceptable television. The checkout although considering early, we did about 3/4 min after the hour without problem.","The hotel was old, the slightly confused logistics and the decoration and furniture. The room did not correspond anything to the photos shown on the platforms, was a disappointment and what is shown deceive (even after we have shown and photos of our bedroom type). The room had signs of being degraded, the blanket and sheets were dirty, the bedroom and the bathroom too, the towels too, nothing very serious but unpleasant. There were very visible signs of moisture and degradation. We were 2 nights and there was never a cleaning service. The bathtub is ridiculously small and the shower of very few quality. There is no bath rug. The setor was dirty and a little disgusting to play. The air conditioning was functional but old and a half confusing. The room has no mini bar, no hair dryer or iron to iron available. Although I did not ask, as I realized, you can ask you at the reception available to all customers, although you find it a little inadequate in a hotel. There should be more taken available. Sound isolation is terrible, there were very easily other customers talking about other rooms and often water pipe sounds. In the corridor it is uncomfortable to hear other customers to moan very high. The lock is nothing practical and functional, taking some time to open and it seems nothing to be safe inside and out, it is a very strange and old handle, not a hotel. Breakfast had no wide variety and it was all buying and quite superficial and cheap. Coffee was terrible and no flavor, very watery, there were not many drink options, the juices were not natural, they were buying and white brands. It is not worth paying for breakfast included, it is worth eating less but better in another place out. The replacement took some time and the staff were a little disorganized and sometimes it was uncomfortable looking at customers."
Portugal,Double Room,Couple,1,April 2022,2022,April,5.0,Passable,employees.,conditions.
Switzerland,Single Room,Solo traveller,11,August 2023,2023,August,1.0,Bad,Nothing,All
Portugal,Double Room,Couple,2,January 2023,2023,January,1.0,"The photos deceive, totally different place, horrible accommodation, breakfast left something to be desired because there was nothing,",Nothing,All
Portugal,Double Room,Couple,2,January 2023,2023,January,4.0,Disappointing,No review,"Breakfast was insufficient for all guests, a disappointment."
United Kingdom,Double Room,Couple,3,November 2022,2022,November,1.0,Bad,No review,"Reimbursement was required, the dirty room, with other guest belongings in the room. Non -indicate"
Denmark,Double Room,Couple,2,July 2022,2022,July,3.0,cheap and ok if you need a place to sleep but not much more than that,"cheap, cute staff, air conditioning","There were extremely sound, loud noises through the walls and every time water is used in the building. Slew breakfast buffet, with ""juice"" there was some kind of juice/soda"
Portugal,Double Room,Couple,2,June 2022,2022,June,1.0,I hated,nothing,cleaning smell of space bedding lack of bath gel reception
Portugal,Single Room,Solo traveller,4,October 2024,2024,October,7.0,Good,No review,No review
Ireland,Double Room,Group,2,October 2024,2024,October,6.0,Pleasant,No review,No review
Portugal,Twin Room,Family,1,June 2024,2024,June,6.0,Pleasant,No review,No review
Portugal,Double Room,Couple,5,June 2024,2024,June,7.0,Good,No review,No review
Italy,Twin Room,Couple,1,May 2024,2024,May,7.0,Good,No review,No review
United States,Single Room,Solo traveller,1,October 2023,2023,October,5.0,Passable,No review,No review
Canada,Double Room,Couple,2,November 2023,2023,November,5.0,Passable,No review,No review
Portugal,Twin Room,Couple,2,November 2023,2023,November,6.0,Pleasant,No review,No review
Cape Verde,Twin Room,Couple,3,November 2023,2023,November,7.0,Good,No review,No review
Jordan,Single Room,Solo traveller,5,September 2023,2023,September,7.0,Good,No review,No review
North Macedonia,Double Room,Couple,7,September 2023,2023,September,5.0,Passable,No review,No review
Belgium,Double Room,Solo traveller,5,July 2023,2023,July,7.0,Good,No review,No review
Spain,Double Room,Couple,2,May 2023,2023,May,6.0,Pleasant,No review,No review
Albania,Double Room,Solo traveller,5,July 2023,2023,July,6.0,Pleasant,No review,No review
Portugal,Twin Room,Group,1,June 2023,2023,June,6.0,Pleasant,No review,No review
Canada,Double Room,Family,1,May 2023,2023,May,5.0,Passable,No review,No review
Portugal,Twin Room,Group,1,March 2023,2023,March,7.0,Good,No review,No review
India,Twin Room,Couple,2,March 2023,2023,March,5.0,Passable,No review,No review
Brazil,Single Room,Solo traveller,4,February 2023,2023,February,5.0,Passable,No review,No review
Jordan,Twin Room,Couple,11,November 2022,2022,November,5.0,Passable,No review,No review
Portugal,Single Room,Solo traveller,1,October 2022,2022,October,7.0,Good,No review,No review
Hungary,Single Room,Solo traveller,2,September 2022,2022,September,7.0,Good,No review,No review
Serbia,Twin Room,Solo traveller,4,September 2022,2022,September,6.0,Pleasant,No review,No review
Poland,Double Room,Family,1,September 2022,2022,September,7.0,Good,No review,No review
Portugal,Twin Room,Family,2,August 2022,2022,August,7.0,Good,No review,No review
Romania,Single Room,Solo traveller,1,May 2022,2022,May,6.0,Pleasant,No review,No review
Romania,Single Room,Solo traveller,1,May 2022,2022,May,6.0,Pleasant,No review,No review
Romania,Single Room,Solo traveller,1,May 2022,2022,May,6.0,Pleasant,No review,No review
Romania,Single Room,Solo traveller,1,May 2022,2022,May,6.0,Pleasant,No review,No review
Romania,Single Room,Solo traveller,1,May 2022,2022,May,6.0,Pleasant,No review,No review
Romania,Double Room,Solo traveller,1,May 2022,2022,May,6.0,Pleasant,No review,No review
Estonia,Single Room,Solo traveller,1,July 2022,2022,July,7.0,Good,No review,No review
Slovakia,Double Room,Group,3,July 2022,2022,July,7.0,nice for a short stay,No review,No review
Portugal,Double Room,Solo traveller,3,April 2022,2022,April,7.0,Good,No review,No review
Portugal,Double Room,Couple,1,May 2022,2022,May,7.0,Good,No review,No review
British Indian Ocean Territory,Single Room,Solo traveller,3,April 2022,2022,April,6.0,Pleasant,No review,No review
Germany,Single Room,Solo traveller,1,January 2025,2025,January,3.0,Poor,No review,No review
Portugal,Twin Room,Couple,1,September 2024,2024,September,8.0,Very good,No review,No review
United Kingdom,Single Room,Solo traveller,14,November 2024,2024,November,10.0,Exceptional,No review,No review
Italy,Double Room,Group,1,October 2024,2024,October,4.0,Disappointing,No review,No review
Latvia,Twin Room,Family,7,July 2024,2024,July,8.0,Very good,No review,No review
Cape Verde,Twin Room,Solo traveller,1,July 2024,2024,July,1.0,Bad,No review,No review
Spain,Single Room,Solo traveller,5,June 2024,2024,June,9.0,Superb,No review,No review
Portugal,Double Room,Couple,2,June 2024,2024,June,9.0,Superb,No review,No review
United Kingdom,Single Room,Solo traveller,3,May 2024,2024,May,8.0,Very good,No review,No review
United Kingdom,Double Room,Solo traveller,6,April 2024,2024,April,10.0,Exceptional,No review,No review
Portugal,Single Room,Solo traveller,2,February 2024,2024,February,9.0,Superb,No review,No review
United Kingdom,Single Room,Solo traveller,1,December 2023,2023,December,8.0,Very good,No review,No review
Sri Lanka,Double Room,Group,2,December 2023,2023,December,10.0,Exceptional,No review,No review
Georgia,Double Room,Family,2,December 2023,2023,December,10.0,Exceptional,No review,No review
India,Double Room,Family,1,December 2023,2023,December,10.0,Exceptional,No review,No review
Portugal,Single Room,Solo traveller,1,December 2023,2023,December,10.0,Exceptional,No review,No review
Portugal,Twin Room,Solo traveller,1,October 2023,2023,October,1.0,Bad,No review,No review
Slovakia,Single Room,Solo traveller,1,November 2023,2023,November,3.0,Poor,No review,No review
Ukraine,Single Room,Solo traveller,2,November 2023,2023,November,10.0,Exceptional,No review,No review
Portugal,Single Room,Solo traveller,1,August 2023,2023,August,10.0,Exceptional,No review,No review
Portugal,Single Room,Solo traveller,3,July 2023,2023,July,3.0,Poor,No review,No review
Sweden,Double Room,Couple,1,July 2023,2023,July,3.0,Poor,No review,No review
Portugal,Double Room,Solo traveller,1,July 2023,2023,July,9.0,Superb,No review,No review
Portugal,Double Room,Family,1,June 2023,2023,June,1.0,Bad,No review,No review
United Kingdom,Single Room,Solo traveller,1,June 2023,2023,June,10.0,Exceptional,No review,No review
Malaysia,Single Room,Group,13,May 2023,2023,May,10.0,Exceptional,No review,No review
Malaysia,Single Room,Solo traveller,7,May 2023,2023,May,10.0,Exceptional,No review,No review
United Kingdom,Double Room,Family,3,May 2023,2023,May,4.0,Disappointing,No review,No review
Portugal,Double Room,Family,1,May 2023,2023,May,4.0,Disappointing,No review,No review
Portugal,Single Room,Solo traveller,1,April 2023,2023,April,4.0,Disappointing,No review,No review
Croatia,Twin Room,Group,1,February 2023,2023,February,4.0,Disappointing,No review,No review
Portugal,Single Room,Solo traveller,1,January 2023,2023,January,10.0,Exceptional,No review,No review
Portugal,Single Room,Solo traveller,2,December 2022,2022,December,4.0,Disappointing,No review,No review
Portugal,Double Room,Couple,3,January 2023,2023,January,10.0,Exceptional,No review,No review
Jordan,Twin Room,Family,5,November 2022,2022,November,2.0,Very poor,No review,No review
United Kingdom,Double Room,Solo traveller,1,November 2022,2022,November,2.0,Very poor,No review,No review
United Kingdom,Single Room,Solo traveller,1,October 2022,2022,October,10.0,Exceptional,No review,No review
Portugal,Double Room,Solo traveller,1,September 2022,2022,September,4.0,Disappointing,No review,No review
United Kingdom,Double Room,Couple,4,September 2022,2022,September,1.0,Bad,No review,No review
United Kingdom,Double Room,Family,2,September 2022,2022,September,10.0,Exceptional,No review,No review
Denmark,Double Room,Couple,3,August 2022,2022,August,10.0,Exceptional,No review,No review
United Kingdom,Single Room,Solo traveller,1,July 2022,2022,July,8.0,Very good,No review,No review
Brazil,Single Room,Solo traveller,3,July 2022,2022,July,8.0,Very good,No review,No review
New Zealand,Twin Room,Solo traveller,1,July 2022,2022,July,8.0,Very good,No review,No review
United Kingdom,Double Room,Solo traveller,5,June 2022,2022,June,9.0,Superb,No review,No review
United Kingdom,Double Room,Solo traveller,1,June 2022,2022,June,10.0,Exceptional,No review,No review
United Kingdom,Double Room,Family,1,June 2022,2022,June,9.0,Superb,No review,No review
Spain,Single Room,Solo traveller,5,April 2022,2022,April,10.0,Exceptional,No review,No review
Portugal,Double Room,Couple,1,March 2022,2022,March,10.0,Exceptional,No review,No review
Portugal,Double Room,Family,1,April 2022,2022,April,10.0,Exceptional,No review,No review
Nepal,Double Room,Couple,1,March 2022,2022,March,4.0,Disappointing,No review,No review
France,Double Room,Couple,1,March 2025,2025,March,6.0,Pleasant,No review,No review
Portugal,Double Room,Couple,1,February 2025,2025,February,7.0,Good,No review,No review
Portugal,Single Room,Solo traveller,1,January 2025,2025,January,6.0,Pleasant,No review,No review
Portugal,Single Room,Solo traveller,1,January 2025,2025,January,5.0,Passable,No review,No review
Portugal,Double Room,Couple,1,November 2024,2024,November,6.0,Pleasant,No review,No review
Germany,Double Room,Couple,1,January 2025,2025,January,5.0,Passable,No review,No review
Portugal,Double Room,Family,1,November 2024,2024,November,6.0,Pleasant,No review,No review
Portugal,Double Room,Couple,1,December 2024,2024,December,7.0,Good,No review,No review
Portugal,Double Room,Couple,1,November 2024,2024,November,7.0,Good,No review,No review
Spain,Double Room,Family,2,December 2024,2024,December,6.0,Pleasant,No review,No review
Ghana,Single Room,Solo traveller,2,December 2024,2024,December,6.0,Pleasant,No review,No review
Portugal,Single Room,Solo traveller,1,November 2024,2024,November,5.0,Passable,No review,No review
Portugal,Single Room,Solo traveller,1,November 2024,2024,November,5.0,Passable,No review,No review
Portugal,Double Room,Couple,2,November 2024,2024,November,7.0,Good,No review,No review
France,Double Room,Family,1,October 2024,2024,October,5.0,Passable,No review,No review
Portugal,Double Room,Couple,2,October 2024,2024,October,7.0,Good,No review,No review
Germany,Single Room,Solo traveller,1,September 2024,2024,September,5.0,Passable,No review,No review
Portugal,Double Room,Couple,1,October 2024,2024,October,6.0,Pleasant,No review,No review
Portugal,Single Room,Solo traveller,1,October 2024,2024,October,7.0,Good,No review,No review
Portugal,Double Room,Solo traveller,2,October 2024,2024,October,7.0,Good,No review,No review
Portugal,Double Room,Family,6,September 2024,2024,September,5.0,Passable,No review,No review
Portugal,Double Room,Family,3,September 2024,2024,September,5.0,Passable,No review,No review
Portugal,Single Room,Solo traveller,1,September 2024,2024,September,6.0,Pleasant,No review,No review
Portugal,Double Room,Family,2,September 2024,2024,September,5.0,Passable,No review,No review
Spain,Double Room,Family,3,August 2024,2024,August,7.0,Good,No review,No review
Spain,Double Room,Family,1,September 2024,2024,September,6.0,Pleasant,No review,No review
Spain,Twin Room,Family,3,September 2024,2024,September,5.0,Passable,No review,No review
Portugal,Twin Room,Family,5,September 2024,2024,September,6.0,Pleasant,No review,No review
Spain,Twin Room,Family,2,September 2024,2024,September,6.0,Pleasant,No review,No review
France,Single Room,Solo traveller,1,September 2024,2024,September,7.0,Good,No review,No review
Portugal,Double Room,Couple,2,September 2024,2024,September,6.0,Pleasant,No review,No review
Portugal,Double Room,Couple,1,September 2024,2024,September,6.0,Pleasant,No review,No review
Brazil,Twin Room,Couple,4,August 2024,2024,August,7.0,Good,No review,No review
Spain,Double Room,Family,2,August 2024,2024,August,5.0,Passable,No review,No review
Portugal,Single Room,Solo traveller,3,August 2024,2024,August,6.0,Pleasant,No review,No review
Argentina,Twin Room,Family,3,August 2024,2024,August,6.0,Pleasant,No review,No review
Portugal,Single Room,Solo traveller,1,July 2024,2024,July,7.0,Good,No review,No review
Portugal,Single Room,Solo traveller,2,July 2024,2024,July,5.0,Passable,No review,No review
Portugal,Double Room,Couple,1,July 2024,2024,July,7.0,Good,No review,No review
Portugal,Single Room,Solo traveller,2,July 2024,2024,July,6.0,Pleasant,No review,No review
Brazil,Double Room,Couple,1,July 2024,2024,July,7.0,Good,No review,No review
Brazil,Twin Room,Family,2,July 2024,2024,July,5.0,Passable,No review,No review
Portugal,Double Room,Family,2,June 2024,2024,June,5.0,Passable,No review,No review
Egypt,Twin Room,Solo traveller,7,July 2024,2024,July,6.0,Pleasant,No review,No review
Portugal,Single Room,Solo traveller,1,April 2024,2024,April,7.0,Good,No review,No review
Portugal,Double Room,Family,4,June 2024,2024,June,6.0,Pleasant,No review,No review
Ukraine,Twin Room,Family,1,May 2024,2024,May,7.0,Good,No review,No review
Portugal,Single Room,Solo traveller,1,April 2024,2024,April,6.0,Pleasant,No review,No review
Spain,Double Room,Family,2,May 2024,2024,May,5.0,Passable,No review,No review
Portugal,Twin Room,Group,2,June 2024,2024,June,5.0,Passable,No review,No review
France,Twin Room,Group,4,May 2024,2024,May,5.0,Passable,No review,No review
Portugal,Single Room,Solo traveller,1,May 2024,2024,May,7.0,Good,No review,No review
Portugal,Single Room,Solo traveller,2,May 2024,2024,May,5.0,Passable,No review,No review
Portugal,Double Room,Family,1,May 2024,2024,May,6.0,Pleasant,No review,No review
Portugal,Single Room,Solo traveller,2,May 2024,2024,May,7.0,Good,No review,No review
Portugal,Twin Room,Couple,4,May 2024,2024,May,6.0,Pleasant,No review,No review
Portugal,Single Room,Solo traveller,1,April 2024,2024,April,7.0,Good,No review,No review
Portugal,Double Room,Couple,1,April 2024,2024,April,6.0,Pleasant,No review,No review
Portugal,Single Room,Solo traveller,1,April 2024,2024,April,7.0,Good,No review,No review
Portugal,Single Room,Solo traveller,1,March 2024,2024,March,7.0,Good,No review,No review
Portugal,Double Room,Family,1,April 2024,2024,April,5.0,Passable,No review,No review
Brazil,Twin Room,Family,2,April 2024,2024,April,6.0,Pleasant,No review,No review
Portugal,Single Room,Solo traveller,1,February 2024,2024,February,5.0,Passable,No review,No review
Spain,Twin Room,Group,1,March 2024,2024,March,6.0,Pleasant,No review,No review
Portugal,Double Room,Family,2,January 2024,2024,January,7.0,Good,No review,No review
Portugal,Single Room,Solo traveller,1,December 2023,2023,December,6.0,Pleasant,No review,No review
Portugal,Single Room,Solo traveller,1,January 2024,2024,January,6.0,Pleasant,No review,No review
Portugal,Single Room,Solo traveller,1,February 2024,2024,February,7.0,Good,No review,No review
Portugal,Single Room,Solo traveller,1,February 2024,2024,February,6.0,Pleasant,No review,No review
Portugal,Single Room,Solo traveller,1,March 2024,2024,March,7.0,Good,No review,No review
Portugal,Double Room,Couple,3,February 2024,2024,February,6.0,Pleasant,No review,No review
Portugal,Single Room,Solo traveller,1,February 2024,2024,February,6.0,Pleasant,No review,No review
Portugal,Double Room,Couple,1,February 2024,2024,February,5.0,Passable,No review,No review
Hungary,Single Room,Solo traveller,1,February 2024,2024,February,5.0,Passable,No review,No review
Portugal,Double Room,Family,1,January 2024,2024,January,7.0,Good,No review,No review
Portugal,Single Room,Solo traveller,1,January 2024,2024,January,7.0,Good,No review,No review
Guinea-Bissau,Single Room,Solo traveller,1,January 2024,2024,January,7.0,Good,No review,No review
Portugal,Double Room,Couple,1,January 2024,2024,January,5.0,Passable,No review,No review
Unknown,Double Room,Couple,2,December 2023,2023,December,7.0,Good,No review,No review
Portugal,Double Room,Family,15,December 2023,2023,December,5.0,Passable,No review,No review
France,Double Room,Couple,1,December 2023,2023,December,7.0,Good,No review,No review
Brazil,Double Room,Couple,2,December 2023,2023,December,6.0,Pleasant,No review,No review
Sweden,Double Room,Solo traveller,1,November 2023,2023,November,7.0,Good,No review,No review
Portugal,Double Room,Couple,1,December 2023,2023,December,5.0,Passable,No review,No review
Portugal,Double Room,Family,1,November 2023,2023,November,7.0,Good,No review,No review
Guinea-Bissau,Single Room,Solo traveller,1,November 2023,2023,November,7.0,Good,No review,No review
Portugal,Double Room,Family,1,November 2023,2023,November,7.0,Good,No review,No review
Mozambique,Double Room,Couple,2,October 2023,2023,October,6.0,Pleasant,No review,No review
Brazil,Double Room,Couple,1,November 2023,2023,November,7.0,Good,No review,No review
Portugal,Single Room,Solo traveller,1,September 2023,2023,September,5.0,Passable,No review,No review
Portugal,Double Room,Family,2,October 2023,2023,October,7.0,Good,No review,No review
Argentina,Single Room,Solo traveller,1,October 2023,2023,October,7.0,Good,No review,No review
Spain,Twin Room,Family,2,October 2023,2023,October,5.0,Passable,No review,No review
Spain,Twin Room,Family,3,October 2023,2023,October,5.0,Passable,No review,No review
Spain,Double Room,Family,1,October 2023,2023,October,6.0,Pleasant,No review,No review
Portugal,Single Room,Solo traveller,1,October 2023,2023,October,6.0,Pleasant,No review,No review
Portugal,Double Room,Couple,1,October 2023,2023,October,5.0,Passable,No review,No review
Portugal,Twin Room,Couple,2,October 2023,2023,October,5.0,Passable,No review,No review
Spain,Double Room,Couple,2,October 2023,2023,October,7.0,Good,No review,No review
Poland,Twin Room,Family,1,October 2023,2023,October,7.0,Good,No review,No review
Portugal,Single Room,Solo traveller,5,September 2023,2023,September,7.0,Good,No review,No review
Portugal,Twin Room,Solo traveller,2,September 2023,2023,September,7.0,Good,No review,No review
Portugal,Double Room,Family,1,September 2023,2023,September,5.0,Passable,No review,No review
Spain,Double Room,Couple,1,September 2023,2023,September,7.0,Good,No review,No review
Czech Republic,Double Room,Family,1,September 2023,2023,September,5.0,"Outdated equipment, the door from the bathroom could not be closed, the balcony could not be locked",No review,No review
Portugal,Double Room,Couple,3,September 2023,2023,September,7.0,Good,No review,No review
Brazil,Double Room,Family,1,August 2023,2023,August,6.0,Pleasant,No review,No review
Portugal,Twin Room,Couple,1,September 2023,2023,September,7.0,Good,No review,No review
Germany,Single Room,Group,4,September 2023,2023,September,6.0,Pleasant,No review,No review
France,Double Room,Family,3,September 2023,2023,September,6.0,Pleasant,No review,No review
France,Twin Room,Family,2,September 2023,2023,September,6.0,Pleasant,No review,No review
Portugal,Double Room,Family,1,September 2023,2023,September,7.0,Good,No review,No review
France,Double Room,Couple,1,September 2023,2023,September,5.0,Passable,No review,No review
Portugal,Single Room,Solo traveller,1,August 2023,2023,August,5.0,Passable,No review,No review
Italy,Twin Room,Group,1,August 2023,2023,August,7.0,Good,No review,No review
Spain,Double Room,Group,4,June 2023,2023,June,5.0,Passable,No review,No review
Spain,Twin Room,Couple,2,August 2023,2023,August,5.0,Passable,No review,No review
France,Single Room,Solo traveller,1,August 2023,2023,August,7.0,Good,No review,No review
Spain,Double Room,Couple,3,August 2023,2023,August,5.0,Passable,No review,No review
France,Single Room,Solo traveller,1,August 2023,2023,August,5.0,Passable,No review,No review
Italy,Single Room,Solo traveller,3,August 2023,2023,August,6.0,Pleasant,No review,No review
Poland,Twin Room,Group,4,August 2023,2023,August,6.0,Pleasant,No review,No review
Spain,Double Room,Couple,1,August 2023,2023,August,5.0,Passable,No review,No review
Spain,Double Room,Couple,1,August 2023,2023,August,5.0,Passable,No review,No review
France,Double Room,Family,6,August 2023,2023,August,6.0,Pleasant,No review,No review
Austria,Single Room,Solo traveller,5,May 2023,2023,May,5.0,Passable,No review,No review
France,Single Room,Solo traveller,6,July 2023,2023,July,6.0,Pleasant,No review,No review
Brazil,Double Room,Couple,1,June 2023,2023,June,5.0,Passable,No review,No review
Portugal,Double Room,Family,1,July 2023,2023,July,6.0,Pleasant,No review,No review
Portugal,Double Room,Family,2,July 2023,2023,July,5.0,Passable,No review,No review
Argentina,Twin Room,Family,3,June 2023,2023,June,7.0,Good,No review,No review
Poland,Single Room,Solo traveller,4,June 2023,2023,June,7.0,Good,No review,No review
Hungary,Twin Room,Family,1,May 2023,2023,May,7.0,Good,No review,No review
Spain,Twin Room,Couple,1,July 2023,2023,July,5.0,"Acceptable, but I would not come back",No review,No review
France,Double Room,Couple,5,July 2023,2023,July,6.0,Pleasant,No review,No review
Chile,Double Room,Couple,1,June 2023,2023,June,5.0,Passable,No review,No review
Luxembourg,Double Room,Family,1,June 2023,2023,June,7.0,Good,No review,No review
Italy,Double Room,Solo traveller,2,June 2023,2023,June,6.0,Pleasant,No review,No review
Portugal,Double Room,Couple,2,June 2023,2023,June,6.0,Pleasant,No review,No review
Portugal,Double Room,Family,3,June 2023,2023,June,6.0,Pleasant,No review,No review
Brazil,Single Room,Solo traveller,4,June 2023,2023,June,7.0,Good,No review,No review
Brazil,Double Room,Solo traveller,2,June 2023,2023,June,6.0,Pleasant,No review,No review
Italy,Double Room,Couple,3,June 2023,2023,June,5.0,Passable,No review,No review
Portugal,Double Room,Couple,1,June 2023,2023,June,7.0,Good,No review,No review
Portugal,Double Room,Couple,1,April 2023,2023,April,6.0,Pleasant,No review,No review
Brazil,Single Room,Solo traveller,1,May 2023,2023,May,5.0,Passable,No review,No review
Portugal,Single Room,Solo traveller,1,June 2023,2023,June,7.0,Good,No review,No review
Italy,Twin Room,Couple,4,June 2023,2023,June,5.0,Passable,No review,No review
France,Double Room,Couple,1,May 2023,2023,May,5.0,Passable,No review,No review
Portugal,Single Room,Couple,1,June 2023,2023,June,7.0,Good,No review,No review
Portugal,Double Room,Solo traveller,1,June 2023,2023,June,7.0,Good,No review,No review
Portugal,Double Room,Couple,1,April 2023,2023,April,6.0,Pleasant,No review,No review
Portugal,Double Room,Couple,2,May 2023,2023,May,6.0,Pleasant,No review,No review
Hungary,Double Room,Couple,3,May 2023,2023,May,6.0,Pleasant,No review,No review
Portugal,Double Room,Couple,1,May 2023,2023,May,7.0,Good,No review,No review
France,Twin Room,Family,4,May 2023,2023,May,7.0,Good,No review,No review
Spain,Twin Room,Group,3,May 2023,2023,May,5.0,Passable,No review,No review
Luxembourg,Double Room,Couple,2,May 2023,2023,May,6.0,Pleasant,No review,No review
Portugal,Twin Room,Group,1,April 2023,2023,April,5.0,Passable,No review,No review
Portugal,Double Room,Couple,4,April 2023,2023,April,7.0,Good,No review,No review
Portugal,Single Room,Solo traveller,2,March 2023,2023,March,5.0,Passable,No review,No review
Portugal,Single Room,Solo traveller,2,March 2023,2023,March,5.0,Passable,No review,No review
Portugal,Single Room,Solo traveller,2,March 2023,2023,March,5.0,Passable,No review,No review
Portugal,Single Room,Solo traveller,2,March 2023,2023,March,5.0,Passable,No review,No review
Portugal,Twin Room,Solo traveller,1,April 2023,2023,April,5.0,Passable,No review,No review
Portugal,Single Room,Solo traveller,1,April 2023,2023,April,5.0,Passable,No review,No review
Portugal,Single Room,Solo traveller,2,March 2023,2023,March,5.0,Passable,No review,No review
Spain,Twin Room,Couple,1,April 2023,2023,April,6.0,Pleasant,No review,No review
Portugal,Double Room,Group,1,April 2023,2023,April,5.0,Passable,No review,No review
Spain,Single Room,Solo traveller,1,April 2023,2023,April,6.0,Pleasant,No review,No review
Portugal,Single Room,Solo traveller,4,April 2023,2023,April,7.0,Good,No review,No review
Portugal,Double Room,Family,1,April 2023,2023,April,5.0,Passable,No review,No review
Portugal,Double Room,Family,2,April 2023,2023,April,5.0,Passable,No review,No review
Spain,Twin Room,Family,4,April 2023,2023,April,5.0,Passable,No review,No review
Portugal,Single Room,Solo traveller,2,March 2023,2023,March,7.0,Good,No review,No review
Portugal,Single Room,Solo traveller,1,March 2023,2023,March,7.0,Good,No review,No review
Portugal,Single Room,Solo traveller,1,March 2023,2023,March,5.0,Passable,No review,No review
Portugal,Single Room,Solo traveller,1,March 2023,2023,March,7.0,Good,No review,No review
Spain,Single Room,Solo traveller,1,March 2023,2023,March,6.0,Pleasant,No review,No review
Portugal,Double Room,Family,1,March 2023,2023,March,6.0,Pleasant,No review,No review
Morocco,Single Room,Solo traveller,3,March 2023,2023,March,5.0,Passable,No review,No review
Italy,Single Room,Solo traveller,2,March 2023,2023,March,7.0,Good,No review,No review
Portugal,Single Room,Family,1,March 2023,2023,March,6.0,Pleasant,No review,No review
Portugal,Double Room,Couple,1,February 2023,2023,February,5.0,Passable,No review,No review
Portugal,Single Room,Solo traveller,1,February 2023,2023,February,6.0,Pleasant,No review,No review
Portugal,Twin Room,Family,1,February 2023,2023,February,5.0,Passable,No review,No review
Netherlands,Single Room,Solo traveller,2,January 2023,2023,January,6.0,Pleasant,No review,No review
Portugal,Double Room,Couple,1,January 2023,2023,January,7.0,Good,No review,No review
Portugal,Single Room,Solo traveller,1,January 2023,2023,January,5.0,Passable,No review,No review
Portugal,Single Room,Solo traveller,1,January 2023,2023,January,7.0,Good,No review,No review
Portugal,Single Room,Solo traveller,1,November 2022,2022,November,7.0,Good,No review,No review
Portugal,Single Room,Solo traveller,1,January 2023,2023,January,6.0,Pleasant,No review,No review
Portugal,Single Room,Solo traveller,1,December 2022,2022,December,6.0,Pleasant,No review,No review
Portugal,Double Room,Couple,1,December 2022,2022,December,5.0,Passable,No review,No review
Portugal,Double Room,Couple,1,December 2022,2022,December,7.0,Good,No review,No review
Portugal,Double Room,Couple,1,December 2022,2022,December,6.0,Pleasant,No review,No review
Portugal,Double Room,Couple,1,September 2022,2022,September,5.0,Passable,No review,No review
Belgium,Twin Room,Couple,1,November 2022,2022,November,5.0,Passable,No review,No review
Portugal,Double Room,Solo traveller,1,December 2022,2022,December,6.0,Pleasant,No review,No review
Spain,Single Room,Solo traveller,5,December 2022,2022,December,5.4,Passable,No review,No review
Italy,Single Room,Solo traveller,2,December 2022,2022,December,7.0,Good,No review,No review
Italy,Single Room,Solo traveller,2,December 2022,2022,December,7.0,Good,No review,No review
Brazil,Double Room,Couple,1,November 2022,2022,November,5.0,Passable,No review,No review
Portugal,Double Room,Couple,1,November 2022,2022,November,6.0,Pleasant,No review,No review
Portugal,Double Room,Couple,1,November 2022,2022,November,5.0,Passable,No review,No review
Portugal,Double Room,Couple,1,October 2022,2022,October,6.0,Pleasant,No review,No review
Brazil,Twin Room,Family,1,November 2022,2022,November,7.0,Good,No review,No review
Portugal,Double Room,Couple,1,November 2022,2022,November,7.0,Good,No review,No review
Italy,Single Room,Solo traveller,3,November 2022,2022,November,7.0,Good,No review,No review
Portugal,Double Room,Couple,1,November 2022,2022,November,5.0,Passable,No review,No review
Portugal,Double Room,Family,2,November 2022,2022,November,6.0,Pleasant,No review,No review
Portugal,Twin Room,Family,2,November 2022,2022,November,7.0,Good,No review,No review
Portugal,Double Room,Couple,1,September 2022,2022,September,5.0,Passable,No review,No review
Spain,Single Room,Solo traveller,5,November 2022,2022,November,7.0,Good,No review,No review
Portugal,Single Room,Solo traveller,1,November 2022,2022,November,7.0,Good,No review,No review
Portugal,Single Room,Solo traveller,2,August 2022,2022,August,5.0,Passable,No review,No review
Switzerland,Single Room,Solo traveller,3,October 2022,2022,October,5.0,Passable,No review,No review
Portugal,Double Room,Couple,1,November 2022,2022,November,6.0,Pleasant,No review,No review
Portugal,Single Room,Group,1,October 2022,2022,October,5.0,Passable,No review,No review
Portugal,Single Room,Group,1,October 2022,2022,October,5.0,Passable,No review,No review
Portugal,Single Room,Solo traveller,1,October 2022,2022,October,5.0,Passable,No review,No review
Portugal,Twin Room,Solo traveller,1,October 2022,2022,October,5.0,Passable,No review,No review
Portugal,Single Room,Solo traveller,1,October 2022,2022,October,6.0,Pleasant,No review,No review
Portugal,Single Room,Solo traveller,1,October 2022,2022,October,5.0,Passable,No review,No review
Portugal,Double Room,Couple,1,October 2022,2022,October,5.0,Passable,No review,No review
Hungary,Double Room,Couple,2,October 2022,2022,October,6.0,Pleasant,No review,No review
Portugal,Double Room,Couple,2,October 2022,2022,October,5.0,Passable,No review,No review
Spain,Single Room,Solo traveller,3,September 2022,2022,September,5.0,Passable,No review,No review
Portugal,Twin Room,Solo traveller,1,October 2022,2022,October,7.0,Good,No review,No review
Brazil,Twin Room,Couple,7,October 2022,2022,October,7.0,Good,No review,No review
Portugal,Double Room,Family,1,October 2022,2022,October,7.0,Good,No review,No review
Angola,Twin Room,Family,3,October 2022,2022,October,7.0,Good,No review,No review
Czech Republic,Single Room,Solo traveller,2,September 2022,2022,September,7.0,Good,No review,No review
Spain,Double Room,Family,1,September 2022,2022,September,7.0,Good,No review,No review
Brazil,Single Room,Solo traveller,3,September 2022,2022,September,7.0,Good,No review,No review
Portugal,Single Room,Solo traveller,1,September 2022,2022,September,6.0,Pleasant,No review,No review
Portugal,Double Room,Family,2,September 2022,2022,September,5.0,Passable,No review,No review
Portugal,Double Room,Solo traveller,1,September 2022,2022,September,7.0,Good,No review,No review
Portugal,Double Room,Family,1,September 2022,2022,September,6.0,Pleasant,No review,No review
Spain,Twin Room,Couple,1,September 2022,2022,September,6.0,Pleasant,No review,No review
Spain,Double Room,Couple,4,September 2022,2022,September,7.0,Good,No review,No review
Portugal,Double Room,Couple,1,August 2022,2022,August,7.0,Good,No review,No review
Portugal,Double Room,Family,1,August 2022,2022,August,7.0,Good,No review,No review
France,Double Room,Family,1,August 2022,2022,August,7.0,Good,No review,No review
Portugal,Double Room,Family,1,August 2022,2022,August,5.0,Passable,No review,No review
Portugal,Twin Room,Solo traveller,1,August 2022,2022,August,5.0,Passable,No review,No review
Portugal,Double Room,Group,1,August 2022,2022,August,5.0,Passable,No review,No review
France,Single Room,Solo traveller,4,August 2022,2022,August,5.0,Passable,No review,No review
France,Double Room,Couple,7,August 2022,2022,August,7.0,Good,No review,No review
Portugal,Single Room,Solo traveller,1,August 2022,2022,August,6.0,Pleasant,No review,No review
Spain,Double Room,Couple,1,July 2022,2022,July,7.0,Good,No review,No review
France,Twin Room,Couple,4,August 2022,2022,August,7.0,Good,No review,No review
Sweden,Single Room,Solo traveller,4,July 2022,2022,July,5.0,Passable,No review,No review
Portugal,Double Room,Family,2,July 2022,2022,July,5.0,Passable,No review,No review
Spain,Double Room,Couple,2,July 2022,2022,July,6.0,Pleasant,No review,No review
Portugal,Twin Room,Group,1,July 2022,2022,July,5.0,Passable,No review,No review
Spain,Double Room,Couple,2,July 2022,2022,July,6.0,Pleasant,No review,No review
Portugal,Twin Room,Solo traveller,1,June 2022,2022,June,6.0,Pleasant,No review,No review
Spain,Twin Room,Couple,1,July 2022,2022,July,6.0,Pleasant,No review,No review
Portugal,Single Room,Solo traveller,3,July 2022,2022,July,7.0,Good,No review,No review
Portugal,Twin Room,Family,1,June 2022,2022,June,5.0,Passable,No review,No review
United States,Twin Room,Family,4,June 2022,2022,June,5.0,Passable,No review,No review
Switzerland,Twin Room,Family,1,July 2022,2022,July,7.0,Good,No review,No review
Portugal,Single Room,Solo traveller,2,June 2022,2022,June,5.0,Passable,No review,No review
Latvia,Twin Room,Family,6,June 2022,2022,June,5.0,Passable,No review,No review
Germany,Double Room,Group,2,June 2022,2022,June,6.0,Pleasant,No review,No review
Portugal,Double Room,Couple,1,June 2022,2022,June,5.0,Passable,No review,No review
Portugal,Twin Room,Solo traveller,1,April 2022,2022,April,7.0,Good,No review,No review
Portugal,Twin Room,Family,3,June 2022,2022,June,6.0,Pleasant,No review,No review
Spain,Double Room,Family,2,June 2022,2022,June,7.0,Good,No review,No review
Portugal,Single Room,Solo traveller,1,May 2022,2022,May,6.0,Pleasant,No review,No review
Netherlands,Double Room,Couple,1,June 2022,2022,June,5.0,Passable,No review,No review
Portugal,Double Room,Solo traveller,2,June 2022,2022,June,6.0,Pleasant,No review,No review
France,Single Room,Group,1,May 2022,2022,May,5.0,Passable,No review,No review
Brazil,Single Room,Solo traveller,3,May 2022,2022,May,7.0,Good,No review,No review
France,Double Room,Group,3,May 2022,2022,May,6.0,Pleasant,No review,No review
France,Double Room,Family,2,May 2022,2022,May,7.0,Good,No review,No review
Portugal,Double Room,Family,1,April 2022,2022,April,5.0,Passable,No review,No review
Portugal,Single Room,Solo traveller,1,May 2022,2022,May,5.0,Passable,No review,No review
Portugal,Twin Room,Solo traveller,1,May 2022,2022,May,5.0,Passable,No review,No review
Portugal,Twin Room,Group,3,May 2022,2022,May,5.0,Passable,No review,No review
Portugal,Double Room,Family,3,May 2022,2022,May,5.0,Passable,No review,No review
Spain,Double Room,Couple,2,April 2022,2022,April,5.0,Passable,No review,No review
Spain,Single Room,Solo traveller,2,April 2022,2022,April,5.0,Passable,No review,No review
Portugal,Double Room,Family,1,January 2022,2022,January,6.0,Pleasant,No review,No review
Portugal,Single Room,Group,1,March 2022,2022,March,7.0,Good,No review,No review
Portugal,Double Room,Group,1,March 2022,2022,March,7.0,Good,No review,No review
Brazil,Double Room,Couple,1,April 2022,2022,April,6.0,Pleasant,No review,No review
Spain,Single Room,Group,3,April 2022,2022,April,5.0,Passable,No review,No review
Spain,Double Room,Couple,2,April 2022,2022,April,7.0,Good,No review,No review
Spain,Twin Room,Group,3,April 2022,2022,April,6.0,Pleasant,No review,No review
Portugal,Double Room,Couple,4,April 2022,2022,April,6.0,Pleasant,No review,No review
Portugal,Single Room,Solo traveller,1,April 2022,2022,April,5.0,Passable,No review,No review
Portugal,Double Room,Family,1,April 2022,2022,April,7.0,Good,No review,No review
Portugal,Double Room,Solo traveller,3,March 2022,2022,March,5.0,Passable,No review,No review
Portugal,Twin Room,Family,1,March 2022,2022,March,7.0,Good,No review,No review
Portugal,Double Room,Solo traveller,1,March 2025,2025,March,10.0,Exceptional,No review,No review
Portugal,Double Room,Family,1,March 2025,2025,March,8.0,Very good,No review,No review
Portugal,Twin Room,Couple,1,March 2025,2025,March,4.0,Disappointing,No review,No review
Brazil,Double Room,Family,1,March 2025,2025,March,8.0,Very good,No review,No review
Portugal,Single Room,Solo traveller,2,February 2025,2025,February,3.0,Poor,No review,No review
Italy,Double Room,Couple,1,February 2025,2025,February,4.0,Disappointing,No review,No review
Portugal,Single Room,Solo traveller,1,February 2025,2025,February,4.0,Disappointing,No review,No review
Spain,Single Room,Solo traveller,5,February 2025,2025,February,8.0,Very good,No review,No review
Portugal,Double Room,Couple,1,January 2025,2025,January,3.0,Poor,No review,No review
Portugal,Twin Room,Solo traveller,2,February 2025,2025,February,3.0,Poor,No review,No review
Portugal,Double Room,Family,1,January 2025,2025,January,9.0,Superb,No review,No review
Portugal,Double Room,Couple,1,November 2024,2024,November,8.0,Very good,No review,No review
France,Double Room,Family,1,January 2025,2025,January,4.0,Disappointing,No review,No review
Brazil,Double Room,Solo traveller,1,January 2025,2025,January,4.0,Disappointing,No review,No review
Portugal,Single Room,Solo traveller,1,December 2024,2024,December,10.0,Exceptional,No review,No review
Portugal,Single Room,Solo traveller,1,December 2024,2024,December,10.0,Exceptional,No review,No review
Portugal,Double Room,Couple,4,December 2024,2024,December,10.0,Exceptional,No review,No review
Portugal,Double Room,Family,1,December 2024,2024,December,8.0,Very good,No review,No review
Spain,Double Room,Solo traveller,2,December 2024,2024,December,10.0,Exceptional,No review,No review
Portugal,Double Room,Family,3,December 2024,2024,December,9.0,Superb,No review,No review
Portugal,Double Room,Couple,1,September 2024,2024,September,10.0,Exceptional,No review,No review
Portugal,Double Room,Couple,1,November 2024,2024,November,4.0,Disappointing,No review,No review
Portugal,Twin Room,Family,1,November 2024,2024,November,10.0,Exceptional,No review,No review
Portugal,Single Room,Solo traveller,1,November 2024,2024,November,9.0,Superb,No review,No review
Portugal,Twin Room,Couple,1,October 2024,2024,October,1.0,Bad,No review,No review
France,Double Room,Solo traveller,4,October 2024,2024,October,8.0,Very good,No review,No review
Spain,Single Room,Solo traveller,1,October 2024,2024,October,4.0,Regular,No review,No review
Spain,Single Room,Solo traveller,3,September 2024,2024,September,8.0,Very good,No review,No review
Portugal,Twin Room,Solo traveller,1,October 2024,2024,October,10.0,Exceptional,No review,No review
Portugal,Double Room,Couple,1,September 2024,2024,September,3.0,Poor,No review,No review
France,Twin Room,Family,1,October 2024,2024,October,9.0,Superb,No review,No review
Portugal,Twin Room,Family,2,October 2024,2024,October,8.0,Very good,No review,No review
Spain,Double Room,Family,1,October 2024,2024,October,2.0,Very poor,No review,No review
Italy,Single Room,Solo traveller,2,October 2024,2024,October,9.0,Superb,No review,No review
Portugal,Double Room,Couple,4,October 2024,2024,October,2.0,Very poor,No review,No review
Spain,Double Room,Group,4,October 2024,2024,October,10.0,Exceptional,No review,No review
Portugal,Double Room,Family,1,October 2024,2024,October,8.0,Very good,No review,No review
Portugal,Twin Room,Group,1,October 2024,2024,October,9.0,Superb,No review,No review
Portugal,Double Room,Couple,1,September 2024,2024,September,4.0,Disappointing,No review,No review
Portugal,Single Room,Solo traveller,2,September 2024,2024,September,9.0,Superb,No review,No review
Spain,Twin Room,Couple,3,September 2024,2024,September,8.0,Very good,No review,No review
Portugal,Double Room,Couple,1,September 2024,2024,September,3.0,Poor,No review,No review
Portugal,Single Room,Solo traveller,1,September 2024,2024,September,10.0,Exceptional,No review,No review
Portugal,Double Room,Couple,1,September 2024,2024,September,8.0,Very good,No review,No review
Portugal,Twin Room,Couple,2,September 2024,2024,September,10.0,Exceptional,No review,No review
Italy,Single Room,Solo traveller,1,September 2024,2024,September,8.0,Very good,No review,No review
Brazil,Double Room,Family,1,July 2024,2024,July,8.0,Very good,No review,No review
Portugal,Double Room,Couple,1,August 2024,2024,August,10.0,Exceptional,No review,No review
Portugal,Twin Room,Family,1,August 2024,2024,August,9.0,Superb,No review,No review
Spain,Double Room,Couple,3,August 2024,2024,August,8.0,Very good,No review,No review
Spain,Double Room,Group,1,August 2024,2024,August,8.0,Very good,No review,No review
France,Double Room,Couple,2,August 2024,2024,August,10.0,Exceptional,No review,No review
Portugal,Twin Room,Couple,1,August 2024,2024,August,10.0,Exceptional,No review,No review
Brazil,Single Room,Couple,1,August 2024,2024,August,10.0,Exceptional,No review,No review
Brazil,Double Room,Couple,2,July 2024,2024,July,4.0,Disappointing,No review,No review
Portugal,Double Room,Couple,1,August 2024,2024,August,9.0,Superb,No review,No review
Portugal,Double Room,Couple,1,July 2024,2024,July,4.0,Disappointing,No review,No review
Portugal,Single Room,Solo traveller,2,July 2024,2024,July,8.0,Very good,No review,No review
Portugal,Double Room,Family,1,June 2024,2024,June,8.0,Very good,No review,No review
Spain,Double Room,Couple,1,July 2024,2024,July,10.0,Exceptional,No review,No review
Portugal,Single Room,Solo traveller,1,July 2024,2024,July,10.0,Exceptional,No review,No review
Spain,Double Room,Family,1,July 2024,2024,July,8.0,Very good,No review,No review
Spain,Double Room,Family,1,July 2024,2024,July,2.0,Very poor,No review,No review
Portugal,Twin Room,Group,2,July 2024,2024,July,4.0,Disappointing,No review,No review
Romania,Twin Room,Family,6,July 2024,2024,July,3.0,Poor,No review,No review
Portugal,Double Room,Family,2,July 2024,2024,July,8.0,Very good,No review,No review
Portugal,Double Room,Couple,2,June 2024,2024,June,8.0,Very good,No review,No review
France,Twin Room,Family,1,June 2024,2024,June,4.0,Disappointing,No review,No review
Spain,Twin Room,Couple,2,June 2024,2024,June,3.0,Poor,No review,No review
Andorra,Single Room,Couple,1,June 2024,2024,June,4.0,CAN CANSELAR PRECO 52 TO 2 PEOPLE This was all lie,No review,No review
Portugal,Twin Room,Family,1,June 2024,2024,June,10.0,Exceptional,No review,No review
France,Single Room,Solo traveller,5,June 2024,2024,June,8.0,Very good,No review,No review
Portugal,Twin Room,Family,1,May 2024,2024,May,9.0,Superb,No review,No review
Portugal,Double Room,Family,1,June 2024,2024,June,9.0,Superb,No review,No review
Portugal,Double Room,Family,1,June 2024,2024,June,8.0,Very good,No review,No review
Colombia,Double Room,Family,1,June 2024,2024,June,10.0,Exceptional,No review,No review
Spain,Double Room,Solo traveller,5,May 2024,2024,May,10.0,Exceptional,No review,No review
Portugal,Double Room,Family,1,June 2024,2024,June,8.0,Very good,No review,No review
Portugal,Double Room,Family,2,May 2024,2024,May,3.0,Poor,No review,No review
Portugal,Twin Room,Couple,2,May 2024,2024,May,10.0,Exceptional,No review,No review
France,Twin Room,Family,2,May 2024,2024,May,3.0,Poor,No review,No review
Brazil,Single Room,Solo traveller,1,April 2024,2024,April,8.0,Very good,No review,No review
France,Twin Room,Family,1,May 2024,2024,May,9.0,Superb,No review,No review
Portugal,Twin Room,Solo traveller,2,May 2024,2024,May,8.0,Very good,No review,No review
Brazil,Twin Room,Solo traveller,2,May 2024,2024,May,8.0,Very good,No review,No review
Portugal,Single Room,Solo traveller,1,May 2024,2024,May,3.0,Poor,No review,No review
Portugal,Twin Room,Family,2,May 2024,2024,May,8.0,Very good,No review,No review
Portugal,Twin Room,Family,2,May 2024,2024,May,10.0,Exceptional,No review,No review
Germany,Single Room,Solo traveller,7,April 2024,2024,April,9.0,Superb,No review,No review
Tunisia,Single Room,Solo traveller,2,April 2024,2024,April,9.0,Superb,No review,No review
Switzerland,Double Room,Couple,1,April 2024,2024,April,4.0,Disappointing,No review,No review
Switzerland,Double Room,Family,1,March 2024,2024,March,3.0,Poor,No review,No review
Portugal,Double Room,Family,2,March 2024,2024,March,10.0,Exceptional,No review,No review
France,Double Room,Couple,3,March 2024,2024,March,9.0,Superb,No review,No review
Portugal,Single Room,Solo traveller,1,March 2024,2024,March,8.0,Very good,No review,No review
Portugal,Double Room,Couple,2,March 2024,2024,March,8.0,Very good,No review,No review
Portugal,Single Room,Solo traveller,1,February 2024,2024,February,8.0,Very good,No review,No review
Portugal,Double Room,Couple,1,January 2024,2024,January,1.0,Bad,No review,No review
Finland,Twin Room,Family,2,February 2024,2024,February,8.0,Very good,No review,No review
Portugal,Single Room,Solo traveller,1,February 2024,2024,February,10.0,Exceptional,No review,No review
Portugal,Double Room,Couple,2,January 2024,2024,January,9.0,Superb,No review,No review
Portugal,Twin Room,Couple,1,January 2024,2024,January,1.0,Bad,No review,No review
Brazil,Double Room,Family,2,December 2023,2023,December,8.0,Very good,No review,No review
Portugal,Double Room,Family,1,December 2023,2023,December,10.0,Exceptional,No review,No review
Spain,Twin Room,Couple,1,December 2023,2023,December,4.0,Disappointing,No review,No review
Brazil,Double Room,Solo traveller,1,December 2023,2023,December,9.0,Superb,No review,No review
Portugal,Double Room,Couple,1,December 2023,2023,December,9.0,Superb,No review,No review
Spain,Double Room,Solo traveller,3,December 2023,2023,December,10.0,Exceptional,No review,No review
Spain,Double Room,Solo traveller,2,November 2023,2023,November,9.0,Superb,No review,No review
Portugal,Twin Room,Couple,1,December 2023,2023,December,4.0,Disappointing,No review,No review
Brazil,Double Room,Family,8,November 2023,2023,November,10.0,Exceptional,No review,No review
Brazil,Single Room,Solo traveller,2,November 2023,2023,November,8.0,Very good,No review,No review
Portugal,Double Room,Couple,1,November 2023,2023,November,1.0,Bad quality,No review,No review
Brazil,Double Room,Family,10,November 2023,2023,November,10.0,Exceptional,No review,No review
France,Single Room,Solo traveller,1,November 2023,2023,November,9.0,Superb,No review,No review
France,Single Room,Solo traveller,1,October 2023,2023,October,8.0,Very good,No review,No review
Portugal,Single Room,Solo traveller,1,October 2023,2023,October,1.0,Bad,No review,No review
France,Twin Room,Family,1,September 2023,2023,September,8.0,Very good,No review,No review
Netherlands,Double Room,Family,4,October 2023,2023,October,8.0,Very good,No review,No review
Portugal,Double Room,Couple,1,October 2023,2023,October,2.0,Very poor,No review,No review
Portugal,Single Room,Solo traveller,2,October 2023,2023,October,9.0,Superb,No review,No review
Spain,Twin Room,Solo traveller,1,October 2023,2023,October,4.0,Disappointing,No review,No review
Portugal,Double Room,Family,2,September 2023,2023,September,8.0,Very good,No review,No review
Cape Verde,Single Room,Solo traveller,1,October 2023,2023,October,9.0,Superb,No review,No review
Brazil,Double Room,Couple,4,October 2023,2023,October,8.0,Very good,No review,No review
France,Single Room,Solo traveller,2,October 2023,2023,October,8.0,Very good,No review,No review
Portugal,Double Room,Couple,2,October 2023,2023,October,10.0,Exceptional,No review,No review
Portugal,Double Room,Family,1,October 2023,2023,October,8.0,Very good,No review,No review
Portugal,Double Room,Family,1,October 2023,2023,October,4.0,Disappointing,No review,No review
Portugal,Double Room,Family,1,September 2023,2023,September,10.0,Exceptional,No review,No review
Luxembourg,Double Room,Couple,2,September 2023,2023,September,8.0,Very good,No review,No review
Italy,Double Room,Couple,2,August 2023,2023,August,8.0,Very good,No review,No review
Portugal,Double Room,Group,1,September 2023,2023,September,9.0,Superb,No review,No review
Portugal,Twin Room,Couple,1,August 2023,2023,August,4.0,Disappointing,No review,No review
France,Double Room,Family,2,September 2023,2023,September,10.0,Exceptional,No review,No review
Poland,Double Room,Couple,3,September 2023,2023,September,8.0,Very good,No review,No review
Germany,Double Room,Solo traveller,1,September 2023,2023,September,1.0,Bad,No review,No review
Portugal,Double Room,Couple,1,September 2023,2023,September,2.0,Very poor,No review,No review
Spain,Twin Room,Family,1,September 2023,2023,September,8.0,Very good,No review,No review
Argentina,Twin Room,Couple,2,August 2023,2023,August,10.0,Highly recommended,No review,No review
Portugal,Double Room,Couple,2,August 2023,2023,August,9.0,Superb,No review,No review
Spain,Twin Room,Family,2,August 2023,2023,August,8.0,Very good,No review,No review
Germany,Double Room,Couple,2,August 2023,2023,August,3.0,Poor,No review,No review
Spain,Single Room,Solo traveller,4,August 2023,2023,August,10.0,Exceptional,No review,No review
Guatemala,Single Room,Solo traveller,2,August 2023,2023,August,8.0,Very good,No review,No review
Spain,Single Room,Family,5,August 2023,2023,August,8.0,Very good,No review,No review
Portugal,Double Room,Family,1,August 2023,2023,August,4.0,Disappointing,No review,No review
Portugal,Single Room,Solo traveller,2,August 2023,2023,August,10.0,Exceptional,No review,No review
Portugal,Single Room,Solo traveller,5,August 2023,2023,August,8.0,Very good,No review,No review
Slovakia,Single Room,Solo traveller,6,July 2023,2023,July,10.0,Exceptional,No review,No review
Portugal,Double Room,Couple,1,July 2023,2023,July,4.0,Disappointing,No review,No review
Spain,Double Room,Couple,2,July 2023,2023,July,10.0,Exceptional,No review,No review
Portugal,Double Room,Couple,2,July 2023,2023,July,4.0,Disappointing,No review,No review
Spain,Double Room,Couple,1,July 2023,2023,July,1.0,Bad,No review,No review
Brazil,Double Room,Family,9,July 2023,2023,July,10.0,Exceptional,No review,No review
Spain,Double Room,Family,1,June 2023,2023,June,3.0,Poor,No review,No review
France,Single Room,Group,3,June 2023,2023,June,8.0,Very good,No review,No review
Spain,Double Room,Couple,2,June 2023,2023,June,4.0,Disappointing,No review,No review
Netherlands,Single Room,Solo traveller,11,June 2023,2023,June,8.0,Very good,No review,No review
France,Twin Room,Couple,5,June 2023,2023,June,10.0,Exceptional,No review,No review
Spain,Single Room,Solo traveller,4,June 2023,2023,June,8.0,Very good,No review,No review
Portugal,Single Room,Solo traveller,2,June 2023,2023,June,8.0,Very good,No review,No review
Portugal,Double Room,Couple,1,May 2023,2023,May,3.0,Poor,No review,No review
Portugal,Double Room,Family,1,May 2023,2023,May,1.0,Bad,No review,No review
Portugal,Twin Room,Group,1,May 2023,2023,May,3.0,Poor,No review,No review
France,Twin Room,Couple,1,May 2023,2023,May,8.0,Very good,No review,No review
Angola,Single Room,Solo traveller,5,April 2023,2023,April,8.0,Very good,No review,No review
Spain,Double Room,Family,1,May 2023,2023,May,3.0,Poor,No review,No review
Portugal,Double Room,Family,1,May 2023,2023,May,1.0,Bad,No review,No review
Slovakia,Single Room,Solo traveller,3,May 2023,2023,May,8.0,Very good,No review,No review
Germany,Double Room,Couple,2,May 2023,2023,May,3.0,Poor,No review,No review
Portugal,Double Room,Couple,1,May 2023,2023,May,2.0,Very poor,No review,No review
Portugal,Double Room,Couple,1,May 2023,2023,May,3.0,Poor,No review,No review
Bulgaria,Double Room,Solo traveller,4,May 2023,2023,May,10.0,Exceptional,No review,No review
Spain,Double Room,Family,2,April 2023,2023,April,10.0,Exceptional,No review,No review
Portugal,Single Room,Solo traveller,1,April 2023,2023,April,8.0,Very good,No review,No review
Switzerland,Double Room,Couple,1,April 2023,2023,April,10.0,Exceptional,No review,No review
Spain,Double Room,Group,1,April 2023,2023,April,3.0,Poor,No review,No review
Germany,Single Room,Group,2,May 2023,2023,May,10.0,Exceptional,No review,No review
Czech Republic,Double Room,Family,2,April 2023,2023,April,8.0,Very good,No review,No review
Brazil,Single Room,Solo traveller,6,April 2023,2023,April,10.0,Exceptional,No review,No review
Portugal,Double Room,Solo traveller,1,April 2023,2023,April,4.0,Disappointing,No review,No review
Portugal,Double Room,Family,1,April 2023,2023,April,1.0,Bad,No review,No review
Portugal,Double Room,Couple,1,April 2023,2023,April,1.0,Bad,No review,No review
Portugal,Double Room,Couple,1,April 2023,2023,April,1.0,Bad,No review,No review
Portugal,Single Room,Solo traveller,1,April 2023,2023,April,3.0,Poor,No review,No review
Portugal,Single Room,Solo traveller,1,April 2023,2023,April,4.0,Disappointing,No review,No review
Portugal,Twin Room,Couple,1,March 2023,2023,March,4.0,Disappointing,No review,No review
Portugal,Double Room,Family,1,March 2023,2023,March,10.0,Exceptional,No review,No review
Portugal,Single Room,Group,1,March 2023,2023,March,1.0,"Very noisy, no air conditioning and plug",No review,No review
Brazil,Single Room,Solo traveller,1,March 2023,2023,March,4.0,Disappointing,No review,No review
Portugal,Double Room,Couple,2,March 2023,2023,March,3.0,Poor,No review,No review
Portugal,Single Room,Solo traveller,1,March 2023,2023,March,3.0,Poor,No review,No review
Portugal,Single Room,Solo traveller,1,February 2023,2023,February,4.0,Disappointing,No review,No review
Spain,Double Room,Couple,1,February 2023,2023,February,1.0,Bad,No review,No review
Portugal,Single Room,Solo traveller,3,February 2023,2023,February,10.0,Exceptional,No review,No review
Portugal,Double Room,Couple,2,December 2022,2022,December,8.0,Very good,No review,No review
Brazil,Double Room,Couple,1,February 2023,2023,February,9.0,Superb,No review,No review
Argentina,Double Room,Family,1,February 2023,2023,February,8.0,Very good,No review,No review
Spain,Double Room,Family,1,February 2023,2023,February,8.0,Very good,No review,No review
Portugal,Double Room,Couple,1,February 2023,2023,February,4.0,Disappointing,No review,No review
Argentina,Twin Room,Family,1,February 2023,2023,February,8.0,Very good,No review,No review
Portugal,Double Room,Family,1,February 2023,2023,February,4.0,Disappointing,No review,No review
Colombia,Double Room,Couple,3,January 2023,2023,January,3.0,Poor,No review,No review
Portugal,Single Room,Solo traveller,1,January 2023,2023,January,8.0,Very good,No review,No review
Angola,Single Room,Solo traveller,2,January 2023,2023,January,10.0,Exceptional,No review,No review
Portugal,Double Room,Couple,2,January 2023,2023,January,1.0,Bad,No review,No review
Portugal,Double Room,Couple,1,January 2023,2023,January,9.0,Superb,No review,No review
United Kingdom,Twin Room,Couple,7,December 2022,2022,December,1.0,Bad,No review,No review
Portugal,Double Room,Group,1,January 2023,2023,January,9.0,Superb,No review,No review
Portugal,Twin Room,Couple,2,January 2023,2023,January,1.0,Bad,No review,No review
Portugal,Double Room,Couple,1,December 2022,2022,December,1.0,Bad,No review,No review
Portugal,Double Room,Couple,1,December 2022,2022,December,4.0,Disappointing,No review,No review
Portugal,Double Room,Family,1,November 2022,2022,November,8.0,Very good,No review,No review
Portugal,Double Room,Solo traveller,4,December 2022,2022,December,1.0,Bad,No review,No review
Portugal,Twin Room,Family,1,November 2022,2022,November,8.0,Very good,No review,No review
Portugal,Double Room,Family,1,December 2022,2022,December,8.0,Very good,No review,No review
Portugal,Double Room,Group,1,December 2022,2022,December,4.0,Disappointing,No review,No review
Spain,Double Room,Couple,1,December 2022,2022,December,3.0,Poor,No review,No review
Portugal,Double Room,Couple,1,October 2022,2022,October,4.0,Disappointing,No review,No review
Spain,Double Room,Couple,1,December 2022,2022,December,2.0,Very poor,No review,No review
Spain,Twin Room,Family,1,November 2022,2022,November,2.0,Very poor,No review,No review
Spain,Double Room,Family,1,November 2022,2022,November,4.0,Disappointing,No review,No review
Brazil,Twin Room,Couple,1,November 2022,2022,November,10.0,Exceptional,No review,No review
Italy,Double Room,Couple,1,November 2022,2022,November,8.0,Very good,No review,No review
Brazil,Single Room,Solo traveller,7,November 2022,2022,November,8.0,Very good,No review,No review
Italy,Double Room,Group,3,October 2022,2022,October,8.0,Very good,No review,No review
Portugal,Double Room,Couple,2,September 2022,2022,September,8.0,Very good,No review,No review
Portugal,Double Room,Family,1,October 2022,2022,October,3.0,Poor,No review,No review
Portugal,Single Room,Solo traveller,1,November 2022,2022,November,1.0,Bad,No review,No review
Portugal,Double Room,Couple,1,November 2022,2022,November,10.0,Exceptional,No review,No review
Portugal,Double Room,Family,3,October 2022,2022,October,3.0,Poor,No review,No review
Brazil,Twin Room,Couple,1,August 2022,2022,August,2.0,Very poor,No review,No review
Portugal,Double Room,Couple,1,October 2022,2022,October,4.0,Disappointing,No review,No review
Portugal,Twin Room,Family,1,October 2022,2022,October,10.0,Exceptional,No review,No review
Spain,Double Room,Family,1,October 2022,2022,October,4.0,Disappointing,No review,No review
Portugal,Twin Room,Solo traveller,1,September 2022,2022,September,9.0,Superb,No review,No review
Argentina,Twin Room,Family,2,October 2022,2022,October,8.0,Very good,No review,No review
Portugal,Double Room,Couple,4,October 2022,2022,October,3.0,Poor,No review,No review
Germany,Twin Room,Solo traveller,1,October 2022,2022,October,3.0,Poor,No review,No review
Switzerland,Single Room,Solo traveller,9,October 2022,2022,October,4.0,Disappointing,No review,No review
Portugal,Single Room,Solo traveller,1,October 2022,2022,October,1.0,Bad,No review,No review
Brazil,Double Room,Solo traveller,14,September 2022,2022,September,10.0,Exceptional,No review,No review
France,Single Room,Family,1,September 2022,2022,September,10.0,Exceptional,No review,No review
Portugal,Double Room,Solo traveller,1,October 2022,2022,October,10.0,Exceptional,No review,No review
Belgium,Single Room,Solo traveller,1,September 2022,2022,September,4.0,Disappointing,No review,No review
Portugal,Double Room,Couple,1,September 2022,2022,September,1.0,Bad,No review,No review
Portugal,Twin Room,Solo traveller,3,September 2022,2022,September,1.0,Bad,No review,No review
United Kingdom,Double Room,Couple,3,September 2022,2022,September,8.0,Very good,No review,No review
Germany,Double Room,Couple,1,August 2022,2022,August,8.0,Very good,No review,No review
Brazil,Double Room,Solo traveller,1,September 2022,2022,September,8.0,Very good,No review,No review
Brazil,Single Room,Solo traveller,3,September 2022,2022,September,8.0,Very good,No review,No review
Spain,Double Room,Family,1,September 2022,2022,September,1.0,Bad,No review,No review
Portugal,Single Room,Solo traveller,1,August 2022,2022,August,10.0,Exceptional,No review,No review
Portugal,Single Room,Solo traveller,7,September 2022,2022,September,8.0,Very good,No review,No review
Belgium,Single Room,Solo traveller,1,September 2022,2022,September,4.0,Disappointing,No review,No review
Portugal,Single Room,Solo traveller,3,August 2022,2022,August,3.0,Poor,No review,No review
Spain,Double Room,Couple,6,September 2022,2022,September,8.0,"Value for money very well is a modest site, and the staff is very friendly",No review,No review
Brazil,Single Room,Solo traveller,1,September 2022,2022,September,10.0,Exceptional,No review,No review
Israel,Single Room,Solo traveller,1,August 2022,2022,August,3.0,Poor,No review,No review
Portugal,Twin Room,Group,3,June 2022,2022,June,2.0,Very poor,No review,No review
Unknown,Single Room,Solo traveller,4,August 2022,2022,August,8.0,Very good,No review,No review
Spain,Single Room,Solo traveller,2,August 2022,2022,August,8.0,Very good,No review,No review
Brazil,Single Room,Solo traveller,15,August 2022,2022,August,10.0,Exceptional,No review,No review
Russia,Twin Room,Family,2,August 2022,2022,August,8.0,Very good,No review,No review
Portugal,Single Room,Solo traveller,1,August 2022,2022,August,2.0,Very poor,No review,No review
Spain,Double Room,Couple,1,August 2022,2022,August,4.0,Disappointing,No review,No review
Spain,Double Room,Couple,5,August 2022,2022,August,10.0,Exceptional,No review,No review
France,Double Room,Family,1,August 2022,2022,August,8.0,Very good,No review,No review
Spain,Double Room,Family,1,July 2022,2022,July,8.0,Very good,No review,No review
Brazil,Single Room,Solo traveller,1,June 2022,2022,June,10.0,Exceptional,No review,No review
Portugal,Double Room,Family,1,June 2022,2022,June,10.0,Exceptional,No review,No review
Ukraine,Single Room,Group,1,July 2022,2022,July,10.0,Exceptional,No review,No review
Poland,Twin Room,Couple,3,July 2022,2022,July,4.0,Disappointing,No review,No review
Switzerland,Double Room,Family,2,June 2022,2022,June,1.0,Bad,No review,No review
Portugal,Single Room,Solo traveller,1,July 2022,2022,July,8.0,Very good,No review,No review
France,Double Room,Couple,1,June 2022,2022,June,8.0,Very good,No review,No review
Brazil,Twin Room,Couple,1,July 2022,2022,July,1.0,Bad,No review,No review
Spain,Single Room,Solo traveller,2,July 2022,2022,July,4.0,Disappointing,No review,No review
Spain,Single Room,Couple,1,July 2022,2022,July,9.0,Superb,No review,No review
France,Twin Room,Couple,1,June 2022,2022,June,4.0,Disappointing,No review,No review
Portugal,Twin Room,Couple,1,June 2022,2022,June,1.0,Bad,No review,No review
Panama,Twin Room,Group,3,June 2022,2022,June,10.0,Exceptional,No review,No review
France,Double Room,Family,3,June 2022,2022,June,4.0,Disappointing,No review,No review
Spain,Twin Room,Family,1,April 2022,2022,April,8.0,Very good,No review,No review
Portugal,Double Room,Couple,1,June 2022,2022,June,8.0,Very good,No review,No review
Austria,Twin Room,Solo traveller,2,June 2022,2022,June,10.0,Exceptional,No review,No review
Spain,Single Room,Solo traveller,1,May 2022,2022,May,4.0,Disappointing,No review,No review
Brazil,Double Room,Couple,1,May 2022,2022,May,10.0,Exceptional,No review,No review
Portugal,Twin Room,Solo traveller,2,May 2022,2022,May,9.0,Superb,No review,No review
Germany,Double Room,Couple,3,May 2022,2022,May,2.0,Very poor,No review,No review
France,Double Room,Group,3,May 2022,2022,May,10.0,Exceptional,No review,No review
Spain,Double Room,Couple,3,May 2022,2022,May,10.0,Exceptional,No review,No review
Portugal,Single Room,Solo traveller,2,April 2022,2022,April,8.0,Very good,No review,No review
Portugal,Twin Room,Couple,1,May 2022,2022,May,9.0,Superb,No review,No review
Spain,Double Room,Family,1,May 2022,2022,May,2.0,Very poor,No review,No review
Brazil,Double Room,Couple,1,May 2022,2022,May,8.0,Very good,No review,No review
Portugal,Double Room,Family,3,April 2022,2022,April,8.0,Very good,No review,No review
Portugal,Double Room,Couple,2,March 2022,2022,March,10.0,Exceptional,No review,No review
Brazil,Double Room,Family,2,April 2022,2022,April,8.0,Very good,No review,No review
Portugal,Double Room,Couple,2,April 2022,2022,April,4.0,Disappointing,No review,No review
Portugal,Double Room,Couple,1,April 2022,2022,April,10.0,Exceptional,No review,No review
Spain,Double Room,Family,4,April 2022,2022,April,8.0,Very good,No review,No review
Spain,Double Room,Family,2,April 2022,2022,April,9.0,Superb,No review,No review
Portugal,Double Room,Couple,2,April 2022,2022,April,8.0,Very good,No review,No review
Brazil,Double Room,Solo traveller,1,April 2022,2022,April,3.0,Poor,No review,No review
Spain,Single Room,Solo traveller,1,March 2022,2022,March,10.0,Exceptional,No review,No review
Portugal,Double Room,Couple,1,March 2022,2022,March,4.0,Disappointing,No review,No review
Spain,Twin Room,Couple,1,March 2022,2022,March,1.0,Super old all,No review,No review
Portugal,Double Room,Family,2,March 2022,2022,March,8.0,Very good,No review,No review
France,Double Room,Couple,2,June 2023,2023,June,5.0,Passable,No review,No review
Portugal,Single Room,Solo traveller,1,May 2023,2023,May,6.0,Pleasant,No review,No review
Portugal,Double Room,Couple,1,May 2022,2022,May,7.0,Good,No review,No review
Portugal,Double Room,Couple,1,October 2023,2023,October,1.0,Bad,No review,No review
Portugal,Twin Room,Family,1,June 2023,2023,June,8.0,Very good,No review,No review
Portugal,Double Room,Couple,1,December 2022,2022,December,8.0,Very good,No review,No review
Portugal,Double Room,Couple,1,May 2022,2022,May,1.0,Bad,No review,No review
Brazil,Double Room,Couple,1,April 2022,2022,April,9.0,Superb,No review,No review
