country,room_type,traveler_type,nr_nights,year,month,score,full_review,emotion,emotion_score,year_month
Germany,Single Room,Solo traveller,3,2024,11,10.0,The best Hotel in this Area.... The best and clean Hotelnin this Area. No issues mentioned.,joy,0.604034960269928,2024-11
Portugal,Double Room,Couple,1,2024,11,6.0,"Good Breakfast location okay, bath tub not allowed to fill water:-( Breakfast was good, hotel location is okay, the bath tub they don't let you fill in water and said the stopper is not available so its just a shower and not a bath tub Breakfast was good, hotel location is okay, the bath tub they don't let you fill in water and said the stopper is not available so its just a shower and not a bath tub",sadness,0.6784251928329468,2024-11
Ireland,Twin Room,Solo traveller,3,2024,9,7.0,"Hotel was an ideal base from which to enjoy and discover Porto and had a great City break. The breakfast buffet was self-service and ideal. Good selection and great value. Staff very helpful and asssited with any queries and gave vakuable tips for travel and sightseeing. Very friendly atmosphere and genuine assistance provided. 
The friendly reception made each day special. No issues mentioned.",joy,0.9236425161361694,2024-09
Israel,Single Room,Solo traveller,1,2024,9,7.0,I would come back. Staff was very friendly and welcoming. Small cups for coffee in brekfast,joy,0.7058728933334351,2024-09
Argentina,Twin Room,Group,4,2024,8,6.0,"Good for the price I paid The location was not bad, but it was not near the center as it said in the description, but the metro station was really close so that helped That it didn’t said in the description that it didn’t have elevator",neutral,0.7463126182556152,2024-08
Spain,Twin Room,Solo traveller,3,2024,8,7.0,"Everything ok In general terms, all good. The staff was very friendly and helpful. If I had to complain about something, it would only be the limited variety and options for breakfast, but given the price, one can't expect much more.",neutral,0.6640595197677612,2024-08
Portugal,Double Room,Couple,1,2024,6,5.0,"Passable Front office guy was nice and did his best to make it a good stay. Overall it was an ok last minute stay but wouldn't stay again. Really nice water pressure though. Breakfast was ok. Arrived at night, first room they gave me had no balcony and it had a crib. Since I booked with balcony, talked with staff and they gave me a new room but it was freezing since AC was on at 16°C, had an extra bed in the room so not much space left. Had to ask to turn off the AC and the remotes stay at the reception so if I wanted to turn it on later I would have to have called them up again. AC needs a cleaning, shower curtains too.",joy,0.3584067225456238,2024-06
Czech Republic,Double Room,Family,1,2024,5,5.0,"Passable Nice and helpful staff, good breakfast, the sheets smelled fresh and pleasant. The place needs some renovations. The bathtub had tiles missing, the shower was leaking and squirting. Washed in towels.",disgust,0.7185638546943665,2024-05
Jordan,Single Room,Solo traveller,10,2023,11,7.0,"I would reserve for the 3rd time The staff are very helpful and professional.
Property is good. Comfortable No Elevator",joy,0.5146387219429016,2023-11
Brazil,Double Room,Couple,1,2023,11,6.0,Pleasant No highlights mentioned. Furnitures are not good,sadness,0.9517119526863098,2023-11
United Arab Emirates,Single Room,Solo traveller,3,2023,9,5.0,Passable Good location and decent facilities No issues mentioned.,neutral,0.49156516790390015,2023-09
Portugal,Single Room,Solo traveller,1,2023,9,7.0,"Clean safe but shower head was broken, right beside a hospital so there may be some noise Clean room easy check in The shower head was brokeb",surprise,0.4204760491847992,2023-09
Bosnia and Herzegovina,Double Room,Couple,3,2023,9,5.0,"With some renovation and care would be great - not recommended right now Staff was nice and friendly, close to metro station and had a simple but nice breakfast Hotel needs reservation or better care, the room and bathroom are old and smell damp, it wasn't pleasnt. We couldn't use the AC, because they told us to call someone from staff to turn it on or off for us, which we thought was a hasle and didn't want to bother anyone. Even tho the location is good because it's close to the metro, it is also close to the hospital so if u are woken easily you won't like it, the sirens keep going on and it's very noisy. I wasn't bothered by it but my partner kept waking up..",neutral,0.3343074321746826,2023-09
Latvia,Double Room,Family,1,2023,6,7.0,"Good I mean ,you get what you pay for ,so all was ok.
Your stay will be heavily influenced by how loud or quite are other guests in the motel.

For us we where lucky to have a quite night.

The air condition unit works well ,though for some reason it is stuck on 17 degrees ,so eventually you will be freezing ,if you turn it on for the night. The TV was broken,but we stayed only for one night ,so no big deal.",neutral,0.4062461256980896,2023-06
Spain,Single Room,Solo traveller,2,2023,6,6.0,"Ok, but could be better... It's not too far from the interesting bits, and the staff were helpful... No decaf coffee, there are some,like myself who need to take certain meds, that don't allow me to have caffeine, so it meant my meager breakfast had to be washed down with water. If they only bought some decaf sachets, or a jar, it would do... Parking is on the street, a busy street with traffic, if you can find a space, you'll be freaking out about your car being tapped by a passing bus, or if your like me, an amputee, walking several blocks after the stress of looking for a space, it's not cool...",neutral,0.6697017550468445,2023-06
Netherlands,Twin Room,Group,1,2023,6,7.0,"Good The price and breakfast were good for the quality you expect. And the personal were very friendly. But, the door to the bathroom could not close. And a hotel worker went inside the room, while we did not check out yet.",neutral,0.42989322543144226,2023-06
Spain,Twin Room,Couple,2,2023,5,6.0,"Pleasant The problem with our was solved with a refund, no hesitation and understanding our concerns. Noisy ventilation system in our room. That made us to look for another hotel, 11pm.
But this was handled professionally by the employee present that moment.",joy,0.5229597687721252,2023-05
Spain,Double Room,Family,4,2023,4,7.0,"Good The breakfast and the treatment of the staff was the best, also the cleaning. The bathroom, more specificaly the washing hands leaks water when you close.",disgust,0.6927260756492615,2023-04
United Kingdom,Single Room,Solo traveller,1,2023,3,7.0,Good Staff were really nice and helpful. No issues mentioned.,joy,0.6137763857841492,2023-03
Portugal,Single Room,Solo traveller,1,2022,11,5.0,Passable To sleep Rude reception staff,anger,0.6663845181465149,2022-11
Poland,Double Room,Family,1,2022,9,7.0,Good Price You can hear everything what ppl says in next room,neutral,0.5750564932823181,2022-09
Brazil,Double Room,Couple,13,2022,9,6.0,"Ok Location, Staff, cost benefit. The food and thick walls.",neutral,0.7575068473815918,2022-09
United Kingdom,Single Room,Solo traveller,1,2022,8,7.0,good location. value for money. friendly staff No highlights mentioned. No issues mentioned.,joy,0.6211279630661011,2022-08
Portugal,Double Room,Solo traveller,1,2022,7,7.0,Good Reasonable location not far from Metro. Good size room with AC Adequate breakfast Nice polite staff who spoke English. Very basic. Tired room. Bed not very comfortable. TV reception awful. Tiles off wall in bathroom.,disgust,0.6193366646766663,2022-07
United Kingdom,Double Room,Couple,2,2022,7,5.0,"basic and well located the location of the property was close to metro and bus stops the room was not very clean, there were hair strands around.",disgust,0.932597815990448,2022-07
United Kingdom,Twin Room,Family,5,2022,6,5.0,A fair hotel quite cheap so can't expect too much. Good location and friendly staff. The tv not clear and no good channels hardly any english speaking.,neutral,0.4448419511318207,2022-06
United Kingdom,Single Room,Solo traveller,5,2022,5,5.0,Passable The staff were very friendly and helpful. The bed wasn't comfortable. The walls are too thin: I could hear everything in the hallway and in all adjoining rooms meaning I slept very badly most nights.,neutral,0.28840431571006775,2022-05
Portugal,Twin Room,Group,3,2024,10,9.0,"Superb Proximity of several facilities, shopping, hospital, bus and underground station. No issues mentioned.",neutral,0.7605361342430115,2024-10
Israel,Single Room,Solo traveller,1,2024,10,10.0,"Would come again anytime. Great value for money Great people, great hotel Coffee cups in breakfast are too small",joy,0.7455724477767944,2024-10
Canada,Double Room,Solo traveller,2,2024,9,9.0,Very relaxing Convenient to local shopping and the airport No issues mentioned.,joy,0.5187776684761047,2024-09
Lithuania,Single Room,Solo traveller,6,2024,6,8.0,"Very good Location, size of room, bathroom, room service being a thing Occasional power outages",neutral,0.5488195419311523,2024-06
Argentina,Double Room,Couple,1,2024,5,8.0,"Good breakfast Room was clean. Breakfast is very good and complete. Personal is nice The building is old, as any in Portugal. I’m not complaining",joy,0.6413154006004333,2024-05
Canada,Single Room,Solo traveller,2,2024,4,8.0,"Porto roady Good value, easy access to public transit, decent breakie, pleasant checkin experience. No issues mentioned.",joy,0.921639084815979,2024-04
Portugal,Double Room,Family,1,2024,4,1.0,Bad No staff and AC doesn't work No issues mentioned.,sadness,0.8500121235847473,2024-04
Portugal,Single Room,Solo traveller,3,2024,1,2.0,"Only in emergency and if there’s nothing else available. No highlights mentioned. Only two AC outlets on the room, mould stains on the walls, the AC is working fixed and remote could not be found. Not a single carpet on the room, even a small one, and the floor is ceramic…it’s January. Walls are so thin that I can listen to the person on the room next door talking on the phone. Not to mention that the doorbell is listenable from the rooms, so you have to be in a very deep sleep if you want to avoid waking up late at night.",neutral,0.42583417892456055,2024-01
United Kingdom,Single Room,Solo traveller,3,2023,11,1.0,Night shift recepcionist on the 19th of November 23 should be sacked. Location For the second time the reception people locks the doors during the night and they off to sleep. I needed to set of to airport and the door was locked and the receponist nowhere to be seen.... was shouting and ringing the bell for 20 mins to the point of trying to break the door open....after been shouting really loud this individual comes and the arrogant not even apologised instead telling i shoud have ring the bell.,anger,0.6674610376358032,2023-11
Netherlands,Twin Room,Family,10,2023,8,8.0,"Very good Delicious breakfast included in the price. Always fresh bread. 
The service at the reception was very nice, although apart from the young lady working in the afternoon, no one else knew English, but we were still able to communicate. They should give her a raise.
Great working air conditioning. The condition of the room I stayed in. Renovations need to be done.",joy,0.6820716261863708,2023-08
Portugal,Double Room,Couple,3,2023,8,4.0,"Disappointing Nothing There was no air conditioning remote in the room

No housekeeping.

No good breakfast provided",sadness,0.7525519132614136,2023-08
United Kingdom,Twin Room,Group,10,2023,7,1.0,Terrible wouldn’t recommend Nothing Everything about the hotel,fear,0.9298670887947083,2023-07
Ireland,Double Room,Family,3,2023,8,1.0,"Avoid ! Close to the metro After the first night we discovered bed bugs on our bed !!!! moved to a different room, but the new room was so noisy that I could hear everything, noise from other guests, people walking up and down the stairs , buzzing the front door bell. I could not sleep and left at 2am on our 3rd night. It was cheap, and I would not mind the room being scabby and run down but the combination of bed bugs , noise and scabby room was horrific!",disgust,0.7015584707260132,2023-08
Australia,Double Room,Couple,1,2023,7,4.0,"Crap Nothing Tree rubble pillows, staff were not helpful they didn’t reply to my messages. Air conditioning wasn’t working. Black mould on surfaces in bathroom. 
Booked a balcony room snd didn’t get a balcony.",sadness,0.8210031390190125,2023-07
Kosovo,Single Room,Solo traveller,6,2023,7,2.0,"Was a black boy, who was very unpolite. I wait 20 min until he found my key for my room. He was very very unpolite. They Location Evrything old.",anger,0.638098955154419,2023-07
Germany,Twin Room,Solo traveller,4,2023,6,9.0,"Superb Very friendly staff, close to metro station and to feup campus. No issues mentioned.",joy,0.8150736093521118,2023-06
Portugal,Single Room,Solo traveller,2,2023,6,9.0,"Excellent staff. Good breakfast. Mold in the rooms What I liked the most was the staff and the breakfast was decently good. The mold in my room / bathroom. If you are going to raise the price because of a music festival happening in the city, could you at least clean the toxic mold for that weekend?",disgust,0.7762143015861511,2023-06
Bosnia and Herzegovina,Double Room,Couple,5,2023,6,10.0,"Exceptional Lobby, balcony No issues mentioned.",neutral,0.8836694955825806,2023-06
Portugal,Single Room,Solo traveller,1,2023,6,3.0,no repeat No highlights mentioned. the noise from a machine and the room floor was hot in some areas,neutral,0.31185171008110046,2023-06
Germany,Single Room,Solo traveller,3,2023,5,8.0,"Very good For a 2 star hotel, it's actually quite good. 2nd floor rooms are generally better than the 1st floor.",joy,0.797527551651001,2023-05
United Kingdom,Twin Room,Family,3,2023,5,3.0,"Poor The room was very old and dusty. Also we had bugs found everywhere. Very old building for the price charged per night.
Breakfast didn't had so much choice and milk was cold. No issues mentioned.",disgust,0.7361466884613037,2023-05
United Kingdom,Double Room,Family,2,2023,5,4.0,customer service was good but I wouldn’t stay here again as they said this hotel is near the city centre but it’s no whe Nothing the room and bathroom was small. they lied about the room. they said the room would have a private balcony with a smart TV. the room didn’t have a smart tv but instead there was an old outdated TV with no balcony.,neutral,0.32253745198249817,2023-05
Slovakia,Twin Room,Group,5,2023,4,2.0,"Cheap hotel, near to hospital, in noisy environment with uncomfortable beds. They try do the best, for that price, but its not working
Breakfast was not so bad - but you should have been late...
Receptionist was kind - but she couldn't speak english I did not expect so much for that price, but it was worse. I expected that beds will be not so comfortable, and it was not, I expected that breakfast will be not so good - its wasn’t so bad actually, but I expected that basic service what hotel should provide will be observed - it supposed to be place for resting. The walls were so thin I could hear literally everything, I could hear every ring of receptionist phone (and i was located at second floor), on the rooftop there is some kind of fan - you always can hear it, when you open room window there is another roof under you and there is another several fan - you feel like you are at some factory not at the hotel. I would never recommend this place to anyone – even not to my enemy...",disgust,0.9206276535987854,2023-04
United Kingdom,Single Room,Solo traveller,1,2023,4,1.0,"Noisy. The staff were nice. The fans on the roof outside the windows were so loud that I didn't get any sleep.
The walls are paper thin and I don't think it's been decorated for at least 10 years.",disgust,0.7087035775184631,2023-04
Croatia,Twin Room,Group,3,2023,4,3.0,"Poor We liked the breakfast. Had to return a pillow cause it was full of hair. One of the beds was covered in hair, towels in hair, hair everywhere.
Only one bed has a socket next to it.",disgust,0.8679302334785461,2023-04
Portugal,Single Room,Solo traveller,3,2023,3,4.0,"Bad experience this time Location is ok. Second night reception door closed, phoned few times no answer, rang the door bell no answer knocked at the door and eventually after 20 minutos standing outside in the cold the receponist were clearly still sleeping when come to open the door. 3 days and no towels were changed even when asked. Couldnt sleep propelly in the morning to extreme noise from the cleaners. And the bath tub does not drain the water propelly, while having a shower... even the bath tub curtain was so big that would get under your feet making the whole experience of having a shower a not confortable thing. Clearly the owner of that hotel is not doing his best to keep the hotel a good experience and to keep the guests.",sadness,0.6216363310813904,2023-03
Portugal,Double Room,Couple,2,2023,3,2.0,"Noisy Plenty of hot water and the room was clean. Location is ok and parking was easy. The constant loud noise (it sounded like there was an engine room above the room) which meant that we slept very badly , leaving more tired then when we arrived. So anything positive about the hotel is wiped out by this situation.",disgust,0.5001744031906128,2023-03
Poland,Double Room,Family,3,2023,1,1.0,"Horrible. No highlights mentioned. It stinks. Loud all night. Cold. Sheets with plastic foil underneath. Only one electrical outlet.
We escaped as soon as possible.",disgust,0.46678587794303894,2023-01
Finland,Single Room,Group,4,2022,11,3.0,Poor Free WiFi was really fast. Customer service was nice. Air conditioner was nice to have. Customer service did not always understand basic English. The rooms were in bad condition.,disgust,0.618493914604187,2022-11
Ireland,Single Room,Solo traveller,1,2022,11,10.0,Exceptional Plenty hot water. Helpful friendly staff No issues mentioned.,neutral,0.7269652485847473,2022-11
Portugal,Single Room,Solo traveller,1,2022,9,2.0,Very poor noisy and disheveled No issues mentioned.,disgust,0.9191412925720215,2022-09
United Kingdom,Single Room,Solo traveller,2,2022,8,9.0,"Nicely fitted room, good breakfast, quiet area but not central. Very nice building and well-appointed rooms, good breakfast in pleasant bright room. Mostly helpful staff. Quiet location with a couple of restaurants nearby. It's quite far from the centre but that's why it's quiet so no complaint. The only real problem I had was on the second day I realised that the walls must be quite thin because I could clearly hear phone conversations in the next room. Everyone talks louder on the phone but this person was not shouting and went on talking for a long time.",joy,0.6386805772781372,2022-08
Ireland,Single Room,Solo traveller,4,2022,8,8.0,Very good I liked staff and breakfast There was not ice water and I was so warm in my stay.,joy,0.8892232775688171,2022-08
Australia,Single Room,Solo traveller,1,2022,8,8.0,Not bad The staff and the bath Not enough fruit or any yogurt. Noise at night ?,fear,0.3634296953678131,2022-08
Denmark,Twin Room,Couple,6,2022,7,9.0,"A comfortable stay I loved super friendly staff (Ingrid, Elvis, and others) who kindly shared tips on what to see and do in Porto. Overall, the atmosphere is cosy and relaxed. The breakfast is really budget-friendly and tastes good. The room was simple, clean, and with AC. The hotel is close to the metro station, which helps to commute around the city easily. Also, there are supermarkets and laundry nearby. Would recommend this place for people wanting to stay away from overcrowded touristy locations. No issues mentioned.",joy,0.8080935478210449,2022-07
United Kingdom,Double Room,Couple,3,2022,7,9.0,"Great room with good connection to the city, WiFi and friendly staff It was a very functional room with friendly staff a d convenient parking. The bed was comfortable, good wifi The pillows were uncomfortable",joy,0.8523776531219482,2022-07
Germany,Single Room,Solo traveller,4,2022,6,8.0,"it was nice the guys working there are very sympathetic there is no lift, but the building has only 2 floors",joy,0.9269277453422546,2022-06
Canada,Single Room,Couple,2,2022,6,9.0,"A Gem in Porto Good breakfast, cozy room, good AC, nice balcony Looks a bit far, last stop on Yellow Metro. But reach Ribeira in 10 minutes or so. Hotels there are too expensive for no extra value.",neutral,0.48570188879966736,2022-06
United Kingdom,Double Room,Couple,1,2022,5,9.0,"good value for money for my purpose, I used it as a base for my visit and that was fine. The helpfulness of the staff. Marsiue/ Mathew? Is excellent with perfect English. He helped us with a number of things. All was much as expected. Although I am fairly certain the airport is further away than I was expecting.",joy,0.44541075825691223,2022-05
Romania,Single Room,Solo traveller,1,2022,5,10.0,"great hotel very clean place, good breakfast and very friendly and helpful staff No issues mentioned.",joy,0.9249610900878906,2022-05
Spain,Twin Room,Family,1,2022,4,3.0,Poor No highlights mentioned. It was very cold in the room,sadness,0.8600062727928162,2022-04
Portugal,Double Room,Couple,1,2022,4,10.0,"Exceptional The staff was brilliant, price quality is excelent It’s good for what you’re paying",neutral,0.6445303559303284,2022-04
Estonia,Double Room,Couple,3,2022,4,2.0,"Very poor The staff was quite friendly. Could hear everything from outside and the corridor and it seemed like a washing machine was constantly working even at night. Looked way better on pictures, actually seemed very old, dull and more like a hostel. Breakfast was almost non-existent, only some bacon, sausages, bread and coffee. One morning we noticed that the vacuum cleaner was put on the counter right next to plates and cutlery. There were stains on the bed and the room seemed dirty, for instance windows were not cleaned. Even the towels had rust stains on them. This ""hotel"" should get a major renovation.",disgust,0.9431459307670593,2022-04
Portugal,Double Room,Solo traveller,6,2023,2,7.0,Good it had everything I needed nothing,neutral,0.5095223784446716,2023-02
Spain,Twin Room,Couple,2,2023,3,1.0,"horrible stay nothing horrible breakfast, horrible employees and horrible room",fear,0.8844693303108215,2023-03
Brazil,Double Room,Couple,1,2025,2,7.0,"Bom Service 👍 Very simple room, needs a renovation",neutral,0.36625251173973083,2025-02
United Kingdom,Single Room,Solo traveller,10,2025,1,7.0,Good No highlights mentioned. The TV does not have the Portuguese general channels tuned. RTP. Sic. TVI. Etc.,neutral,0.726247251033783,2025-01
Portugal,Twin Room,Group,2,2025,1,5.0,"For the price could be better Great location The bed, the blanket, the balcony",neutral,0.45135486125946045,2025-01
Portugal,Twin Room,Family,1,2024,12,6.0,Pleasant No highlights mentioned. The air conditioner and television did not work.,sadness,0.941472053527832,2024-12
Italy,Double Room,Family,2,2024,12,6.0,"Pleasant -Position 
-very kind and helpful fee -insufficient level 
-Arredi and a little dated furnishings
-Presens that the hotel correctly indicated that check-in was from 2 pm onwards, arrived at the hotel around 11 we asked if the room was already available; We have been said yes but also that the entrance before the time would cost us 20 EUR; We refused but they were kind and made us leave the luggage that then brought us to the room ... it is not for the money, but this request does not seem to us a correct thing ... if the room had been occupied any problem, we would also have expected beyond the time if it had been necessary, but since it was free to allow us to enter before it would have provided us with a better service and made to rest a little since we came from a long journey ... at the hotel they would not have cost anyway ... of an excellent reputation ...",joy,0.7027062773704529,2024-12
Portugal,Twin Room,Group,2,2024,11,5.0,"It was reasonable. Breakfast was excellent. It had a lot of variety. 
That's what I liked the most.
It had an excellent location. The mattresses were extremely uncomfortable. They were terrible.
I want to believe that not all rooms will be like this.
There was a lot of moisture on the walls.",disgust,0.7680466175079346,2024-11
Portugal,Single Room,Solo traveller,2,2024,11,6.0,"Given the price, it was good. Mattress and pillows need to be changed Breakfast Mattress and pillows",neutral,0.7075061202049255,2024-11
Portugal,Double Room,Family,2,2024,11,5.0,"Passable Suitable breakfast. Lack of maintenance of the room.
Moisture on the ceiling.
Almost no television channels worked.",disgust,0.9041708707809448,2024-11
Argentina,Twin Room,Couple,1,2024,10,5.0,Passable A full breakfast. No three -story staircase information and bathroom with broken devices (shower and toilet),neutral,0.5427862405776978,2024-10
France,Double Room,Family,1,2024,10,5.0,DECEIVES Nothing No bed for my 2 year old baby .....,sadness,0.7920331358909607,2024-10
Portugal,Single Room,Solo traveller,1,2024,10,7.0,"Good Practical, 24h receptionist, breakfast Very old and lacking maintenance",neutral,0.8163273930549622,2024-10
France,Twin Room,Family,4,2024,10,6.0,"Pleasant Pleasant and dedicated staff.
Cleanliness.
Excellent breakfast. Lack of elevator. 
Need a lot of maintenance and renovation.",joy,0.7831439971923828,2024-10
Luxembourg,Single Room,Solo traveller,1,2024,10,6.0,Pleasant The price Cleanliness was not great and needs to be renovated,sadness,0.9703229665756226,2024-10
Turkey,Twin Room,Solo traveller,2,2024,9,5.0,"iron The location was good. The price is affordable according to its location. Safe and staff well -intentioned. this is everything. No details such as room service, food, drink. Breakfast is not enough. The bathroom is not useful.",neutral,0.4854145348072052,2024-09
Brazil,Double Room,Couple,2,2024,9,7.0,Good Very good breakfast No issues mentioned.,joy,0.6923331022262573,2024-09
Spain,Double Room,Couple,1,2024,9,7.0,"Good Good benefit price relationship, to spend one night. No issues mentioned.",neutral,0.7215111255645752,2024-09
Brazil,Single Room,Solo traveller,5,2024,9,7.0,Good. But the bathroom left something to be desired No highlights mentioned. The bedroom bathroom. In the shower box there was curtain that leaked water in the bathroom and bedroom.,disgust,0.8402555584907532,2024-09
Portugal,Double Room,Couple,1,2024,9,5.0,Served the purpose Price Certain things were very old,neutral,0.8417685031890869,2024-09
Brazil,Twin Room,Couple,3,2024,9,6.0,"I like the hotel, but it needs maintenance. Agility for room exchange Bathroom doors do not close, entrance door with rocking doorknob, bathroom with discharge leaking…. Finally needs maintenance…",sadness,0.48189476132392883,2024-09
Portugal,Twin Room,Family,2,2024,9,7.0,Good breakfast The breakfast is great. It has a variety of breads and with port -fashioned croissains. There are other food options. The facilities are old and worn out.,neutral,0.635664701461792,2024-09
Portugal,Double Room,Couple,1,2024,8,7.0,Good I liked the service Just one criticism: the towels only arrived at 15:30 hours.,neutral,0.36691850423812866,2024-08
Portugal,Double Room,Family,2,2024,8,7.0,"Good Going out for a walk, without worrying about the time of return, because just play the doorbell, and an employee comes to open the door.
The breakfast!
Good appearance, fresh and very varied. No issues mentioned.",joy,0.6353367567062378,2024-08
Spain,Double Room,Couple,4,2024,8,6.0,"Pleasant Very nice staff and suitable breakfast at the price. The facilities are very old. The towels were stained (all that they took us), some were even clippings of a larger towel and were parades (I attach photos).",joy,0.7609739899635315,2024-08
Spain,Twin Room,Family,2,2024,8,7.0,Good Customer service !! Without a doubt. No issues mentioned.,joy,0.523198664188385,2024-08
Brazil,Double Room,Couple,4,2024,8,5.0,"Passable Good location! About 10min of Uber from the center of Porto. 
Uber even the sights gave around 5 euros.
Strong shower. 
Simple but acceptable coffee.
Well -educated and receptive employees. Very bad cleaning, we find many hair in the bathroom. Mold walls and paint peeling from the bathroom. 
Poor quality pillows, old covers and a minibar lacked.",disgust,0.9511339664459229,2024-08
Spain,Double Room,Couple,5,2024,8,7.0,"Good Perfect location to go with a car.
The subway next to the center and can be parked well.
The comfortable bed. Slightly old furniture.",neutral,0.5414124131202698,2024-08
Italy,Single Room,Solo traveller,4,2024,7,6.0,Pleasant The very friendly staff The room stinking with smoke and it was difficult to adjust the water to the bathroom at a bearable temperature.,disgust,0.6857134103775024,2024-07
Portugal,Double Room,Group,1,2024,8,7.0,Good All Everything was good,joy,0.8809449672698975,2024-08
Portugal,Double Room,Family,1,2024,7,6.0,"Pleasant The staff very well received at the premises and cleaning breakfast for the hotel it is. Hotel without elevator, very old installations, low maintenance bathroom and old with some damaged things.",joy,0.59404456615448,2024-07
Portugal,Single Room,Solo traveller,2,2024,6,7.0,Good Employee availability. The wear of sanitary facilities.,disgust,0.9384573101997375,2024-06
Spain,Twin Room,Group,2,2024,7,6.0,"Recommended for the price, it looked better in the photos It is close to the subway, the reception girls are very pleasant The two days I spent was the light for hours",joy,0.9360357522964478,2024-07
Spain,Single Room,Family,3,2024,7,6.0,Pleasant Breakfast The facilities are a bit careless and a bit dirty.,disgust,0.8264546990394592,2024-07
Portugal,Double Room,Couple,6,2024,7,7.0,Good FUNCTIONARIES WERE REASONABLE AND ATTENDIOUS Bathroom,neutral,0.6390416026115417,2024-07
East Timor,Double Room,Family,1,2024,7,5.0,"The price is excellent Cheap price, We heard a lot of noise from cars",neutral,0.7379617691040039,2024-07
Portugal,Double Room,Family,1,2024,6,5.0,"Passable Acceptable only to rest a few hours Air conditioning to work very badly,
When arriving at the room, there was no air conditioning command, we had to ask at the reception, after turning on and starting to work, water began to fall inside the room.
Lack of towels in the bathroom.",disgust,0.826120138168335,2024-06
Portugal,Twin Room,Couple,1,2024,6,6.0,"Answered basicly Too simple but clean, I suggest some more modern decoration. I didn't like it, quite basic.",disgust,0.525253176689148,2024-06
Portugal,Twin Room,Couple,3,2024,5,5.0,"Travel for boat trip on the Douro River. Good and very variety of breakfast, hotel close to Metro and other public transport. The whole hotel needs a great renewal, dirty and degraded porch.",disgust,0.5134082436561584,2024-05
Portugal,Twin Room,Couple,1,2024,6,5.0,Passable Sympathy Comfort,neutral,0.44079092144966125,2024-06
Portugal,Twin Room,Group,1,2024,6,6.0,😡 There was no hot water. There was silence and slept well Breakfast according to the hotel level. Not having hot water in the morning and the TV did not have the main Portuguese channels. It was asked for help but the employee did not realize anything from the command. He advised to search the menu but started on channel 11 and none was straightforward.,sadness,0.2662680149078369,2024-06
Portugal,Twin Room,Family,1,2024,6,5.0,"Passable Friendly employees. You can park nearby The room did not correspond to the photograph shown in the ad, it was below our expectations. The blinds did not close well and the air conditioner had no command so I couldn't use",sadness,0.5596575736999512,2024-06
Portugal,Double Room,Group,1,2024,5,5.0,Passable The location The mattress of the bed,neutral,0.9265871047973633,2024-05
Portugal,Single Room,Solo traveller,1,2024,5,6.0,Enough Very attentive and friendly staff. Regarding the room is very simple but clean. Noise if it is easily heard,neutral,0.5599082708358765,2024-05
France,Double Room,Couple,2,2024,5,6.0,Pleasant No highlights mentioned. We did not manage to sleep because of the noise of ventilation.,sadness,0.8787357807159424,2024-05
Portugal,Double Room,Group,3,2024,6,5.0,"Passable The room was very spacious and the bathroom too. Very comfortable bed and there was plenty of storage space. The air conditioner did not work and the days we spent there were very hot. They gave us a fan, but this one was also broken and we had to always be supporting something so it wouldn't fall. There was no elevator, so after a day of many walks, or if you needed to go up with your bags it would be complicated.",neutral,0.49538618326187134,2024-06
Portugal,Double Room,Couple,2,2024,6,6.0,Pleasant The location No issues mentioned.,sadness,0.7792536616325378,2024-06
Portugal,Double Room,Couple,3,2024,6,5.0,"Acceptable, but not to return No highlights mentioned. A lot of noise coming from the room, even looked like machines to work",neutral,0.8171670436859131,2024-06
Brazil,Single Room,Solo traveller,3,2024,5,7.0,Good cost benefit. Excellent cost benefit with good breakfast and next to St. John's Hospital Station from where you will easily to the center ..... this line is the same that crosses the famous bridge d Luis Ancient building and furniture that deserves a good renovation but just for overnight I think it's worth the cost benefit,neutral,0.5812931060791016,2024-05
Colombia,Twin Room,Group,2,2024,5,7.0,"Recommended Portinari stay It is comfortable, has everything necessary and lent us blankets and heater since it was a bit cold, breakfast was on time and met the needs according to the price Little shower water came out during the day and it was a bit dark",neutral,0.5299937129020691,2024-05
France,Single Room,Solo traveller,4,2024,5,5.0,"Passable Pleasant staff. Good breakfast, good value for money very poor quality Wi-Fi, only operated only in reception
Very noisy: hotel in the university district and students partying in the bar just below until 3 a.m.
Frequent electricity break: one morning to shower early (6 am), I had to open the door of the corridor and the bathroom to have a net of light taking my shower. For a single woman, not cool!
Far from the center, need to take a transport for each outing",sadness,0.29826053977012634,2024-05
Portugal,Double Room,Family,1,2024,5,6.0,"Unexpected reality! From breakfast, friendliness of the receptionist! WC not equipped with soap, or soap!",surprise,0.8265677690505981,2024-05
Italy,Double Room,Couple,7,2024,4,6.0,Pleasant No highlights mentioned. Noisy conditioning unit and Ki too close to the window.,sadness,0.8679699301719666,2024-04
Portugal,Twin Room,Family,1,2024,5,7.0,"Good It is well located, with the metro station at 5 minutes and with many places to make a meal. A little noisy because it is near the hospital.
The bathroom needs to be improved.",neutral,0.4990141689777374,2024-05
Portugal,Twin Room,Solo traveller,1,2024,5,5.0,"Passable Breakfast The lack of professionalism/sympathy of an employee. 
The facilities ... a little old.
Not have parking.",sadness,0.4047417640686035,2024-05
Portugal,Single Room,Solo traveller,1,2024,4,5.0,"Passable The kindness of the staff The clime does not have an individual remote control which forces us to call the reception to request its activation as well as any need for ""change"" temperature. It was really very hot in the room when I arrived",neutral,0.6281899809837341,2024-04
Italy,Single Room,Solo traveller,2,2024,4,7.0,"Good The room was clean. The kind staff. I recommend it only for the price The breakfast was very Spartan, with very little choice. The room had everything but it was old. The shutter did not work.",neutral,0.6586402654647827,2024-04
Portugal,Single Room,Solo traveller,1,2024,4,7.0,"Good Great location, next to the São João Hospital and the means of transport. Good quality/price ratio. No issues mentioned.",joy,0.4625857174396515,2024-04
Portugal,Single Room,Solo traveller,2,2024,4,5.0,"Very friendly employees, but very old facilities. Location The facilities are very old, needing remodeling. The poor quality mattress. The sewage of the room was damaged.",disgust,0.9284420013427734,2024-04
Portugal,Double Room,Family,2,2024,3,7.0,"Good Location There was no hygienic paper, I had to ask for the reception and the air conditioner would not work with the command, I had to go to the reception as well.",disgust,0.3828268349170685,2024-03
Portugal,Double Room,Couple,3,2024,3,7.0,"Good The bedroom is comfortable, cleaning and very pleasant breakfast No issues mentioned.",joy,0.899735152721405,2024-03
Portugal,Twin Room,Couple,1,2024,3,5.0,Need reforms in the building and electrical installations Location Light lacked all the time at the hotel,sadness,0.8100024461746216,2024-03
Portugal,Double Room,Couple,2,2024,3,7.0,"Good Attentive staff, breakfast is also good, good cleaning. It is a little outdated.",neutral,0.7840896844863892,2024-03
Spain,Single Room,Solo traveller,1,2024,3,7.0,Good The staff was very friendly Uncomfortable bed I had to close the blind to down since you could enter the terraces to any room. Very old hotel,joy,0.5393579006195068,2024-03
Brazil,Double Room,Couple,1,2024,2,6.0,"Acceptable I liked it was very close to the hospital São João, because I went there for that reason. I liked the affordable price, the breakfast was good. The bed was not comfortable, pillow looked like a paper, the air conditioner in the room where we stayed did not work,",joy,0.493459552526474,2024-02
Portugal,Double Room,Couple,1,2024,3,7.0,"Good Bed, cleaning. Bad pillow. I woke up with neck pain. No control to turn on air conditioning.",sadness,0.8106160759925842,2024-03
Portugal,Double Room,Couple,1,2024,2,7.0,Good Service. Very friendly employees. And pleasant room Could have television in the room,joy,0.9271869659423828,2024-02
Brazil,Double Room,Couple,7,2024,2,6.0,"Very good The location and parking always available free. The door was damaged, the shower was damaged (glued with the wall) causing the water to run down the wall/floor.",sadness,0.3633233606815338,2024-02
Spain,Double Room,Family,1,2024,1,6.0,Pleasant Excellent breakfast and staff. The room quite old and poor. You need a tuning. The room and bathroom appearance,joy,0.6739875674247742,2024-01
Portugal,Single Room,Solo traveller,1,2024,2,6.0,"Pleasant The location is very good, all transports are close. There are many cafes and restaurants, supermarkets around. The team is friendly and polite. . Breakfast is good, fresh bread and croissants, muffins, butter, jam, nutella, ham, cheese, coffee and tea. The room is quite spacious, but the furniture and plumbing are so outdated that they were seen in pre-revolutionary times. The taps are all leaking and the bathroom drain needs to be cleaned; The water flows very badly.",disgust,0.7290098667144775,2024-02
Portugal,Twin Room,Family,2,2024,1,7.0,Good No highlights mentioned. The room in my view needs a remodeling.,neutral,0.6795528531074524,2024-01
Italy,Double Room,Family,8,2024,1,7.0,"Too essential. Services to be enhanced for a better stay. The structure is close to the metro that connects in a functional way with the center and the staff was really kind to try to satisfy my requests. Breakfast both sweet and savory was very tasty. Next to the structure I tried a restaurant that offers excellent meat I recommend. There are no fundamental services and others were very limited ... these points should be reviewed:
 - There is an air conditioner in the room but not the radiators (which is inconceivable for me for a modern hotel structure in the middle of winter)
- cleaning the room made only on request
- The lack of hairline for the hair in the room
- old and/or broken wooden furniture (it would be enough to call a carpenter or go to Ikea to take new ones at low costs)
- the lack of lift to go up to the plans and nobody who helps you to bring your luggage
All this should be improved to allow guests to live the stay with less stress.

I would come back but to stay there only a couple of days in the summer season because overall the price was decidedly advantageous.
For the other periods of the year it is necessary that the structure will update as soon as possible to cope with the deficiencies found.",neutral,0.30633544921875,2024-01
Portugal,Double Room,Family,2,2023,12,6.0,"Pleasant Location 
Breakfast Remote control of the air conditioner is at the reception
Electricity Taking out of the wall
WC Door doesn't close
Very old and dust blankets",neutral,0.35514897108078003,2023-12
Portugal,Double Room,Couple,1,2023,12,7.0,"Good Good breakfast, very comfortable room. The television did not work, and the toilets of the toilet and loose.",sadness,0.5995738506317139,2023-12
Portugal,Single Room,Solo traveller,1,2023,12,5.0,Passable The excellent service by Patrick WC Cleaning,neutral,0.6861813068389893,2023-12
Brazil,Double Room,Family,4,2023,10,5.0,"Passable No highlights mentioned. Hotel without an elevator, with 8 -month -old baby and bags was horrible the access to the bedroom (several bids of stairs to climb - there is no room on the ground floor). The control of the heater/ air conditioning does not leave in the room, the control has to stay at the reception, even asking to leave in the room, they say it is the standard of the establishment, that is, if in the middle of the night you feel cold or heat you have to go down the stairs call the person from the reception, which is totally inconveniently is at the bedroom door with the control in hand adjusting the temperature. Horrible procedure. The guest has to be comfortable in the room, turn on / off / control the temperature as it suits it.",fear,0.6842948794364929,2023-10
Spain,Single Room,Solo traveller,2,2023,11,6.0,"Pleasant Breakfast It was very cold in the room, there was no toilet paper, the terrace was full of butts and ash, and water from the water",disgust,0.9154716730117798,2023-11
Brazil,Double Room,Solo traveller,5,2023,11,7.0,"Very good for the price, but it is not so comfortable, and the cleaning of the rooms could be better Very attentive reception, educated employees. Good breakfast, 24h service, well located for me (near Metro, bus) and near the University of Porto! The floor of the bedrooms seemed a little greasy, a little old bed. Room smelling ""closed"" (for allergic I do not recommend much ...)",disgust,0.7643778920173645,2023-11
Portugal,Double Room,Couple,1,2023,11,5.0,Ok Room Organization. Hard -to -relationship employees.,neutral,0.4266746938228607,2023-11
Spain,Double Room,Family,3,2023,11,5.0,Good location and simple for its price Location and price. The facilities are old and precarious.,neutral,0.6357606649398804,2023-11
Portugal,Single Room,Solo traveller,4,2023,10,5.0,"Renovation to be expected from the room. The hostesses are always very pleasant and dedicated. The room with balcony. Breakfast. Air conditioning, television, small desk, cabinet in the room. Proximity to a bus and metro station at around 10 minutes on foot which allows access to the heart of the city of Porto without moving its vehicle. Good restaurant 30 meters from the hotel and various small fast restorations to help out in the street. The room needs a renovation because some paintings or plasters are closed and the bathroom is aging. The acoustics are far from perfect because we hear customers adjoining the room. 
It is indicated on Booking that there is a parking lot, there is no private parking or public. (To be removed from advertising). You have to find a place in the street. During the day it's rather difficult but in the evening it's surprising, there are always places. The price paid: it was 1, € 80 to my previous night in a upper hotel with parking, elevator and quality services but outside Porto. So everything relates only to the renovation to be resumed quickly.",joy,0.872562050819397,2023-10
Portugal,Twin Room,Family,1,2023,11,6.0,"Pleasant Near the hospital that was the most interested
Clean It has no elevator and part of the stairs are in snail, making it difficult to access people with reduced mobility
It is very old, noting in the doors, walls, dishes of the bathroom ... 
The blanket that has in the closet is very old, nor do I want to take it",sadness,0.6131130456924438,2023-11
Portugal,Twin Room,Family,1,2023,10,5.0,"Breakfast is top! Breakfast is very good! The room needs a good remodeling, painting, air conditioning did not work, very small bathroom and needing works, very noisy self -cellet, bed with hair in the sheets… clean but widely used bath towels. 2 beds in the room and only a blanket in the closet.",sadness,0.28626593947410583,2023-10
Morocco,Double Room,Family,5,2023,10,5.0,Passable Staff+location Humidity,neutral,0.8305089473724365,2023-10
Portugal,Single Room,Solo traveller,1,2023,10,6.0,"Pleasant No highlights mentioned. Much noise, minimal cleaning",sadness,0.9427918195724487,2023-10
Spain,Double Room,Group,4,2023,10,7.0,"Normal Breakfast was very good I had no more service, you couldn't take anything or snack",joy,0.4013707637786865,2023-10
France,Double Room,Couple,4,2023,10,6.0,"Good for a short stay Remarkably competent staff with a very great kindness Vetutst, but functional bathroom, room side street 
Noisy",joy,0.8576575517654419,2023-10
Spain,Double Room,Couple,4,2023,10,6.0,"Vacation trip Good breakfast, buffet The very old bathrooms with a lot of moisture and mold",joy,0.657008171081543,2023-10
Spain,Double Room,Family,1,2023,10,7.0,Pleasant Breakfast very well It has moisture but for the price it is fine,joy,0.8876569867134094,2023-10
Italy,Twin Room,Couple,10,2023,10,5.0,Be satisfied Breakfast The absence of an elevator,joy,0.6166302561759949,2023-10
France,Single Room,Family,1,2023,10,5.0,Dilapidated hotel and far from everything Available parking space No issues mentioned.,sadness,0.44361168146133423,2023-10
Denmark,Twin Room,Solo traveller,3,2023,9,6.0,"Cheap two star hotel close to the metro. Location 5 minutes from Metro to Center of Porto
The staff was friendly and welcoming. In the 1st room, the shutters broke down when I tried to change them.
Got another room where the shower didn't work. It was changed during the day.
TV didn't work. Only one staircase to upper floors (fire risk)
The cleaning forgot to put towels.
Room facing the street with heavy traffic during the day.",sadness,0.4803563952445984,2023-09
Austria,Double Room,Family,2,2023,9,5.0,"Next year we returned to Portinari. I mainly liked the breakfast.
There was hygiene in the bedrooms and dining room. The mattress was still spring.
I had no elevator.",disgust,0.7088830471038818,2023-09
Spain,Double Room,Couple,2,2023,8,7.0,Of vice Be next to the mouth of the subway 🚇 or The bed,neutral,0.37500280141830444,2023-08
United Kingdom,Twin Room,Family,1,2023,8,7.0,Pleasant stay. The receptionists were very friendly. Breakfast didn't have many options. There was not even enough dishes.,joy,0.7994922995567322,2023-08
Brazil,Twin Room,Couple,3,2023,9,6.0,"It wasn't good because I spent a lot of hot! Location and Service Rooms have no air conditioning controls and I ended up giving up using since each time I turned on, changing the temperature or turning off I would have to call someone from the concierge, which was not viable. I offered a security to get control in the room and was not allowed. I spent three days of heat and the nights were very difficult.",sadness,0.5544072389602661,2023-09
Spain,Double Room,Family,1,2023,9,5.0,"Passable Wide room All old and poorly maintained.
Old taps, half broken handles paint in poor condition. Etc.",sadness,0.3741740882396698,2023-09
Angola,Double Room,Family,1,2023,9,6.0,Pleasant Of the breakfast and the sympathy of the employee. Bathrooms need to update and more detailed cleaning. The Check In employee was not very attentive,joy,0.4384165406227112,2023-09
Spain,Double Room,Couple,2,2023,9,5.0,"Passable It was close to the subway and the area where I was good to park and it was quiet. Buy access to restaurants and supermarkets.
Very friendly staff. The regular facilities !! And also regular cleaning. The shower did not swallow and the TV did not work",joy,0.36914923787117004,2023-09
France,Double Room,Couple,1,2023,9,7.0,"Suitable value for money Good breakfast.
Pleasant staff.
Comfortable bedding. Outside the hotel to renovate.
Unattractive external environment.",joy,0.6567578911781311,2023-09
Portugal,Double Room,Couple,1,2023,8,5.0,"Passable No highlights mentioned. I booked a bedroom with a porch, we had no balcony, when we arrived at the room there was only bath towel for one and I booked room for two. We went to ask for another bath towel and said they didn't. Then one of us had to clean up to the face towels. There were mold marks on the walls and ceiling and walls peeling and in very bad condition. All night was heard a noise of machinery to work that didn't let me rest. Anyway....",disgust,0.8228765726089478,2023-08
Portugal,Double Room,Family,1,2023,8,5.0,"Passable No highlights mentioned. Lack of towels, you need some arrangements, such as the doors to close badly.",neutral,0.5171297788619995,2023-08
Spain,Double Room,Couple,4,2023,8,7.0,Good No highlights mentioned. It has no elevator,neutral,0.503899872303009,2023-08
France,Double Room,Family,2,2023,8,6.0,Pleasant Proximity to the metro quiet area even if not necessarily very nice welcome and breakfast included very well a small grocery store just next to the free parking space by everything Not super well soundproofed clean but dilapidated bathroom ...,joy,0.7840215563774109,2023-08
Spain,Double Room,Family,1,2023,8,7.0,Good Room had tarasa Cleaning,joy,0.8391048312187195,2023-08
Portugal,Double Room,Couple,2,2023,8,7.0,"Enough for two nights of sleep. Good breakfast. 
Near and free parking. The mattress and the end -of -life bed should be replaced.",neutral,0.42668792605400085,2023-08
Angola,Twin Room,Solo traveller,1,2023,7,5.0,"Brief, and short From the service of the Yasmim receptionist, very sweet and calm. WiFi didn't arrive in my room.",sadness,0.5865949988365173,2023-07
France,Double Room,Couple,1,2023,8,7.0,"Very good value for money. A good performance. The reception, the friendliness of the staff, the speed of the answers, the price, the air conditioning for this price, the proximity of amenities and the means of transport ... Really in detail: the shower curtain was too long",joy,0.8740721940994263,2023-08
Spain,Double Room,Family,2,2023,8,7.0,"Good Good quality/price ratio Slightly old facilities. The towels were frayed. Breakfast was served from 7.30 to 10.30, and at 9 you had almost nothing",disgust,0.6059651374816895,2023-08
Germany,Single Room,Family,1,2023,7,6.0,"Porto is worth a trip, the location of the hotel is good. The location of the hotel is very central, very good transport connections. The rooms were okay. The breakfast should have had more choice of cheese and sausage, the price was too high. The hotel is very simple.",neutral,0.6555436253547668,2023-07
Portugal,Double Room,Couple,1,2023,7,5.0,Acceptable hotel just advise more care with insects! Everything except one thing! Small cushion cockroaches,neutral,0.4293157458305359,2023-07
Brazil,Twin Room,Family,1,2023,8,7.0,Good No highlights mentioned. Very weak breakfast.,neutral,0.8157573938369751,2023-08
Romania,Single Room,Group,5,2023,7,5.0,"I will not return to this location. The approximation of means of transport and the place of the conference Misery, vision on the balcony. Modest breakfast.",sadness,0.43559128046035767,2023-07
France,Double Room,Couple,2,2023,7,7.0,I like this family pension but a big need for general maintenance. It should be noted that there is no parking on Family; Not far from the city center; Good breakfast 👍🏻 No parking !!!! Disfit shower (bedroom 201) Flee air conditioning ...,sadness,0.7371143698692322,2023-07
France,Double Room,Couple,2,2023,6,5.0,"Passable Location close to the metro station.
Pleasant welcome. Room with minimalist comfort but sufficient for a short stay. 
Access with reception 24/24. No air conditioning remote control, heat during the difficult stay in the room.",joy,0.712155282497406,2023-06
Spain,Twin Room,Group,3,2023,7,5.0,"Lamentable No highlights mentioned. We did not expect much for the price that cost us, but we definitely expected so little. The rooms could have taken them out of a 1830 horror movie, everything was old, the blankets seemed made with straw remains, the pillows seemed stuffed with newspaper, the bathroom had the oxidized handlebars, the chain made a noise that seemed to take off, the door lacked the lock. To top it off, the last day the light went at the hotel, so we were without loading the mobiles, the phone did not work, breakfast looked like a shelter ... It is a place that needs great advances",sadness,0.34031322598457336,2023-07
Spain,Double Room,Couple,1,2023,7,5.0,Quite regular Price and cleaning Scarce breakfast and a lot of noise,neutral,0.6883835196495056,2023-07
Portugal,Single Room,Solo traveller,5,2023,7,7.0,Good Location No issues mentioned.,neutral,0.8247442841529846,2023-07
Spain,Double Room,Couple,3,2023,7,7.0,Rare and old The service There is no elevator,surprise,0.4240458011627197,2023-07
Spain,Twin Room,Couple,2,2023,7,7.0,"Good to sleep one night Friendly, comfortable, good breakfast, easy to stop The bath could be improved",joy,0.9307422637939453,2023-07
France,Twin Room,Couple,4,2023,6,6.0,Very good stay in Porto. Room with pleasant air conditioning but poor bathroom. The location The bathroom in very poor condition,sadness,0.3599092364311218,2023-06
Portugal,Twin Room,Family,2,2023,6,7.0,Good No highlights mentioned. A lot of noise. And moisture in the room.,disgust,0.4167179763317108,2023-06
Spain,Double Room,Couple,4,2023,6,5.0,"Fair but you can't ask for more Quality-price is fine. For the price .. we look for a place to sleep and shower, correct. But it can improve a lot. All very just. The facilities are quite fair. Oxidized sink and with humidity, dirty garbage (top cover), the blind does not fall because literal falls all the mechanical part above ..",disgust,0.7790806293487549,2023-06
Brazil,Twin Room,Group,1,2023,6,7.0,It would not come back. Hot shower water. Broken shower hitch.,sadness,0.7018191814422607,2023-06
Brazil,Double Room,Couple,2,2023,6,5.0,"Reasonable or less, but with low price. I wouldn't come back. The team and location are the only positive points. Besides, it is a bad hotel, with very bad accommodations. But you need to consider the price low. Bad accommodation",disgust,0.8653754591941833,2023-06
Portugal,Single Room,Solo traveller,1,2023,6,5.0,Passable Sympathy of the people who proved to be requested The air conditioner worked at 2 am and could not turn off. They should not connect in the middle of the night. Luckily I found a blanket (positive point) in the closet.,neutral,0.4691036343574524,2023-06
Portugal,Double Room,Solo traveller,2,2023,6,7.0,"comfortable but a lot of noise from other rooms Clean and has air conditioning. The bed is comfortable and has cable TV. There is no elevator so it is difficult if you have a lot of luggage or heavy luggage, little lighting in the toilet, they did not give me a password for Wi-Fi, does not have the basics (electric coffee maker for a tea/cup/cup or iron), the door of my balcony did not close and the balcony is linked to other balconies which was strange, I could absolutely all that happened in the other rooms.",surprise,0.7991228103637695,2023-06
Spain,Twin Room,Group,1,2023,6,5.0,"Disappointed I had requested 4 bedrooms, but in the end I need 3, and they didn't want to pay 1 room, so I had to take it without needing it, everything is to collect it, a pesetero. That a room would have paid me",sadness,0.854710042476654,2023-06
Portugal,Twin Room,Family,1,2023,6,5.0,"Passable Nice staff It's not clean, it smells bad in the bathroom and the sheets were dirty",disgust,0.9687748551368713,2023-06
Brazil,Double Room,Couple,1,2023,6,7.0,Good cost benefit Good cost benefit Breakfast without much variety,neutral,0.632588803768158,2023-06
Portugal,Twin Room,Family,1,2023,5,7.0,"Very basic hotel. Basic, but with breakfast. The departure time at 11 am is too early and bad!",disgust,0.37804359197616577,2023-05
France,Double Room,Family,1,2023,6,7.0,Good The location. And breakfast No issues mentioned.,neutral,0.546026885509491,2023-06
Spain,Twin Room,Family,1,2023,6,5.0,For nail night is ben Almorzo is Ben Broad Mato,neutral,0.7983375191688538,2023-06
France,Twin Room,Family,4,2023,5,6.0,"Pleasant The breakfasts were generous, good no worries.
The obsolete room but fortunately the clean sheets. 
We have claimed and obtained what we needed in addition without concerns. From mold to ceiling, and on arrival a small towel and a sachet of shower soap per person knowing that we stayed 4 nights ....
 It is quite noisy between the street and the noises that resonate in the hotel.",joy,0.7631484866142273,2023-05
Portugal,Double Room,Group,3,2023,5,7.0,Good Good enough for what was charged No issues mentioned.,neutral,0.8582735657691956,2023-05
Brazil,Single Room,Solo traveller,9,2023,5,6.0,"Reasonable and with good location. Good location. Good service and cleaning team. I couldn't watch television any day. It only had a bathtub, it was old, very narrow. Weak breakfast.",neutral,0.6096309423446655,2023-05
Portugal,Twin Room,Couple,2,2023,5,5.0,Just to sleep and one night The people who attend are very formal The hotel is very deteriorated,sadness,0.4574247896671295,2023-05
France,Twin Room,Group,2,2023,5,7.0,"Good Staff, price and location Breakfast, room to renovate, no parking, noisy",sadness,0.6648735404014587,2023-05
Germany,Double Room,Family,3,2023,5,5.0,"Completely sufficient for overnight/breakfast Great price-performance ratio. Since the metro station is nearby, the location was not a problem a little outside. Not for female people, would have to be improved in some places. But still clean.",neutral,0.8790620565414429,2023-05
Brazil,Single Room,Solo traveller,8,2023,5,7.0,Good Near the University of Porto The facilities are simple.,neutral,0.6579407453536987,2023-05
Brazil,Double Room,Family,2,2023,5,7.0,"Roomy Good location. Bad facilities, very bad bathroom shower. Everything that asks for reception difficulty in service, has no sufficient air conditioning control for all apartments, and does not work properly.",disgust,0.7012787461280823,2023-05
Brazil,Double Room,Group,2,2023,5,5.0,"Very bad The location, near Metro Station, easy access. The hotel facilities are precarious, very bad shower bathroom, required maintenance and modernization.",disgust,0.9033899307250977,2023-05
Brazil,Twin Room,Group,4,2023,5,6.0,"Cost x Benefit = 7 Employees are super attentive, the location is central to access the subway and bus a few steps.
Breakfast with options. The beds were a little hard, but nothing that bothered. And the bathroom could improve, the deprived of the toilet was defective, it was necessary to use a bucket, finally, even sent someone to fix 2x, but did not solve, overall the place is even good, but needs resolution maintenance.
But if you will spend the day by walking and using the room just to sleep, it's worth it.",neutral,0.6729918718338013,2023-05
Portugal,Double Room,Family,3,2023,5,5.0,Passable No highlights mentioned. No issues mentioned.,neutral,0.9567725658416748,2023-05
Portugal,Twin Room,Family,1,2023,4,5.0,Positive reinforcement Sympathy and Localization The place really needs works.,neutral,0.7387953996658325,2023-04
Portugal,Double Room,Couple,2,2023,4,5.0,"Only and only the minimum of the minimums. Location and breakfast. We were not provided enough towels, and even asking we continue to have the same problem. The walls of the room are in an unknowing state. Visually was disappointing, fulfilled the minimums of the minimums.",disgust,0.38609564304351807,2023-04
Portugal,Twin Room,Couple,6,2023,4,5.0,"Passable Localization, helpful employees, price. Very old rooms, in need of urgent reform to at least keep up with some local housing. a lot of ventilation noise. New TV, but with little signal quality and few channels. without remote control. Duche without the shower making ""shower"".",sadness,0.4757671356201172,2023-04
France,Twin Room,Family,6,2023,4,7.0,Good Breakfast is complete. The absence of a balcony.,sadness,0.46357619762420654,2023-04
Spain,Double Room,Couple,3,2023,4,7.0,"Nice and great quality-price Breakfast and excellent location I had no fridge, mold on the bathroom roof.",joy,0.5928061008453369,2023-04
Portugal,Double Room,Couple,3,2023,4,5.0,"Just even to have where to sleep Acceptable breakfast. Old rooms, needing maintenance. Acceptable employees too. Cleaning the rooms was good, they were sanitized and not moving to others. Rooms with mold. Disorganized and dusty reception !! When we arrived our room had no light in the bathroom and the shower did not work. Did not survey the room before delivering",disgust,0.8107832670211792,2023-04
Spain,Double Room,Couple,2,2023,4,7.0,"Good option if you only need the sleeping room, nearby subway stop. Metro stop nearby, restaurants nearby and the area is fine to walk and take something. Everything was very clean and the breakfasts were fine. The room was quite small, the very old television nor did we lit it, the bathroom clearly needs a reform and it was the worst of the room, however it was very clean.",disgust,0.7642039656639099,2023-04
Spain,Double Room,Family,1,2023,4,6.0,"Room Bed and cleaning The very old facilities, the super old television and the very small space, we had to disconnect the phone because it did not stop ringing.",sadness,0.6105928421020508,2023-04
Portugal,Single Room,Solo traveller,3,2023,4,7.0,"Good I liked the room, it was nice, spacious and found it very comfortable. Diurnal staff also friendly and always smiling. For those who are out all day, want to know Porto, have a good night of rest and have safe belongings this is a good hotel! I didn't like the fact that at night the staff takes time to open the hotel door, as it is often closed for security reasons. And although the room was comfortable the shower hose was pouring water out.",joy,0.6920002698898315,2023-04
Italy,Twin Room,Group,1,2023,4,5.0,"Passable Place excellent close to the Sao Joao metro. 
available staff. We stayed two nights in this hotel, not in a row though. 
The first night just arrived in the room as well as having the lock of the defective door and that did not close from the inside we found the beds full of hair.
Small room, there is the indispensable. 
Just a power outlet near the bed.",disgust,0.8234491348266602,2023-04
Italy,Twin Room,Group,1,2023,4,7.0,"Good Excellent location, available staff. 
Since we had a commitment they made us check-in earlier than expected. Free luggage storage. 
Cleaning OK. a little small room. 
Double bed for two small people. 
Small and uncomfortable cushions.",joy,0.6597548723220825,2023-04
Spain,Double Room,Family,1,2023,4,5.0,"Passable Friendly staff Locacio away from the center. The bed was uncomfortable, very hard. Small room. Very poor breakfast only put the right thing and if it ends do not replenish even if there is no amount for all rooms. 
The very small bathtub",disgust,0.7141165733337402,2023-04
Spain,Double Room,Couple,3,2023,4,5.0,"Misleading It serves to sleep and shower, yes The images are misleading. Breakfast and cleaning allowed me to desire.",anger,0.37411364912986755,2023-04
Spain,Double Room,Family,4,2023,4,5.0,"More than a two -star hotel, I would put it like a hostel. The location. That there was always someone at reception. Buffet breakfast. That had no elevator, the cleaning was bad and the facilities very deteriorated.",disgust,0.8989919424057007,2023-04
Portugal,Double Room,Family,1,2023,3,7.0,Good For what intended to do the location is perfect. The room taking did not work which prevented recharging the computer. The internet had many flaws.,sadness,0.7522706985473633,2023-03
Portugal,Single Room,Solo traveller,2,2023,3,7.0,Very pleasant stay in every way. I'll be back. All Nothing to mention,joy,0.9013240933418274,2023-03
Portugal,Single Room,Solo traveller,1,2023,3,5.0,Passable Employees A lot,neutral,0.9553482532501221,2023-03
Portugal,Single Room,Solo traveller,1,2023,3,6.0,Pleasant Well attended location It comes described with parking and has no. The day I arrived did not have to park nearby,joy,0.8661376237869263,2023-03
Portugal,Single Room,Solo traveller,1,2023,3,5.0,"Reasonable location! Reasonable location I had no command in the room for the TV; I asked the reception and the answer was that there were no commands .... Employees, despite goodwill, need more ""formation"" for the functions they perform",neutral,0.7288980484008789,2023-03
Argentina,Double Room,Family,2,2023,2,7.0,Good Location and staff The rooms are extremely small,neutral,0.4810827374458313,2023-02
Portugal,Double Room,Family,1,2023,3,5.0,Had no television command Of convenience and breakfast. Not have access to television,sadness,0.5724981427192688,2023-03
Portugal,Double Room,Couple,1,2023,3,7.0,"In general I liked it a lot I liked the breakfast that was very quiet and organized, the cleaning employee was very friendly and the room itself was clean and smelly. There was some moisture on the ceiling, especially in the toilet, which had the spoiled shower hose, and self-delighting lading water from behind.",disgust,0.7921063303947449,2023-03
France,Double Room,Couple,2,2023,3,5.0,"Not bad for a short stay ... Not too far from the metro to go to the center.
Pleasant staff. .
The rooms are not incredible, small, cold and the bathroom everywhere but it goes for a short stay.
Correct breakfast but not top.",neutral,0.3963141441345215,2023-03
Portugal,Double Room,Couple,1,2023,2,5.0,Passable Cama The room TV was not working very well,sadness,0.6121214628219604,2023-02
Switzerland,Twin Room,Family,1,2023,2,7.0,Smooth Breakfast Bedroom area,joy,0.5086177587509155,2023-02
Portugal,Single Room,Solo traveller,1,2023,2,5.0,"Only the price and iasmin compensate the experience something bad Very good price and location. 
Employee Iasmin is very good, friendly and efficient. 1 I want to smell the tobacco and was full of mold in the corners and a bathroom with a mini bathtub that could not be standing or otherwise (206)., Another room (208) also had some mold, 2 hair in bed and some dirt released in the sheets.
Throughout the hotel constantly day and night is heard an exhaust/extractor to constantly work that prevents sleeping quietly.
The morning employee was not friendly, always walked on the phone even doing service was always moving the phone, just put it to breakfasts almost at the end of breakfast, and it was unprofitable.",disgust,0.9468466639518738,2023-02
Portugal,Single Room,Solo traveller,1,2023,2,5.0,"Passable No highlights mentioned. WC, bed, tv, breakfast",neutral,0.7062453627586365,2023-02
Portugal,Single Room,Solo traveller,2,2023,1,6.0,"Not as I expected Team Cleaning, breakfast and did not match the images",sadness,0.4691542685031891,2023-01
Portugal,Double Room,Family,1,2023,1,5.0,"Passable Very helpful employees. Many noises. AC or VMC machines, or restoration, all night in operation.",neutral,0.411777138710022,2023-01
Poland,Twin Room,Family,1,2022,12,5.0,"Passable Location near the subway Something was rustling all the time, the man from the service did something to stop, but only reduced this noise. At night someone knocked and screamed all the time. No quilt in winter, only a sheet and a blanket. The service gentleman is very clumsy.",disgust,0.5031115412712097,2022-12
Portugal,Single Room,Solo traveller,1,2022,12,6.0,Pleasant Location Cleaning,sadness,0.6042765378952026,2022-12
Portugal,Single Room,Group,3,2022,12,6.0,"High price for the offer practiced. Customer service needs to be improved. breakfast and the storage of the rooms Service (reception worked 24 hours but without employees available when necessary, were near the site but distracted to the mobile phone or even sleeping) and the maintenance and management of the hotel (there were several essential elements in breakfast that were only replaced on the third and last day of accommodation, such as napkins and water)",sadness,0.2958166003227234,2022-12
Brazil,Double Room,Couple,2,2022,12,7.0,"good cost benefit location Breakfast could be better. has a pool of
Water at the door of the hotel, passed a car and wet me all over.",surprise,0.4305453598499298,2022-12
Portugal,Double Room,Couple,2,2022,11,5.0,"price was not bad but the food was very weak and the fourth and very old and toilet with molds on the ceiling No highlights mentioned. Very weak breakfast, little variety of food and has no minimum, I had no bread of the day, no cheese, I had no yogurt, I had no egg, very weak even…",disgust,0.4866470694541931,2022-11
Portugal,Twin Room,Solo traveller,1,2022,10,6.0,Pleasant Location Tobacco smell,joy,0.6798233985900879,2022-10
France,Twin Room,Couple,5,2022,11,6.0,"Pleasant The staff are very pleasant, good Service, welcoming, correct breakfast, it's clean. Bedding to review, refreshing paint required in the bedroom (old apparent water damage ....), badly soundproofed we hear the TV of neighbors, the balcony full of rainwater because no evacuation.

Booking 8 note dates from 2013, ....",joy,0.7957695126533508,2022-11
Spain,Double Room,Couple,3,2022,11,5.0,"To spend a day it is well location. But it is expensive and they charge a ""tourist rate"" that does not exist. The bed was not bad, but it could have a few more pillows, since they were small and individual pillows for the 2 people. The bathroom was spacious and beautiful. As soon as he arrived, the staff spoke to us in Portuguese and, even understanding a little because we are Galicians, they did not strive to express themselves better or talk to us in another language (to ask ourselves if we spoke English, it would be easier to understand ourselves). Thus, we had doubts about when it was the time of arrival at night, if they cleaned the room or how it was done, the breakfast schedules (because it started at 10 but they did not tell us when it ended), etc ... Of course, they knew how to charge us a ""tourist rate"" of 2 euros per person x the nights that we stayed, in this case, a total cost of 12 euros because we stayed 3 nights and 4 days. We did not ask why they charged her, but apparently more tourists have already done it and I, that I have gone several times to Portugal, have never charged me that rate.

There was no elevator, although we didn't care much either as it was only 2 floors.

The room was a bit small, but tight for 2 people without problem. The bathroom was spacious, but it had stains of dirt and moisture, denoting that at most clean above and do not do deep cleaning.

As for the plugs, there was none on the tables, it was where the desktop (which is uncomfortable to load mobile nights, etc). In the bathroom there was only one plug, which had the protection of out of broken plastic (it would be good for them to maintain and fix it).",disgust,0.6148253083229065,2022-11
United States,Single Room,Group,2,2022,10,6.0,"Pleasant Breakfast Behavior of receptionist Marcio, had no ways to address me as a client. 

There was no electricity in the bathroom for one of the days I was staying there fell rain the water entered the ceiling, wet the bed and the room I have plenty of water on the floor, this day I could not sleep.
Generally speaking I had a bad hotel experience. It would not recommend to anyone if the above mentioned aspects are not improved, etc. 
Thanks",sadness,0.6253019571304321,2022-10
Portugal,Single Room,Solo traveller,1,2022,10,5.0,"Passable Good location, close to S. João and IPO. Meter 5 minutes walk. Poor sound isolation, being possible to hear everything that happens in the bedrooms next to and in the corridor. A guest went to bathe at 2 am and it was impossible to sleep with the noise of the water running and the water pump working. When the bell touches the reception you hear everything in the rooms. Access to rooms is done only by narrow stairs, which is a barrier to people with physical problems.",disgust,0.33612000942230225,2022-10
Portugal,Twin Room,Group,1,2022,10,5.0,"horrible nothing! I didn't like anything! It had two reserves made, and the beds were uncomfortable, everything was heard from some rooms to the others, in my room there was no light in the bathroom! In the other room there was no water in Sanita, finally sure was the worst hotel where I was!",fear,0.7024902701377869,2022-10
Mexico,Twin Room,Solo traveller,2,2022,10,7.0,Good Good value for money You need to remodel,neutral,0.4922807514667511,2022-10
France,Double Room,Family,4,2022,10,5.0,Passable Correct room and close to public transport. Large logistics problem at reception. We were billed twice and only managed to recover our money after having strongly insisted with the owners for two days who send us back to the Booking while the error was theirs. .,neutral,0.6395578384399414,2022-10
France,Double Room,Group,2,2022,10,5.0,"Passable Pleasant welcome
Top breakfast
Top shower pressure The bed is not comfortable The mattresses of the mattress come out at all times in the night. We hear the neighbors of the room and the windows do not close. The tiling joins are moldy.",disgust,0.6383630037307739,2022-10
Portugal,Double Room,Solo traveller,2,2022,9,6.0,"Pleasant Very good service. Very weak breakfast, not worth the price paid. On the second morning there was no bread when I went to breakfast!",joy,0.6981930136680603,2022-09
Germany,Twin Room,Family,4,2022,10,6.0,"No interest in the guest No highlights mentioned. 2 days a bathroom without light. Fortunately, we had headlamps. Do not complain about interest
The day before our departure around 8.45 breakfast table not covered and full of crumbs. No rolls, no ham, no cheese. Coffee empty, no milk. Owner simply ignored us. On request at staff, these rolls ran, then milk again. Otherwise nothing was filled. Then coffee was even filled, which was inedible, however. Breakfast always the same.
Bathroom door could not be pulled",neutral,0.34220728278160095,2022-10
Spain,Double Room,Family,1,2022,10,7.0,Good Good treatment of reception staff No issues mentioned.,neutral,0.6203428506851196,2022-10
Portugal,Twin Room,Solo traveller,3,2022,9,6.0,Stress Employee sympathy and very good location Cleaning a little to be desired and breakfast with little variety L,sadness,0.5574665069580078,2022-09
France,Twin Room,Couple,5,2022,9,7.0,"Well -located Nice staff including French, metro nearby ... Refresh room
No elevator for a person with reducing mobility",sadness,0.4078257977962494,2022-09
France,Single Room,Solo traveller,1,2022,9,6.0,"Small hotel to finish renovating The hotel is clean, the breakfast room has been renovated and it's clean and new. Ditto for reception. The rooms are old, the French windows do not close, as for the bathrooms, they really need to be completely redone!",surprise,0.3320380747318268,2022-09
Italy,Twin Room,Family,5,2022,9,6.0,"Pleasant Price below the port average.
Very kind staff The structure a little dated.",neutral,0.6154855489730835,2022-09
Portugal,Twin Room,Group,1,2022,9,7.0,"Good The employees are very friendly. The room is good according to the price. The room was air conditioned to work. The toilet door did not closely close and was damaged. There was a background noise apparently related to ventilation (we did not really question the origin) but it did not prevent rest in any way. The surrounding zone does not have a great look, but we had no problem in traveling and to the hotel.",neutral,0.7571583390235901,2022-09
Portugal,Double Room,Group,1,2022,9,7.0,"Good accommodation We stayed at this hotel because we had a wedding and the fifth was close. Well -lit room with several mirrors (which helps a lot when we are preparing for a wedding). Good breakfast. Duche curtains in the bathroom bathtub, I don't consider it at all hygienic. Old facilities, bathroom ceiling with moisture marks.",disgust,0.5511197447776794,2022-09
Portugal,Twin Room,Family,1,2022,9,6.0,"Pleasant Sympathy of employees, always smiling and helpful. I stayed in a room under the machine. From the hotel air conditioner, a little noisy.
It was a bad luck I have never had at this hotel ...",joy,0.7906702160835266,2022-09
Portugal,Double Room,Couple,1,2022,9,6.0,"Pleasant Location Old -fashioned room, maintenance -free bathroom, clogged pipes",sadness,0.9362671375274658,2022-09
Spain,Double Room,Solo traveller,2,2022,8,7.0,Good Breakfast little variety and quantity. No issues mentioned.,neutral,0.6389741897583008,2022-08
France,Twin Room,Couple,4,2022,9,7.0,"Clean hotel, pleasant staff, very average breakfast, the facilities deserve a new stroke. The location, the rooms were clean. For breakfast, the choice was insufficient and not replenished especially on weekends.
The bathtub curtain, not very hygienic.
Very dilapidated room.",disgust,0.4473471939563751,2022-09
Portugal,Double Room,Couple,1,2022,9,6.0,"It was acceptable, it was what I expected. It was a simple but enough breakfast. Nothing to mention.",neutral,0.9104995131492615,2022-09
Portugal,Double Room,Couple,2,2022,8,7.0,"boa food Lack of sockets in the room, and air conditioning is not working",sadness,0.8914317488670349,2022-08
Serbia,Twin Room,Group,7,2022,9,7.0,"Review - Hotel Portinari, Porto The location of the hotel is extremely good because the building is located near the initial station of one subway line as well as bus cells with several lines that divide the whole city. Also, the surroundings of the hotel is very quiet and quiet so that there is not much noise, and on the terrace, although small, can rest in the morning or evening.
What is another positive thing is that there is a possibility of adding a third bed, which in our case was so. Breakfast that was Swedish, which is quite scarce with only a few types of pastries, ham, helmet, spreads and flakes. The beverages were tea, milk (cow and soybean), coffee, juice and water, which was satisfactory. What was not well reflected in us was that we came to breakfast a few occasions a few occasions, and the food was not reinstated but only ""remains"" were on the table, and we had a very weak breakfast.",joy,0.5223034024238586,2022-09
Portugal,Single Room,Solo traveller,1,2022,9,6.0,Friendly Hotel for a short stay in Porto - Very friendly employees - Room properly clean - Location near Metro and São João Hospital - slightly old installations,joy,0.8105598092079163,2022-09
France,Double Room,Couple,1,2022,8,5.0,"Help out for a night No highlights mentioned. The air conditioning did not work 
Street window 
Hot 
Panel of the blue brand that reflects in the room at night we believe ourselves in the middle of the day.
Very little breakfast choice, there was almost nothing left.
No parking space",surprise,0.313061386346817,2022-08
Spain,Double Room,Couple,4,2022,9,5.0,"Far and old Well connected with everything, airport center ... Far from the center even by bus, poor, old and noisy breakfast",sadness,0.7910128235816956,2022-09
France,Twin Room,Couple,1,2022,8,5.0,"Not top The proximity of the metro (about 5 min walk) We hear everything that is happening in the rooms next to it is very badly isolated. The hotel is really very dated, the photos are a little misleading ... The bathtub was blocked, broken and with inlaid tasks.
The hotel is practical and can help you out if you stay there one night but personally I could not have stayed there longer.",sadness,0.43039020895957947,2022-08
United Kingdom,Double Room,Family,1,2022,8,6.0,"Elvis very nice The impeccable service of Elvis the lack of cleaning in the rooms, had pubic hair by t",joy,0.5676147937774658,2022-08
Spain,Double Room,Couple,3,2022,8,6.0,"Improvable The kindness of the receptionist when we arrive The cleaning of the room, that we had to leave the keys so that they could clean it and breakfast was quite basic and simple for what it costs.",joy,0.7419928908348083,2022-08
Netherlands,Twin Room,Couple,2,2022,8,6.0,"If you are used to luxury, then don't come here. Close to the metro.
The air conditioning.
Girl behind the Bali was very friendly. Towels were not ready in the wash. We only got later.
No stop for the bath .....
No cleaning during the day ... also no clean towels.
Trullet in the shower was not emptied.
Man of breakfast coughed terribly.
Breakfast was not supplemented.",disgust,0.858316957950592,2022-08
France,Double Room,Couple,14,2022,8,7.0,A good stay as a whole. Cosi and pleasant establishment close to everything on foot and by car. The location has earned us some worries with our vehicle.,joy,0.6974873542785645,2022-08
France,Twin Room,Couple,1,2022,8,5.0,Passable Breakfast Very dilapidated room,disgust,0.7502232789993286,2022-08
Spain,Twin Room,Family,1,2022,8,7.0,"Good Near the subway, friendly staff cleaning is improved",joy,0.8906569480895996,2022-08
Brazil,Double Room,Family,4,2022,7,5.0,Passable Near markets and the metro The care at reception in the afternoon is always bad. Lack of towels exchange is the custom of the house,disgust,0.4726964831352234,2022-07
Portugal,Twin Room,Family,2,2022,8,5.0,Reasonable. Little variety of gender No issues mentioned.,neutral,0.7955486178398132,2022-08
Portugal,Single Room,Group,1,2022,8,5.0,Good if we are not with high expectations We enjoyed the sympathy of employees and cleaning the space in general It did not please the beds and the breakfast was far short of what is presented in the photographs of the space,joy,0.9386046528816223,2022-08
Spain,Double Room,Couple,1,2022,8,6.0,"Pleasant located near the subway and with a car park The facilities are old, it has no elevator ...",sadness,0.9048604369163513,2022-08
Spain,Twin Room,Couple,3,2022,8,5.0,"For the price it is fine The room was very clean There was no elevator, the staff did not carry any badges so you did not know who you should talk.",neutral,0.879038393497467,2022-08
France,Double Room,Couple,1,2022,8,5.0,Passable Pleasant staff Can't find my reservation and wanted to do it again paid,sadness,0.5289289355278015,2022-08
Spain,Twin Room,Family,3,2022,8,5.0,"Passable No highlights mentioned. Very just breakfast.
It may be old, but the smell of moisture and closed was very uncomfortable.
There was no elevator to climb several floors.",disgust,0.8262556791305542,2022-08
Spain,Double Room,Couple,5,2022,7,5.0,I think I would look for other options in the future. But you can't ask for more for a 2 star hotel Breakfast was the best part. They make homemade cake which is very pleasant. The attention at reception is good. For the rest it is a 2 -star hotel that meets its place. The pillows were horrible.,disgust,0.5520159602165222,2022-07
France,Double Room,Couple,2,2022,7,5.0,Passable The location of a free street parking space Too noisy at night.,fear,0.7935391664505005,2022-07
Slovenia,Double Room,Family,3,2022,7,5.0,"Passable Location on the edge of the city near the metro and staff Cleanliness of dining rooms, bathrooms and disorder of dining room, damaged door for room",disgust,0.506397008895874,2022-07
Spain,Double Room,Family,1,2022,7,5.0,"Passable No highlights mentioned. The small room, for 3 people, bad views, we will not repeat",disgust,0.37383463978767395,2022-07
Spain,Twin Room,Group,1,2022,7,7.0,"Good Exterior light. Bed comfort. Good cleaning Entrance to the narrow bath. Long shower curtain.
Absence of elevator. Television somewhat outdated and with a bad connection. Wi -Fi malfunction in the room",sadness,0.5364664196968079,2022-07
Spain,Double Room,Family,1,2022,7,7.0,"GOOD Little for the time it was, but well passable No issues mentioned.",neutral,0.9523899555206299,2022-07
Spain,Double Room,Solo traveller,1,2022,7,7.0,advisable precio broken mirror,sadness,0.6712332963943481,2022-07
Portugal,Twin Room,Couple,4,2022,6,7.0,Good Sympathy of employees. The cleaning was very small.,neutral,0.3495912551879883,2022-06
Italy,Double Room,Family,3,2022,6,7.0,"Good Comfortable position, 5 minutes from the meter that takes you to the center, friendly reception Breakfast at present but not inviting, quite poor, too uncomfortable beds, we slept badly",sadness,0.6782965064048767,2022-06
Spain,Double Room,Couple,1,2022,6,5.0,"Normal The personnel who have been super pleasant with us. Which is central and comfortable to get to Porto. Rich and quite varied breakfast The cleaning, there were hairs and papers of other people. The old facilities and says that it has parking when it is not. Breakfast like low at 10 is anything left, they don't replenish but I was very rich.",neutral,0.48003923892974854,2022-06
Italy,Twin Room,Solo traveller,2,2022,6,6.0,"Pleasant Bright room, discreet breakfast The hotel certainly needs a general renewed",joy,0.9721998572349548,2022-06
Czech Republic,Double Room,Couple,4,2022,6,7.0,Good Breakfast Bed and doors,neutral,0.50712651014328,2022-06
Portugal,Double Room,Couple,1,2022,6,6.0,"pleasant Location, employees, small but pleasant breakfast bed; Hear if a lot of noise from the other rooms",joy,0.9220362305641174,2022-06
Portugal,Double Room,Solo traveller,4,2022,5,5.0,Passable location Something old -fashioned environment,neutral,0.8454388976097107,2022-05
France,Double Room,Couple,3,2022,5,7.0,"Good Practical hotel with good value for money.
Located 5 minutes from the Metro D terminus, you will need 15 min to reach Porto Center.
The rooms are correct, however provide earplugs for the most sensitive. A small downside on breakfast and freshness of the products (ham, cheese and butter not refrigerated)",neutral,0.8581653833389282,2022-05
France,Twin Room,Family,3,2022,5,7.0,"Good For the sufficient service price. I have been going there regularly. The rooms are dated. A paint stroke would be good. No elevator. Not very successful soundproofing.
Lack of proximity and customer contact from staff.",sadness,0.48269930481910706,2022-05
France,Double Room,Couple,13,2022,5,5.0,Justified low price. The possibility of parking your car is appreciable. The noise from day and night is very disturbing…. Set all night.,neutral,0.3904300332069397,2022-05
Germany,Single Room,Solo traveller,7,2022,5,7.0,"Good 2 star hotel Good location in 15 minutes you can reach the center with the metro. However, if you just want to go out the door in the evening to stumble into the turmoil is not right. 
Breakfast always sufficient but somewhat monotonous. 
A good hotel for the price performance ratio. Unfortunately no WiFi",sadness,0.5100274085998535,2022-05
France,Double Room,Couple,3,2022,5,7.0,"Good Hotel very well located, close to the metro. Possibility to park in the street safely. Our car stayed 3 days without moving, perfect.
Comfortable bedding. Cleanliness in common areas and in the bedroom is a bit limited.
2 calm nights and a very noisy night.
Breakfast. 2 times, we arrived an hour after the opening and certain foods lacked. The last morning, naked arrived at the opening at 7:30 a.m. and it took 8 a.m. for the buffet to be garnished.",joy,0.5098039507865906,2022-05
Spain,Double Room,Family,2,2022,5,5.0,Passable Hotel to spend one or two nights No issues mentioned.,neutral,0.9500927925109863,2022-05
Italy,Double Room,Couple,7,2022,5,6.0,"A little spartan but still those who do not scruple to aesthetics is an option that is worth Excellent cleaning
Commendable service
Super breakfast Cartavelina walls, too close to a central hospital in Porto (Matosinhos) then ambulances all day.",neutral,0.7278803586959839,2022-05
Portugal,Twin Room,Family,2,2022,4,7.0,Good Very clean. Good breakfast with variety of choice. No issues mentioned.,joy,0.5008974671363831,2022-04
Spain,Double Room,Couple,3,2022,4,5.0,I would not repeat complies with what was offered We hired breakfast that was available until 11…. We went down at 10: 15h and we had to eat the leftovers of others because it did not put anything more food or roasted bread ...,neutral,0.8679969310760498,2022-04
Spain,Double Room,Couple,1,2022,4,5.0,"You can't sleep Nothing It's a pension, not a hotel",sadness,0.5237466096878052,2022-04
Spain,Double Room,Couple,5,2022,4,7.0,"Good Fast food very close and that the rooms had a balcony the pleasant staff and that the subway was winged, quiet street. The doors in general made a lot of noise",joy,0.9456754922866821,2022-04
Spain,Double Room,Family,4,2022,4,7.0,"Good The buffet breakfast is quite good, if they incorporated a machine to toast the bread would be appreciated. The facilities are old but clean, they cleaned every day and changed our towels. The staff is very attentive. The break was not entirely satisfactory because of hard mattresses and almost non -existent pillows, the window is double glass but cars are heard when rolling on the cobblestone of the street, I fear that it is an endemic evil in all Porto, since its streets are like that, it is what has the charm of the old.",neutral,0.3336811363697052,2022-04
Portugal,Single Room,Solo traveller,1,2022,4,6.0,Pleasant Good location. Sympathetic reception employee. Ease of access to accommodation without limitations/ constraints in the schedules. Lack of sound isolation of the room led to the whole night the noise compromise the rest.,joy,0.7162323594093323,2022-04
Portugal,Twin Room,Family,2,2022,4,5.0,"Passable No highlights mentioned. The mattresses are very uncomfortable, seem to be very old and have a hole.",disgust,0.6135486960411072,2022-04
Portugal,Double Room,Couple,3,2022,4,7.0,"Good Location. 
Quality ratio price. No issues mentioned.",neutral,0.7437923550605774,2022-04
Spain,Twin Room,Family,1,2022,4,6.0,Pleasant Precio Cleaning and antiquity,sadness,0.8931381702423096,2022-04
Spain,Double Room,Couple,2,2022,4,6.0,"Good for a couple of days Buffet breakfast very good, very friendly staff, noise was heard from the room, good communication with the Sao Joao Hospital, which goes to the center of Porto in just 7 stops (15 minutes) Valid but old facilities",joy,0.8299667239189148,2022-04
Spain,Double Room,Couple,2,2022,4,6.0,"Pleasant Very good location, 5 min walking direct transport to the center of Porto. Ideal to park if you go by car No issues mentioned.",joy,0.8900203108787537,2022-04
Portugal,Double Room,Solo traveller,2,2022,4,6.0,"Pleasant well located and have the basic things of the bedroom door, the protective plastic cover of the mattress, the number of electric outlets. It's not a bad choice but the paid price made me expect better.",joy,0.6380976438522339,2022-04
Portugal,Double Room,Couple,1,2022,4,6.0,"Pleasant No highlights mentioned. Having reached the small lunch and not having a ham or cheese, because it was over and 1h30 of breakfast. In addition to finishing coffee and milk and having to be going to ask to replace the employees present, because they do not replace, if they do not ask just looking at people, behind the counter. The chocolate powder to put in milk also had to scrape the pot. 
In addition, cleaning the room toilet was desired, because we noticed that it had wrappers used by previous guests of champu and bath gel spread in the toilet. The toilet mirror was also full of water brands drain and white spots, visibly for lack of cleaning.",disgust,0.5190334320068359,2022-04
Portugal,Single Room,Solo traveller,1,2022,4,5.0,Passable No highlights mentioned. at the sound level it is not very comfortable because there is a noise of the road,neutral,0.6895450353622437,2022-04
Portugal,Single Room,Solo traveller,1,2022,3,5.0,"Passable Price with breakfast included Bathroom, shower hose expelling water everywhere, the bed hit the wall to the minimum movement that I did to sleep and the heating was not enough.",neutral,0.3416217863559723,2022-03
Portugal,Single Room,Solo traveller,1,2025,3,1.0,Bad No highlights mentioned. Poor conditions,disgust,0.47636204957962036,2025-03
Spain,Double Room,Family,1,2025,3,2.0,Very poor Nothing All,sadness,0.6793707609176636,2025-03
Portugal,Double Room,Family,1,2025,3,10.0,"Gilead Of the service, the stay was good summarized I was pleased with the accommodation conditions at the hotel No issues mentioned.",joy,0.9601930975914001,2025-03
Argentina,Twin Room,Couple,1,2025,2,1.0,"Very expensive and bad The good attention of the staff, the breakfast. The great deterioration of the facilities. The TV did not walk, there is no space, the paint is very old, the depressing bath, although it has beautiful pressure and temperature.",sadness,0.7473478317260742,2025-02
Portugal,Double Room,Couple,2,2024,12,9.0,"Pleasant The reception on check-in day and checkout was good. Breakfast was great, the good room for price/comfort and cleaning. 
When to return to the city of Porto I tell again at the Hotel Portinari. The difficulty of car parking was the most negative in the stay.",joy,0.7712333798408508,2024-12
Portugal,Twin Room,Family,1,2024,12,1.0,"Rested Climatic conditions, in the room of a hotel this time, breakfast",neutral,0.9039108157157898,2024-12
Brazil,Single Room,Solo traveller,2,2024,12,8.0,Very good Great cost x benefit. There was no heater in the room.,neutral,0.40971291065216064,2024-12
Portugal,Twin Room,Family,1,2025,1,3.0,"Mau The staff was very attentive and friendly and the mattress was comfortable !!! Poor, degraded room, with humidity on the walls.",sadness,0.5745178461074829,2025-01
Portugal,Single Room,Solo traveller,1,2025,1,10.0,Pleasant The reception and good location No issues mentioned.,sadness,0.9304037690162659,2025-01
Portugal,Double Room,Couple,1,2024,12,10.0,Exceptional The location We couldn't connect the room heater,sadness,0.4954112768173218,2024-12
Brazil,Single Room,Solo traveller,4,2024,12,8.0,Very good Simple but clean and fair price hotel No issues mentioned.,joy,0.6213893890380859,2024-12
Portugal,Double Room,Family,1,2024,12,1.0,"Lack of hygiene and conservation Only breakfast. From the room, the ceiling had the paint peeling, the mattress had a hole and a lot of hygiene even in the bathroom.",disgust,0.9785829782485962,2024-12
Spain,Twin Room,Couple,2,2024,11,8.0,"Well, it is not a hotel with a luxury but in relation to the price and attending customers I think it is worth it for which Very friendly staff the girls of the very attentive reception That there is no astender",joy,0.842191755771637,2024-11
Brazil,Twin Room,Couple,9,2024,10,8.0,"It was the best cost benefit and the most pleasant place we stayed. Very good coffee, excellent location, very friendly and helpful attendants, gave us all the necessary information, we feel at home. I didn't like to have little time, because I would like to have stayed more.",joy,0.952017068862915,2024-10
Germany,Double Room,Family,2,2024,11,1.0,Bad No highlights mentioned. Old Bruchbude.,sadness,0.47188594937324524,2024-11
Brazil,Double Room,Family,6,2024,11,3.0,"Would not stay again Team Cleaning could whim more, it was a condom used on the table for 2 days, if I didn't throw away they wouldn't play. Towels were not smelling and did not change their bedding",disgust,0.9604348540306091,2024-11
Poland,Twin Room,Couple,1,2024,11,4.0,"Disappointing No highlights mentioned. Generally, the rooms are suitable for general renovation. No heating.",sadness,0.6055614352226257,2024-11
Portugal,Double Room,Couple,2,2024,11,4.0,"The staff was very friendly and helpful but the equipment was really not very good Breakfast was well equipped with different rolls and cake varieties biscuits cereals fruit and there was always someone there and very helpful Even if you leave very early, you should be able to get a little in the morning on request and if it was only packed cookies, especially since it was paid for breakfast.
The bed was very uncomfortable the light switches on the back in the middle when you had your arms under your head or rejected the light constantly. The climate was very loud. The door in the bathroom does not close properly.",neutral,0.5136498808860779,2024-11
Portugal,Double Room,Solo traveller,1,2024,11,3.0,"Poor Personnel Bedroom was with dirty paper waste, soap packaging thrown on the floor. He was reserved room C bathtub and none of the bedrooms had. I spoke to the receptionist said that I couldn't do anything",disgust,0.8433153629302979,2024-11
Portugal,Double Room,Couple,2,2024,11,9.0,"Pleasant, I will return to the place Cost benefit Not have an elevator",sadness,0.7033268213272095,2024-11
Portugal,Double Room,Couple,1,2024,11,8.0,"Very good Welcoming environment, little movement, good location In the bathroom without glasses, without a dryer and shampoo and gel bath only for one person; In the room there was no pillows",joy,0.749146044254303,2024-11
Spain,Twin Room,Couple,1,2024,11,4.0,Need urgent reform Breakfast was fine The old and rammed room and bathrooms,neutral,0.604220986366272,2024-11
Brazil,Twin Room,Couple,1,2024,10,1.0,"Zeal Only breakfast and bed. Air conditioning does not work, damaged bathroom door due to water dripping from the shower, missing lamp at the headboard and with mold on the walls. No minibar and with no pleasant view.",sadness,0.8234951496124268,2024-10
Spain,Single Room,Solo traveller,1,2024,9,1.0,Bad No highlights mentioned. has charged 2 times,sadness,0.480572372674942,2024-09
Spain,Double Room,Family,2,2024,10,1.0,Bad I didn't like anything was the hotel Nothing,disgust,0.6774464249610901,2024-10
Portugal,Double Room,Couple,1,2024,10,8.0,"Very good The boy who received us was quite friendly.
We just spent one night so the room was enough for us. The location and the fact that it has no parking park.",joy,0.7103361487388611,2024-10
Spain,Twin Room,Family,1,2024,10,4.0,"Disappointing Nothing 
Very bad, I tried to go to another hotel but it was too late, bad room, very very old facilities, Everything, the only thing that is saved is breakfast.",sadness,0.5375569462776184,2024-10
Portugal,Double Room,Group,1,2024,10,8.0,"Very good Cleaning, location and breakfast Requires remodeling",neutral,0.537314772605896,2024-10
France,Double Room,Couple,1,2024,10,4.0,"Disappointing Nothing We did not appreciate the noise, the mattress, the room itself which was not really clean and very old. In the morning we had no more light in the room ...",sadness,0.5307304263114929,2024-10
Portugal,Double Room,Couple,2,2024,10,8.0,Very good hospitality by employees and breakfast. The shower has hot water. No issues mentioned.,joy,0.7393115162849426,2024-10
Cape Verde,Twin Room,Couple,4,2024,10,3.0,Poor Location No issues mentioned.,sadness,0.42373713850975037,2024-10
Brazil,Double Room,Couple,9,2024,9,8.0,"pleasant I really enjoyed the service at breakfast, hotel staff, very collaborative in the sense of information, extra service with details such as micro use, etc. No issues mentioned.",joy,0.9793214201927185,2024-09
Spain,Double Room,Solo traveller,1,2024,9,1.0,No highlights mentioned. No issues mentioned.,neutral,0.8930596709251404,2024-09
Portugal,Single Room,Solo traveller,1,2024,9,1.0,Bad I didn't like anything. of everything.,disgust,0.6318761110305786,2024-09
Portugal,Single Room,Solo traveller,1,2024,9,1.0,"Bad No highlights mentioned. I felt completely mistaken, the photos are not that of the rooms that these are in very bad conditions very bad even, there are little more good hotels that do not mislead with false photos",disgust,0.4345190227031708,2024-09
France,Single Room,Solo traveller,5,2024,9,9.0,Superb The staff were very helpful and the breakfast buffet was excellent. No issues mentioned.,joy,0.7791486978530884,2024-09
Portugal,Twin Room,Couple,1,2024,9,4.0,Irrepetivel The location Lack of cleaning. Mauscheiros in the interior. Electric outlet without protection at 20 cm from the taps and toilet at the risk of electrocussion,fear,0.6598747968673706,2024-09
Portugal,Double Room,Couple,3,2024,9,1.0,"Horrible No highlights mentioned. The hotel needs works, it's a shame ... WC All old, broken mirror glass, broken window glass, old mattress, dirty and background felt if the springs of the mattress, the night mt noise ... the towels were dirty ... horrible ..",disgust,0.6061075925827026,2024-09
Spain,Double Room,Family,3,2024,8,4.0,"Disappointed Breakfast and staff very well, very friendly. The fatal room !!! The bathroom roof had a disgusting black mold bubble, in the room smelled a lot of moisture and some mold was seen on the roof, savannas and non -clean, some mold spots, a shame since in photos everything looks very beautiful and everything is really very old and in poor condition.",disgust,0.986276388168335,2024-08
Portugal,Double Room,Couple,1,2024,9,3.0,"Bad Sympathetic reception girl, reasonable breakfast, good location The rooms are terrible, noise a whole night of an engine, people coming in and out to the reception bell.
The windows leave much to be desired.
Very few towels and we didn't even have any for swimming.",disgust,0.8326413631439209,2024-09
Portugal,Double Room,Couple,1,2024,9,1.0,"Bad Breakfast was reasonable The photographs showed a warm room, but that's not what I found, the very degraded bathroom and the mattress was horrible ...",disgust,0.8255365490913391,2024-09
France,Twin Room,Couple,1,2024,9,9.0,Clean Hotel Individual Salle For Petit Budget Cleanliness No issues mentioned.,neutral,0.6647974848747253,2024-09
Spain,Double Room,Couple,1,2024,8,3.0,"It could be a good discovery, but unfortunately it has not been THE BEST THE PRICE Ancient doors, the rooms become old and outdated, painted with a beige color that also does not benefit.
When we arrived one of the other occupants must be in his room visualizing films for adults at full volume, everything was heard in our room with the closed door.
At night between 23 and 00:30 a family with two children dedicated himself to staying on the stairs of the hotel they give to the rooms speaking aloud and the children shouting on the stairs with toy cars, nobody bothered to tell them anything during all that period despite the stairs give directly to the 24h reception of the hotel.
The room smelled a bit of moisture possibly for having the interior bath without mechanical ventilation outside, simply with a ventilation rack that communicates bath and room.",disgust,0.48104190826416016,2024-08
Mozambique,Single Room,Solo traveller,2,2024,9,10.0,"optima Good. Well located. Security, windows",neutral,0.6998936533927917,2024-09
Portugal,Twin Room,Solo traveller,1,2024,8,3.0,"Discomfort Great location, friendly employees All",joy,0.916902482509613,2024-08
Mozambique,Single Room,Solo traveller,1,2024,8,8.0,Bom Cama Corridor space,neutral,0.872538149356842,2024-08
France,Twin Room,Couple,1,2024,8,8.0,Very good Personnel adorable. No issues mentioned.,neutral,0.538827121257782,2024-08
Russia,Single Room,Solo traveller,3,2024,8,10.0,Wonderful I found breakfast cool No issues mentioned.,joy,0.9006165266036987,2024-08
Italy,Twin Room,Group,1,2024,8,1.0,"Bad structure Parking not available at the structure but you can find without too many problems nearby Dirty and firm room, stained bedspread. We stayed and my friend and in the bathroom we find only one towel for the mascara -stained face and a towel for the bidet laundry. Broken door handle, we had to close the door with a chair behind. There is no lift (but this would still be the minor evil), breakfast with truly poor products (from fruit to cereals ..)
Never again!",disgust,0.8094159364700317,2024-08
Spain,Double Room,Family,3,2024,8,2.0,Dirty and uncomfortable Location next to El Metro Dirty old bathroom roof with moisture there is no elevator the roof paint falls etc,disgust,0.7282516360282898,2024-08
Spain,Single Room,Group,2,2024,8,8.0,"Very good experience Breakfast is economical and excellent. The place is quiet and well communicated by having close N12. The attention is good and all environments are clean. The air conditioning was fine, but could not regulate.",joy,0.6101096868515015,2024-08
Portugal,Twin Room,Family,1,2024,8,4.0,"Disappointment for such embarrassment. Education and sympathy service! For the second time I was in this hotel I found cheap in bed and this last time there were cockroaches in the bathroom and in the room we took pictures and made complaints, reportedly the room was detected but it does not seem to be effective!",disgust,0.8328166604042053,2024-08
Spain,Twin Room,Family,3,2024,8,1.0,"Horror Nothing .. Forrible Nothing at all
Dirty, downed furniture, broken doors ..
And to the question of whether the beds were comfortable, say that we were not even one night, we returned to Galicia that same day. 
A Hold, I don't understand how you can offer it .. 
I only send four photos for not giving option to upload more ...",fear,0.5843412280082703,2024-08
Spain,Double Room,Family,1,2024,8,1.0,"Nothing recommended Breakfast In general, every fatal does not meet anything in the offered
It has no elevator and the stairs are terror.
They give you a second floor and when you arrive, you want to go down again.
I would give the pension category of the 60s or pilgrim housing.
The doors are fatal all matched at their bottom the plumbing facilities seem like those of Benito and Manolo.",fear,0.7462697625160217,2024-08
Portugal,Double Room,Couple,4,2024,8,10.0,Exceptional The always very friendly staff. All very clean and well maintained. The best there is. I'm just sorry to have to leave,sadness,0.7584666013717651,2024-08
Portugal,Double Room,Couple,2,2024,8,3.0,"Stay at the Portinari Hotel in Porto The breakfast and the proximity of the city. Noise of cars, mattress, lack of painting of the room and doors. 3 -story hotel and no elevator. One of the girls at breakfast cleaned the crumbs from a table to the floor in front of us.",disgust,0.9821977019309998,2024-08
Portugal,Single Room,Solo traveller,1,2024,8,8.0,"According to the expectation Economic stay hotel, where price/quality ratio is in agreement.
Simple but good breakfast. Friendly employees. I don't understand some criticism I've seen from some customers. For for the amount you pay, the stay is in agreement. One cannot compare to a 3 or 4 stars, because it is not, nor does it seem to have pretense for it.
It is an old hotel, with little sound isolation. It's simple and humble, where for the amount you pay, it's fine.",neutral,0.8481375575065613,2024-08
Germany,Double Room,Family,1,2024,7,8.0,Very good Super friendly staff No issues mentioned.,joy,0.7885503172874451,2024-07
Spain,Double Room,Family,1,2024,7,1.0,"Bad Nothing Everything, badly located, the door of the room was old and closed badly, a lot of noise at night, there is no elevator I went with baby cart and tube that stays in the car, for the price of did not give even 20 euros at night it was more a pension than a hotel, if it helps you something is my comment.",disgust,0.4549607038497925,2024-07
Portugal,Double Room,Family,2,2024,7,10.0,Exceptional Excellent service Nothing to claim,neutral,0.4484121799468994,2024-07
Portugal,Double Room,Family,4,2024,7,1.0,"Bad I had no opportunity to stay on the premises, because the establishment was in electrical problems. Of the lack of support of employees, for the logistics of hotel change. Since Hotel Partinari did not meet conditions to accommodate anyone, we had to deal with everything, contacts, reserve and transportation, after 23h, with children, etc. Very unpleasant!",sadness,0.9229415059089661,2024-07
Brazil,Double Room,Solo traveller,4,2024,7,9.0,"I recommend. The service of the employees is excellent. All very helpful. The location is also great, close to the São João subway, which gives access to the whole city, including the train, the airport, the bus station, the stadium and the sights. Breakfast could be better as it has few options. It is basically bread and industrialized.",neutral,0.5245559811592102,2024-07
Brazil,Double Room,Solo traveller,1,2024,7,9.0,"It was worth it. I recommend. The service of the employees is excellent. All very helpful. The location is also great, close to the São João subway, which gives access to the whole city, including the train, the airport, the bus station, the stadium and the sights. Coffee could have more options, I found it very basic. It was basically bread, cakes and industrialized.",neutral,0.6635960936546326,2024-07
Spain,Double Room,Couple,1,2024,7,1.0,"Horrible experience That find a place in front The facilities, the views from the room, the matt",fear,0.9606291055679321,2024-07
Portugal,Twin Room,Couple,2,2024,7,1.0,"Unruly Near the area you intended Air conditioning on the roof made the same noise as a jet plane..to the day..the electricity is several times ... one of the poorly polite employees, when confronted with problems treats the guests for you..num tone unnumbered ... (maybe you don't like the work) ... you have no elevator and have 2 floors ... and I need to carry the bags ... If you are an elderly person, very degrad",anger,0.6631833910942078,2024-07
Romania,Double Room,Couple,6,2024,7,8.0,"Acceptable I needed a hotel near ISCAP, very kind staff and cleaning in the room. The ventilation device of the hotel makes a lot of noise.
The air conditioning did not work very well.
Large jokes from cars that go too fast on the street.
The rooms do not have mini refrigerator in the room. 
The price a bit high, but I needed a hotel near ISCAP.",neutral,0.5494951009750366,2024-07
Spain,Double Room,Couple,1,2024,7,10.0,Exceptional They let me in before cheeking No issues mentioned.,joy,0.6084582805633545,2024-07
Portugal,Double Room,Family,1,2024,6,4.0,"Disappointing Very friendly employees (especially check-in and cleaning), pleasant breakfast and suitable for price. Comfortable bed and room size suitable and corresponding to the promised. Product availability and diversity (shampoo, shower gel, soap, toilet paper, ..). Room unjustly (heard the noise of machines or some engines to work a lot) and no command for the air conditioning on the board, which made it always connected in the 19 ° C. Bathroom ceiling dirty (needing painting).",joy,0.4036504924297333,2024-06
Portugal,Twin Room,Couple,1,2024,6,10.0,"Exceptional Well located, near the metro. 
Good breakfast Nothing to point out. 
Lift",neutral,0.7169488072395325,2024-06
Spain,Double Room,Solo traveller,1,2024,6,2.0,"The worst hotel in Porto Breakfast is the only good thing you have Horrible room 101, noise, the shower came out water everywhere. The awkward bed, horror movie television, the internet doesn't work well, there were rats and cockroaches on the balcony. Awful",disgust,0.8874569535255432,2024-06
Brazil,Twin Room,Family,2,2024,6,8.0,Very good Great location Not have minibar and few power outlets,joy,0.5794535279273987,2024-06
Portugal,Double Room,Family,1,2024,6,2.0,"Very poor Sympathy of the work ... Quality Price leaves a lot to be desired for 79 € per night there is much cheaper hotels with many better conditions.
Not to mention the exhaust that passes in room 207 and makes an unbearable noise to sleep.",disgust,0.7719643712043762,2024-06
Luxembourg,Single Room,Solo traveller,3,2024,6,10.0,"Exceptional Super friendly and attentive employees 
All very friendly and you very clean. No issues mentioned.",joy,0.7181490659713745,2024-06
Spain,Double Room,Couple,1,2024,6,10.0,Advisable The bed is super comfortable. I think they have to change the toaster because it does not heat well and I could not enjoy the good buffet they have.,neutral,0.6393299698829651,2024-06
Spain,Double Room,Couple,2,2024,6,4.0,If you can go to another The only way comfortable was the bed The entire hotel was from the 70s,neutral,0.8640847206115723,2024-06
France,Single Room,Group,10,2024,6,2.0,I will never stay in Portinari again Staff Amabilite The value for money,neutral,0.42976781725883484,2024-06
France,Single Room,Couple,1,2024,6,8.0,"Perfect if you need to sleep! Very good value for money
Listening and responsive staff Lack of space in the bathroom",joy,0.5440954566001892,2024-06
Portugal,Double Room,Couple,1,2024,6,1.0,"Go and not come back ... No highlights mentioned. Very degraded hotel, very dirty, a lot of noise not only of the street but also inside the hotel itself.
The air conditioning is limited and managed by the reception staff and if you want to turn on or off they go to the room to do so. (Meaningless) The bedroom window was broken and the shutter would not even run so that it could be close in its entirety.
To spend a night in a hurry it serves, for more than that doesn't even think. 
Breakfast, based on bought, quality things, no beautiful cakes or quality coffee. For two stars, no matter how much it is, it deserved much more care. Breakfast photos as well as the facilities do not say the state of the hotel.",disgust,0.6166301965713501,2024-06
Brazil,Double Room,Couple,1,2024,5,9.0,excellent Kindness of attendants nothing,joy,0.7614868879318237,2024-05
Portugal,Double Room,Family,1,2024,6,1.0,"Experience not to repeat Service of employees Cleaning and convenience of the room 
Super uncomfortable bed with the feeling that one will leave in a thousand bits. Uncomfortable mattress.",fear,0.42834189534187317,2024-06
Germany,Single Room,Solo traveller,1,2024,6,2.0,"One of the worst hotels I've ever visited. The house was at the specified place. Breakfast was okay. Very down. Dirty. Small rooms, ...",disgust,0.9528311491012573,2024-06
Spain,Double Room,Couple,2,2024,6,4.0,"Dissure and uncomfortable Situation near Metro and Bus in Center Ciutat Old, left, obsolete facilities, and due, without a lift, a small reform would not be bad. 
The photos are engaged in what you find. They need to improve to follow",neutral,0.488311767578125,2024-06
Brazil,Single Room,Solo traveller,1,2024,6,10.0,Welcoming environment and great location. The kindness and agility of employees is excellent !! No issues mentioned.,joy,0.9370435476303101,2024-06
Portugal,Double Room,Family,2,2024,5,4.0,"Disappointing Service, and breakfast Room walls with mold, the photos showing the facilities are quite different, old building bad care",disgust,0.4493585228919983,2024-05
France,Double Room,Couple,3,2024,5,3.0,"Reasonable The four are good but need a remodeling in terms of painting, change of locks and change of taps from bathrooms The mattress is hard",neutral,0.7817750573158264,2024-05
Germany,Twin Room,Group,3,2024,5,3.0,"Poor The staff was very friendly and helpful, there is nothing to complain about here! Since we had to go to the airport early before breakfast, the employee went very much to take care of ourselves. Pretty rough mold in the bathroom. Hair distributed from the predecessor in the bathroom. In general, the bathroom was not very inviting and rather an imposition",disgust,0.9570616483688354,2024-05
Spain,Double Room,Couple,2,2024,5,4.0,Disappointing The staff was friendly. Old and dirty rooms.,disgust,0.7672396898269653,2024-05
Portugal,Double Room,Couple,1,2024,5,1.0,"Bad Nothing Worst accommodation I've had to this day.
Very small double bed is uncomfortable.
Very hot and the air conditioner does not work. 
We do not have access to air control.
Sleep with the window open to soften the heat but a lot of noise.
Very small bathroom.",disgust,0.4826054871082306,2024-05
Spain,Double Room,Couple,1,2024,5,1.0,I didn't like anything I did not like it because they show some things in photos and then it is another when you get to accommodation It was not as seen in Booking,disgust,0.6746928691864014,2024-05
Spain,Double Room,Family,1,2024,5,10.0,Exceptional I loved it No issues mentioned.,joy,0.6794881820678711,2024-05
Portugal,Twin Room,Solo traveller,1,2024,5,1.0,"Bad Service Uncomfortable bed, the bathroom door did not close, there was no elevator, the ventilation was always on and made too much noise, making it difficult to sleep. The air conditioner was always on and could not turn off, leaving the room extremely hot. There was no hair dryer, the bathtub was not isolated, the floor of the bathroom was all wet, etc., a bad experience",disgust,0.8290093541145325,2024-05
Portugal,Double Room,Family,1,2024,5,2.0,"I didn't like it. No highlights mentioned. The hotel had no water when we arrived at the scene and the situation extended at night and the morning of the next day or to wash their teeth and the direction did not get any alternative, nor negotiated returning the value, or half as I suggested. I asked the complaint book and an employee still encouraged the complaint. I found a lot of lack of character, had a payment of a service they did not provide. All of the other rooms are heard. It is away from the center. This is lost customers. I do not recommend.",disgust,0.48315924406051636,2024-05
Portugal,Double Room,Couple,1,2024,5,2.0,Much Service Nothing in general,neutral,0.7974653840065002,2024-05
Portugal,Twin Room,Family,1,2024,5,4.0,"I do not recommend The employees were friendly and apparently the cleaning was done The building is very old and without maintenance, breakfast is very limited",neutral,0.579957127571106,2024-05
Portugal,Double Room,Couple,2,2024,5,2.0,"DISACKING! Not to go back or recommend! Location;
The availability of an employee to offer to make eggs, for breakfast; The stay in general was a disappointment.
Very little friendly employees;
Rotes, did not clean the room and exchange the hangers after the first night, because we would have to ask the same, something that never informed us that it would have to be requested; After complaint of the situation, they only gave us a sheet of bed and bogs and suggested that we ourselves change the bedding;
Curtain of the bathtub with moisture;
To use/ change/ turn on/ off the air conditioner had to go to the room for someone from the reception because the commands could not be in our power;
Very modest breakfast;
During the dawn when we arrived, we realized that they remove the pressure from the water from the shower, we had to contact the reception to resolve the issue;",sadness,0.2966679334640503,2024-05
Brazil,Single Room,Solo traveller,9,2024,5,10.0,"Fantastic Employee attention, cleaning of accommodation… I recommend 🙏❤️💕 No issues mentioned.",joy,0.6850974559783936,2024-05
Portugal,Twin Room,Couple,1,2024,5,2.0,Very poor No highlights mentioned. Too old to continue in operation.,sadness,0.5956235527992249,2024-05
Germany,Double Room,Couple,3,2024,4,8.0,Very good There is a good breakfast and an optimal transport connection to the center. No issues mentioned.,joy,0.7149564623832703,2024-04
Spain,Twin Room,Group,1,2024,5,1.0,Pesima Nothing There are cleaner jales that this accommodation are pummous are supposed to be a 2 -star hotel but it is not up to a hostel nothing looks like what it puts in booking,neutral,0.38020700216293335,2024-05
Portugal,Double Room,Family,3,2024,4,1.0,"Bad hotel There was nothing that pleased. The hotel was unfortunately dirty, the bedding had bad smell and pined, with mold, lack of maintenance in the rooms and a horrible machine noise.
It has no elevator and the stairs are a danger to anyone.
One of the worst hotels I already got.
I do not recommend !!!",disgust,0.9283507466316223,2024-04
Germany,Single Room,Solo traveller,2,2024,4,3.0,"Poor Rental Small room, high price.
Personal not friendly.",sadness,0.49930068850517273,2024-04
Portugal,Single Room,Solo traveller,1,2024,4,10.0,"Harmonious place with excellence in serving us All perfect, helpful employees, excellent breakfast, great location There was nothing I didn't like, I was very well welcomed",joy,0.9820868968963623,2024-04
Portugal,Double Room,Family,1,2024,4,9.0,"Wonderful, comfortable. I really enjoyed the sympathy and help of the work when I chec in, the cleaning and comfort of the room, the sanitation of the bathroom, the porch in the bedroom.
Breakfast was great.
It went really well Cafe could be a little better, it was instantany and was very strong, but to customers who like it and just a small repair because everything was very good.",joy,0.9859758019447327,2024-04
Portugal,Twin Room,Family,1,2024,4,8.0,Very good. The breakfast was very good. Quite varied. All is well.,joy,0.8876540064811707,2024-04
Portugal,Single Room,Solo traveller,1,2024,4,1.0,Bad No highlights mentioned. Of the noise that came from abroad. It is not possible to sleep,disgust,0.48091235756874084,2024-04
France,Single Room,Solo traveller,1,2024,4,9.0,Superb I appreciated the very friendly welcome in French No issues mentioned.,joy,0.9576823711395264,2024-04
Spain,Single Room,Solo traveller,2,2024,4,8.0,It has an acceptable price quality. I would repeat. The staff is very friendly. In the room the noise from outside could be heard. And the bed is not entirely comfortable.,neutral,0.7748202681541443,2024-04
Brazil,Single Room,Solo traveller,1,2024,4,9.0,Superb Easy Location No issues mentioned.,neutral,0.7490824460983276,2024-04
Spain,Single Room,Group,3,2024,4,8.0,"Improveable but correct The varied and good breakfast
Good location to move by car The old mattresses
Noise from some machine in the room",neutral,0.6398653388023376,2024-04
Portugal,Single Room,Solo traveller,1,2024,4,2.0,"Very poor Cleaning Do not fulfill the sound minimums. It is not possible to sleep with the constant noise of an exhaust that echoes throughout the building. Until they eliminate this failure, the hotel should be closed.",disgust,0.6543412208557129,2024-04
Portugal,Double Room,Couple,1,2024,4,1.0,"Bad No highlights mentioned. Bathroom without light, ceiling full of moisture, super stiff mattress, cleaning left a lot to be desired, changed the bedroom and in the new room was not given bath towel and the window glass was broken. Experience that we will certainly not repeat again",sadness,0.5444269180297852,2024-04
Spain,Double Room,Family,1,2024,3,1.0,"Lousimah Nothing The very old rooms there was no heating m complaint m gave a portable heater that m m mama and on top of sparking that neither heated and like me all the rooms 
Noise from a buzz in the room Q m complaint and m said the girl who could not be removed 
There was no elevator and we climbed a narrow staircase
Very bad I hope
I sleep better in my van that there is",sadness,0.7618497610092163,2024-03
France,Single Room,Solo traveller,1,2024,3,8.0,"Practical hotel Correct volume and interior of the old -fashioned room but everything is functional with good bedding. The metro and buses right next to it with all the services. Breakfast is very good. On the eight cheap hotels I have done, there is nothing to complain about. The welcome is very good. The + is a real hotel with someone night and day to control the entries and exits. If you arrive earlier you can drop your luggage before taking the room. The question",neutral,0.6559418439865112,2024-03
France,Twin Room,Couple,1,2024,3,8.0,Very good Small quiet hotel and good quality/price No issues mentioned.,joy,0.704399049282074,2024-03
France,Double Room,Group,2,2024,3,3.0,"to be avoided well -located No heating. icy room. bathroom from another time. Degradation of the walls, ice of the broken cabinet. Rooms on the 2nd floor when there were on the 1st because we were changed for the air conditioning that did not work. 
No elevator: Obliged to mount our bags 20 kg in the second then in the 1st (I specify that we were all seniors)",sadness,0.5401039719581604,2024-03
Brazil,Single Room,Solo traveller,2,2024,3,9.0,"Comfortable, safe, I recommend. Comfortable and silent room. I liked everything that was offered.",joy,0.7516729235649109,2024-03
Portugal,Single Room,Solo traveller,1,2024,3,1.0,"Not worth the value Employees Noise, dirt, 
Breakfast",disgust,0.7047463059425354,2024-03
France,Double Room,Couple,1,2024,2,1.0,"Horrible Nothing 
To flee
Insalubre and dirty All",fear,0.855711817741394,2024-02
France,Double Room,Couple,1,2024,2,2.0,"Fortunately we only had one night left No highlights mentioned. Omnipresent urine smell, very bad insulation which resulted by a very low temperature in the room (sleeping in coats), sheets not very clean and seemed to be used.",disgust,0.9666494131088257,2024-02
Portugal,Double Room,Family,1,2024,2,10.0,Exceptional I liked everything. One day I will come back again. No issues mentioned.,neutral,0.6799352169036865,2024-02
Portugal,Double Room,Couple,2,2023,12,8.0,No highlights mentioned. No issues mentioned.,neutral,0.8930596709251404,2023-12
Portugal,Double Room,Family,1,2024,1,8.0,Very good Mattress Lighting of the bathroom,neutral,0.7297000885009766,2024-01
Spain,Double Room,Couple,1,2024,1,1.0,Bad No highlights mentioned. The room is dirty and apart does not work the heating was cold the room and the bathroom is everything to change the towels have yellow spots were to change the sheets were unwashed,disgust,0.5781382322311401,2024-01
Brazil,Single Room,Couple,1,2023,12,10.0,Perfect we will come back more often I liked everything hotel well located all very clean and the perfect breakfast thanks No issues mentioned.,joy,0.7823776006698608,2023-12
Portugal,Double Room,Family,2,2024,1,2.0,"Uncomfortable Good breakfast and good location Very old facilities, with moisture on the walls and rust in the toilet. Party mirrors and spoiled locks. Mattress with loose springs. In the toilet at bath time the water from the rainwater wet everything because there is no safeguard.",disgust,0.878129243850708,2024-01
Portugal,Double Room,Solo traveller,1,2023,12,3.0,"I do not recommend! The only positive thing was employee service. Weak maintenance of the toilet facilities. 
Worse than that, I was denied to have the command of the air conditioner in the room. Each time I needed to change the AC temperature I had to ask him from an employee. Bad conduct from those who implemented such a rule, would say unthinkable !!! 
The hotel answers ""excess zeal from the employee""?!?! So reinforcement: There were 3 employees to exceed the zeal, because the command was denied me by 3 employees! Do not try to cover the sun with the sieve ...",disgust,0.4742938280105591,2023-12
Portugal,Single Room,Solo traveller,1,2024,1,10.0,"Good, with the possibility of return. Simple hotel, but met my expectations. Breakfast also simple but satisfactory. Good location and easy access. No issues mentioned.",joy,0.757073700428009,2024-01
France,Double Room,Family,6,2024,1,8.0,"I loved my stay Ideal location near the metro (5 minutes walk). We go to the center of Porto in 10 minutes. 
Extremely friendly staff. I will come back. Mobilier and hotel in itself require a renovation.",joy,0.8701431155204773,2024-01
Portugal,Twin Room,Couple,1,2024,1,3.0,Bad stay. Nothing corresponds to the photographs. Rooms full of moisture and weak cleaning and comfort.,disgust,0.9447832107543945,2024-01
Hungary,Twin Room,Family,1,2023,12,3.0,"Poor No highlights mentioned. There was no heating, it was very cold",sadness,0.8544601798057556,2023-12
Spain,Double Room,Family,1,2023,12,9.0,Superb Very friendly and considered. We were traveling with a 20 -month -old boy and let us enter a little before the usual Chekin. Very complete breakfast. Small but cozy hotel. It is the second time we are going and we will return☺️ No issues mentioned.,joy,0.6485725045204163,2023-12
Spain,Double Room,Couple,3,2023,12,1.0,"Bad No highlights mentioned. Nothing to do with the photos they put, upon arriving with the bags it turns out that there was no elevator, we arrived at the room and the balcony blind was totally fallen, it smelled unpleasant, and to close the door of the room it was an odyssey, it was half broken .. in general I do not recommend it. And to top it up the air conditioning was not in the room, you had to go down to receive so that they would rise or lower the temperature themselves, we had to get up at midnight because it was cold and low",disgust,0.8733751773834229,2023-12
Portugal,Single Room,Solo traveller,1,2023,12,2.0,"Very poor No highlights mentioned. Cleaning, bedroom state, smelling bath towels",disgust,0.8646582961082458,2023-12
Portugal,Twin Room,Couple,1,2023,12,3.0,"Poor Basically nothing The room with little lighting, the walls were all dirty with moisture, the bathroom badly washed 🙁",sadness,0.452815443277359,2023-12
Portugal,Double Room,Couple,1,2023,12,9.0,"Perfect, nice room, good shower, friendly staff and excellent breakfast. The service was fine and the reception warm.
The air conditioning in the Senate had no remote control, so we were assigned another room.
Solved quickly and adequately. No issues mentioned.",joy,0.6162116527557373,2023-12
Portugal,Double Room,Solo traveller,2,2023,11,4.0,Disappointing Location ROOM CLIMATING,sadness,0.9232973456382751,2023-11
Portugal,Double Room,Group,2,2023,11,4.0,"Disappointing No highlights mentioned. Like and state of the facilities, with degraded rooms, broken stores we couldn't even open (we could never see sunlight), cleaning could be much better, median breakfast.",sadness,0.6284563541412354,2023-11
Portugal,Double Room,Couple,4,2023,11,3.0,Not very pleasant No highlights mentioned. We were woken up by the cleanliness to drag furniture from other rooms and listening to loud music. And we still wanted to leave the room and the door was barred…,sadness,0.3487469255924225,2023-11
Italy,Double Room,Couple,2,2023,11,1.0,Sucks Sucks It should be closed,disgust,0.5791619420051575,2023-11
Brazil,Double Room,Couple,1,2023,10,4.0,Disappointing No highlights mentioned. Leakage in the bathroom.,sadness,0.6079017519950867,2023-10
Portugal,Single Room,Solo traveller,1,2023,11,4.0,"Disappointing Cleaning. Location. Quality Wi-Fi. Very cold room. Although they have air conditioning equipment, they do not make the command available :-(. On the contrary, the shower water was dangerously hot !!!",sadness,0.5696238279342651,2023-11
Portugal,Twin Room,Family,1,2023,10,8.0,Very good. No highlights mentioned. Little clothes in bed. I felt cold.,anger,0.40439289808273315,2023-10
Portugal,Double Room,Couple,3,2023,10,4.0,"Need urgent maintenance Breakfast is very good.
You can take a bath of hot water for a long time and the water keeps a wonderful temperature.
The reception staff were helpful. Hotel to need general maintenance - WCs with rusty and rusty channeling, tub with fully clogged water flow systems, poor painting bedroom doors, missing tips stairs, TV not being able to catch the cable signal, centapers to climb the walls of the hotel corridors, turns out to the service it presents.",sadness,0.6429319977760315,2023-10
Portugal,Double Room,Couple,2,2023,10,4.0,"Deceptive Little. Only the sympathy of the first receptionist. Super uncomfortable room, unattractive, immense noise of other guests, both in the hallway and in the rooms, very unimor, announce parking and the same is on the back street ...",disgust,0.7293505668640137,2023-10
Portugal,Double Room,Couple,1,2023,10,8.0,Very good Cleaning No issues mentioned.,neutral,0.5565104484558105,2023-10
Portugal,Single Room,Solo traveller,1,2023,10,4.0,Disappointing Location Quarto,sadness,0.904631495475769,2023-10
Germany,Twin Room,Couple,2,2023,9,9.0,Superb Breakfast was very good. No issues mentioned.,joy,0.9213141798973083,2023-09
Brazil,Single Room,Solo traveller,3,2023,9,4.0,Disappointing Location There are no amenities ..,sadness,0.9245203733444214,2023-09
Portugal,Twin Room,Solo traveller,1,2023,10,4.0,"To remedy Price and the fact that it includes breakfast The overall aspect of the rooms, chipped painting, lack of very small elevator absence.",sadness,0.4547407031059265,2023-10
Spain,Twin Room,Family,2,2023,10,1.0,"Don't even think about going to this hotel Nothing, disaster Dirty and obsolete bathrooms, bad smell from reception to the same room, spoiled furniture, broken doors, scandalous rooms with outer noise impossible to bathe or rest",disgust,0.9439966082572937,2023-10
Spain,Double Room,Group,2,2023,10,9.0,"Superb The attention of the staff that were very nice and friendly, the buffet that was still small and good quality and the location since there was very close bus stop and the subway. That the noise of the street was heard, although it was calm when people passed a lot.",joy,0.8838323354721069,2023-10
France,Twin Room,Family,1,2023,9,8.0,Very good Very well slept ... and very welcome No issues mentioned.,joy,0.6276635527610779,2023-09
Germany,Double Room,Couple,1,2023,9,1.0,"Room not available Nothing, we didn't get in. Despite reservation and booking on Booking.com, we didn't get a room and had to look for another hotel. Fortunately, you don't have to pay in the app beforehand ...",sadness,0.47300732135772705,2023-09
Brazil,Double Room,Couple,1,2023,10,3.0,"Hosting for short periods and without luxury Wi fi signal is good, security, near the subway (train) that costs 1.50 euro and takes you to downtown Porto in minutes, next places to feed Old furniture, bad bed, dark atmosphere, with dirty and poor care, old bathroom with bathtub and low shower, air conditioner does not work and the air control is at the reception, to change, turn on or off you have to call the employee (what the meaning of this, it would not be easier to deliver the control at the entrance and request in the morning) has the basic, but nothing that is surprising, the parking lot is on the street.",sadness,0.4689953923225403,2023-10
Portugal,Single Room,Solo traveller,1,2023,9,3.0,Poor Sympathetic employees Very small bathtub. There was no towels to clean the body. A lot of noise inside the hotel. Price/Quality ratio is very expensive,disgust,0.9496068954467773,2023-09
Portugal,Single Room,Solo traveller,1,2023,9,3.0,"Space and very bad conditions Breakfast Of the conditions and state, very degraded",sadness,0.6677089929580688,2023-09
Brazil,Single Room,Solo traveller,4,2023,9,10.0,The best cost benefit of the city of Porto For many years I come here! The cost benefit is the best in the city of Porto! I liked everything!,joy,0.9219345450401306,2023-09
Portugal,Double Room,Couple,2,2023,9,1.0,"Bad Nothing All. Bad installations
Horrible
We gave up on hosting when we arrived and saw the facilities.
Must remove this establishment urgently from the hosting list.",fear,0.649920642375946,2023-09
Spain,Single Room,Solo traveller,5,2023,9,8.0,Very good breakfast No issues mentioned.,joy,0.6351459622383118,2023-09
France,Double Room,Family,2,2023,9,8.0,Very good Breakfast. Friendly and smiling staff. Good information for our trips. No issues mentioned.,joy,0.8883785009384155,2023-09
Brazil,Double Room,Couple,4,2023,9,3.0,"Bad hotel! Cleaning, employees, breakfast. Horrible bathroom, very narrow tub box with a plastic curtain that stuck all the time in the body, a permanent sewage smell in the bathroom that reached the bedroom, the balcony door falling and did not open right, the only refrigerator in the bar was broken, there was no cold water when we reached a heat of 33 degrees. I questioned this and the receptionist said she couldn't leave it in the room because she deregulated. In the middle of the night I had to go down the stairs because it has no elevator, take, regulate and return to the reception then. Totally insane this! We will never return to this hotel.",disgust,0.829874575138092,2023-09
France,Double Room,Group,1,2023,9,2.0,"The hotel is dirty No highlights mentioned. The cleanliness really leaves something to be desired 
We found hair and hairs on the beds, as well as in the bathroom and on the toilet
We have changed rooms and even if the problem persisted in the second it was better",disgust,0.9424065947532654,2023-09
France,Double Room,Couple,1,2023,8,4.0,"We were disappointed with the value for money No highlights mentioned. Cleanliness leaves something to be desired. Being allergic to mites, I confirm that there were beautiful and well in the room. Drugs still present in the hair, sheet not clean ... 
Breakfast being really average for a 2 star.",disgust,0.5489363670349121,2023-08
Romania,Twin Room,Group,7,2023,9,10.0,"Sejur-porto nice city Breakfast has been varied and the location is close to the means of transport, subway, buses and you can buy andante Tour card for 3 days from Andante Chiosc on all areas with all means of transport Old hotel, no three -storey elevator, no English staff refrigerator you don't really understand with them",neutral,0.3457859456539154,2023-09
Portugal,Single Room,Solo traveller,3,2023,8,2.0,"Very poor No comfort, and need repairs From the bed. Bathroom",sadness,0.5161435008049011,2023-08
Unknown,Single Room,Solo traveller,1,2023,9,2.0,"In need of renovation and outdated. Not recommended! Breakfast was okay Hotel is heavily outdated and urgently in need of renovation. Bathroom with mold formation on the ceiling, air conditioning without function, fittings totally deteriorated and calcified. Balcony allows a view of the neighbor, this is dirty with a thousand tips.",disgust,0.8200955390930176,2023-09
Spain,Twin Room,Couple,1,2023,8,3.0,"Disappointing. Room with bugs. Correct breakfast The experience was very disappointing (to start it must be said that the hotel has no elevator so you have to raise your bags by weight). The hotel is in a very improvable state. Old wood and cleaning that leaves much to be desired. Soon to go to bed (1 am) we realized the existence of a pest of bugs in the room and in our matt minutes. After this, not a single detail of courtesy or reimbursement of the room money, by the hotel.",disgust,0.8593241572380066,2023-08
Spain,Twin Room,Family,4,2023,8,4.0,"Reformas ... ya No highlights mentioned. Very left hotel, deteriorated facilities ... the shower was silent while I showered me",sadness,0.5622622966766357,2023-08
Portugal,Double Room,Couple,1,2023,8,4.0,"Deception Location 
Breakfast was average Error 500 (Server Error)!!1500.That’s an error.There was an error. Please try again later.That’s all we know.",neutral,0.6693254709243774,2023-08
Brazil,Single Room,Family,1,2023,8,1.0,"My stay was terrible! Not to repeat! Hotel near Metro; Slowness and oblivion of the staff (check in it took more than 30 minutes and tried to charge the tourist fee twice);
The three reserved rooms were dirty, the door did not open or close easily, some lights were burned, the air conditioning command was not present in one of the rooms and there was no way to turn off (attempts were made in receipt to solve this problem, but all were denied and we ended up sleeping very cold!);
There is no insulation in the room, the walls are thin and everything is heard (including the movement of other guests); 
At night he began hearing a loud noise of music at the reception. It was impossible to sleep like this;
Accommodation has no accessibility, since there are only one bid of stairs and not an elevator;",disgust,0.43590113520622253,2023-08
Spain,Double Room,Couple,5,2023,7,1.0,"Bowl pest Staff very well, good breakfast and location well Deteriorated facilities and rooms and beds infested with bedbugs",joy,0.6006326675415039,2023-07
Spain,Double Room,Family,2,2023,8,1.0,"Please do not go to this hotel Nothing I would never come back. The conditions of this hotel are unfortunate. A hotel in these conditions should not be open to the public. I don't know how it has 2 stars. Web photos have nothing to do with reality are misleading.
They charge a municipal tax that I doubt it is really. 
The room is dwarf, we do not fit almost even the door. They put us on the second floor without elevator, with a baby and pregnant. The cleaning of the Malísima hotel, all the rooms just as bad, full of humidity just like the bathroom, could change the toilet because the state is unfortunate, the bathtub without curtains, the light cables on the outside, the glass of the closet is broken and the walls with cracks .. the hotel must be 70 years old and the years of course pass. You need in depth. While in bed the air began to drip and created a huge puddle on the ground. They had to change the room at 12 at night, the air conditioning did not work in the other room, in the middle of August, even on top of the reception, he told us that nothing happened if we had no air as if we had to thank him still on top. It was a disaster, we had to move the cradle to the other room along with the rest of the bags and everything. They neither helped us nor compensated for all the accident. In addition, the next day they told us that we had to leave that room at 2:00 p.m., to move 2 -story bags without elevator and go up again when the room was free when we had another night but for having changed that this room was going to be for other customers.",disgust,0.6535271406173706,2023-08
Spain,Double Room,Couple,2,2023,8,3.0,"Pay attention to reviews The price because I can't find something else Where to start, it is a hotel that brings you back to the 50s because the furniture must continue to be the same of that time. It fell into pieces. You need a serious face washing. Breakfast does not take it, it gives the feeling that day after day they put the food that did not eat the day before, nor gift would eat that food. Sorry I didn't like it",sadness,0.44180169701576233,2023-08
Brazil,Double Room,Couple,5,2023,8,10.0,Excellent Excellent location No elevator,joy,0.6341255903244019,2023-08
Spain,Double Room,Family,2,2023,8,9.0,"Superb It is well located, which has a winged restaurant, you can go in transportation for some places it is fine with the price and quality well. The attention well with the attentive staff in everything No issues mentioned.",neutral,0.47395503520965576,2023-08
Unknown,Double Room,Family,1,2023,8,1.0,"Disastrozoo The care of workers I didn't like many things
1The ""Alleged room was not from the photo""
2 Cleaning 
3 The bed was for a person (in the reserve was a double bed) my husband had to sleep on the ground since we were 3 with my baby 
4The Colchom God of spring, we nailed to us all over our backs 
5 had no laundry.
5The very uncomfortable bathroom 
6 scarce towels (eye)
7 says there is parking (there is no parking)
8 Bath light did not work 
And endless things 
Eye does not look good! If you want head and back pain, don't go",sadness,0.39932981133461,2023-08
Spain,Twin Room,Couple,2,2023,8,2.0,"Factory type hotel to not come back. Poor but reasonable breakfast. The room with renegras walls. Little cleaning on the floor. Horror bath with oxidized tubes by the walls. The glass shelf was missing under the mirror in the room A huge tube in a corner produced a constant noise throughout the night as an running extractor. We don't stick an eye. The next day I complained and asked for a solution. They shrugged. I threatened to call the police and finally changed my room, just as bad but without tube or noise.
On the street they spend night and day buses and cars producing a huge noise. Indecental place that does not deserve even the pension title.",fear,0.4117569327354431,2023-08
France,Double Room,Group,7,2023,8,8.0,"Very good Very welcome, affordable price. Air -conditioned room. Team attentive to our needs. We thank Jasmine for her kindness. Old -fashioned side. A small refreshment in the bathroom is necessary.",joy,0.8483780026435852,2023-08
Spain,Double Room,Family,1,2023,8,1.0,"Bad Breakfast, abundant and all ordered Very old and very badly preserved all old and oxidized place, they should also indicate that it is not suitable for people with reduced mobility, very extruding and uncomfortable stairs.",disgust,0.8372600674629211,2023-08
Spain,Twin Room,Group,2,2023,8,10.0,"Genial ATTENTION
The location 
The buffet breakfast The pillow could be bigger",neutral,0.879254162311554,2023-08
Italy,Single Room,Solo traveller,1,2023,8,4.0,"Disappointing Location. Hotel urgently needs great remodeling. 
Bathroom with exposed pipes, peeling walls, and the bedroom doors are old.",disgust,0.6420131325721741,2023-08
Spain,Single Room,Solo traveller,4,2023,8,3.0,"Mal A good breakfast [buffet] is served. The last day as we did the Check out early, before the usual breakfast time, the receptionist offered us to take cookies ... but we did not feel like breakfast after the bad experience we had in the room ... The hotel is not in conditions, you can't put a customer in a room like what we were. Every old man and you can even meet bugs .. In addition, the room is not cleaned if you do not leave the key before 11.00h.",disgust,0.7929407358169556,2023-08
Spain,Twin Room,Family,3,2023,8,1.0,"Bad I didn't like anything Without elevator, all very old, the air conditioning could not be extinguished or regular, the blind of the room stuck at medium height, the bathroom without comments, in short, if possible it would never return to that hotel that says that they are 2 stars and does not deserve any star, it would not have to be called a hotel.",disgust,0.6889591217041016,2023-08
Spain,Double Room,Couple,2,2023,8,1.0,"Pésimo Hotel Breakfast Dirty, broken mirrors in the room, old towels and spots, wall with churretones and holes, humidity on the roof, rusty bath, air conditioning lost water and a puddle. Being Sunday they did not fix it",disgust,0.5864566564559937,2023-08
Spain,Single Room,Solo traveller,3,2023,8,9.0,Superb Wide room with clean towels and a balcony and very well air conditioning and simple but enough breakfast I liked everything,joy,0.9463664293289185,2023-08
Unknown,Twin Room,Couple,1,2023,8,8.0,Clean environment and good location. The space was well sanitized and in great location. Disclosure images of the accommodation are not up to date.,neutral,0.5520492792129517,2023-08
Netherlands,Single Room,Solo traveller,1,2023,8,4.0,"Very, very moderate hotel. Nothing actually. Maybe happen to park for free along the road. Super noisy, noisy other guests with which nothing was done, noise of extractor system",disgust,0.3992190957069397,2023-08
Brazil,Twin Room,Couple,3,2023,7,8.0,Satisfied. Breakfast well served with good location near the city's subway system station. Side parking and not at the hotel itself.,joy,0.7412388920783997,2023-07
Spain,Twin Room,Couple,1,2023,7,4.0,Disappointing Nothing All,sadness,0.8696044683456421,2023-07
Spain,Twin Room,Family,3,2023,7,4.0,"Disappointing I liked to be fulfilled that there was room to park the car on the street freely, as the ad said. Especially the elevator. It was a great surprise that the hotel had no lift. We were on a second floor
The first night we were left without electricity I imagine for overload. Then the truth is that we were to compensate for the noncvdnients and invited each other at a day breakfasts.",surprise,0.9542755484580994,2023-07
Angola,Double Room,Family,1,2023,7,3.0,"My stay at this hotel was terrible, I do not recommend to anyone. Thanks Breakfast was reasonable and hotel is well located I didn't like the room: dirty bath sheets and towels, bed with many bed bugs (it was a disgust). The receptionist who made us chek in was not very friendly.",disgust,0.9854991436004639,2023-07
Portugal,Double Room,Family,1,2023,6,1.0,Bad No highlights mentioned. Room in poor condition and with noise due to a malfunction in the air conditioner all night!,disgust,0.7006330490112305,2023-06
Spain,Double Room,Couple,3,2023,7,3.0,"Poor The attention of the staff and that at breakfast towards the biscuits at the time. The rooms require a reform, especially the bathroom. Throughout the stay and especially at night, a continuous sound similar to the centrifugation of an endless washing machine was heard.",disgust,0.9145956039428711,2023-07
Spain,Twin Room,Family,1,2023,7,4.0,Disappointing The staff. There was a lot of noise in the room like industrial or extractor air conditioning passed a tube through the room,disgust,0.6564621329307556,2023-07
Spain,Double Room,Family,1,2023,7,4.0,Disappointing Location Little personnel,sadness,0.9218971729278564,2023-07
Poland,Twin Room,Couple,1,2023,7,3.0,"Hotel for general renovation - it's better to pay extra and stop in a different place Tasty breakfast and location near the metro station. I stopped at this hotel for the second time, one night before the holiday flight. I was hoping that maybe a different room would be closer, but unfortunately this did not happen. The whole hotel is suitable for general renovation, because most of the equipment is depleted to the limit. Bathroom equipment was better not to touch. The rooms are tight and loud.",sadness,0.7150999307632446,2023-07
Poland,Twin Room,Couple,4,2023,7,3.0,"Hotel for general renovation - it is not worth the money Tasty breakfasts and location near the subway station. Unfortunately, the hotel is for general renovation. In the room, all equipment would be suitable for replacement. For example, the shower curtain was so dirty that I didn't even want to touch it. The room was also very loud from the street.",disgust,0.9512199759483337,2023-07
Brazil,Double Room,Family,10,2023,7,8.0,Very good Employees are very attentive and the location is excellent. Good cost benefit. Very simple breakfast. In the room there is no fridge.,neutral,0.6132012009620667,2023-07
Portugal,Double Room,Couple,1,2023,7,3.0,"Location and nothing more! Location, very close to the meter and with a wide variety of restoration services. Very poor hotel, virtually everything is damaged and obsolete. Air conditioning did not work, they left a fan in the room, huge and super noisy. TV guaranteedly about 30 years old. 
Cleaning of the reasonable room, but extremely careless areas during the stay the light was missing several times.",disgust,0.5105335116386414,2023-07
Portugal,Single Room,Solo traveller,2,2023,7,1.0,"Bad Nothing! All terrible, I spent from 16 to 21h at the hotel without light, too dirty place. I asked for return of the amount and had to pay more in another hotel to spend one night only, I only took losses.",disgust,0.6425938010215759,2023-07
Portugal,Single Room,Family,1,2023,7,3.0,"Poor Location and breakfast that was acceptable It is totally degraded, without any maintenance.
Horrible walls and ceilings, doors of horrible rooms, lack of towels, finally, terrible",fear,0.45441657304763794,2023-07
Germany,Twin Room,Solo traveller,3,2023,7,2.0,"Very poor That the breakfast was included The room was out of date.
The mattresses were very old and uncomfortable.
The lady at the reception does not speak English.
It is very loud in the rooms, you hear every guest and every car.",disgust,0.8881610035896301,2023-07
Romania,Single Room,Group,5,2023,7,4.0,Working visit It was close to the place where the conference was held and close to the means of transport. Poor breakfast. Without variety. Not even the slightest attempt to clean the room. From the first to the last day the Gonoi basket was full. They kicked us out at 11 o'clock.,disgust,0.4063953459262848,2023-07
France,Double Room,Couple,3,2023,6,10.0,"Amazing ! Reception, breakfast, staff. No issues mentioned.",joy,0.5498238205909729,2023-06
Spain,Double Room,Couple,1,2023,6,1.0,"Horrible because of my allergy we suspend the holidays. Well, this can not be called a hotel, it is rather Hotelucho de Carretera, because they were not soundproof, how every 5 minutes passed bus, a lot Tremendous noise, the roof with quite stained with moisture, so as not to tell the bed the bedding quite clean and very white that must be reciprocated but the legs of the bed appeared and it sounded like it wanted to break and I realized that they folded, that bad experience, I only slept an hour because the smell of humid We endured what dawned a little, Lek was that we left and we could not enjoy Porto because neither nose did not stop bleeding from the allergy what caused me the smell of mold. That is why you can't call a hotel if you had half a star or I saw it. Bad experience to anyone recommends it if he suffers from allergy. Please stop Veder smoke, put a super photo that does not resemble reality, they have to change the door, TV, closet of the stone age, the bathtub, the horrible pipes hide it, regulate the hot water because I almost left the skin of super hot, ventilate the rooms, change the floor and put it what is tiles of the 70s, it seems to me that it was a house and they settled to play to play. That of Guay nothing. We arrived in Porto Thursday at 19 to last 3 days but of course not in that accommodation, but because of my allergy we could not stay we left little for 6 in the morning.",fear,0.7054578065872192,2023-06
Italy,Single Room,Solo traveller,1,2023,6,3.0,"Poor The position and friendliness of the staff It is dirty small rooms, it has no lift",disgust,0.8333108425140381,2023-06
Spain,Twin Room,Family,3,2023,6,4.0,"Ancient and little attended Already described .. old, very unattractive .. and one day they don't make you the room .. they don't put gel or shampoo daily The above described",sadness,0.4242820739746094,2023-06
Unknown,Single Room,Solo traveller,2,2023,6,8.0,Buena Good breakfast and also its location It has no elevator,neutral,0.43890199065208435,2023-06
Portugal,Single Room,Group,1,2023,6,4.0,Disappointing Reasonable breakfast Fourth and toilet amenities.,sadness,0.5803170204162598,2023-06
Portugal,Twin Room,Family,2,2023,6,8.0,Very good WONDERFUL SERVICE 😀 Very good breakfast..SO CLEANING THAT COULD BE BETTER .. BATHINGS LEAVE TO WISH ... I went to see the bed and but proved that they did not change the sheets ... Cleaning could be better ... bedding was not changed .... but the earlier guests slept and only stretched the sheet ...,disgust,0.18247617781162262,2023-06
Portugal,Single Room,Solo traveller,1,2023,6,1.0,I will not come back. Nothing Noise,sadness,0.3653287887573242,2023-06
Ukraine,Single Room,Solo traveller,6,2023,6,8.0,"In general, I liked everything. A good ratio of price and quality! Good budget hotel. Everything is very clean. Especially linen. The breakfast is continental, quite diverse. Close location from the metro. Poor sound insulation is heard the sound of the voices in the corridor and the next room.",joy,0.8940489888191223,2023-06
Argentina,Double Room,Family,3,2023,6,9.0,Superb Practical and good value for money All good. 2nd floor stairs,joy,0.703197717666626,2023-06
Germany,Double Room,Couple,1,2023,6,1.0,Bad ! Only the entrance! The rooms do not correspond to the rooms from the VEB side. Very loud noises il bad dîne almost sleepless night. The entire furniture including the entrance door is in need for cleverly picking !!! The walls could tolerate a new coat of arms! In the bathroom exactly the same!,fear,0.578179121017456,2023-06
Portugal,Double Room,Family,1,2023,6,2.0,"Very poor Service No glass window had only night beaded the cold through the bruises of the stock out of the place. When I arrived I saw and I didn't like I tried to cancel but I couldn't, if I didn't lose the money from the stay I ended up. But I think Bokink should have more rigor to quality when we booked a room.",sadness,0.5791940689086914,2023-06
Portugal,Double Room,Group,2,2023,6,3.0,For the price it could be better No highlights mentioned. The air conditioner did not work. The bedroom door looked badly. It was listened to noise in the corridors easily. Even what was going on on the first floor was heard in the second…,disgust,0.6187614798545837,2023-06
Portugal,Single Room,Solo traveller,2,2023,6,1.0,"Bad I liked the location close to the São João Hospital Nearly in front of the amoei hospital I did not like the hotel in yes no booking had three stars in the hotel fixation has two stars, but the appearance of the smelling hotel right at the entrance to the bed with dirty monfo -smelling sheets, breakfast relay I was sorry to choose that hotel. 
Please review the images they put in Booking, the next trip I will not use your services.",disgust,0.7749053835868835,2023-06
Spain,Double Room,Group,3,2023,6,3.0,"I would not come back or for free, shabby not the following Breakfast, few things; But all correct. Good coffee, good bread, good fruit. The pleasant receptionist, the unpresentable owner. We took supplementary bed at € 25/night and they brought it at 23:30 and it was broken, complicated to sleep, the next day they brought another one that was broken, then we had to throw the mattresses to the ground the three nights. They wanted to discount me only € 7 in total, that of course I refused and in the end the mattress on the floor came to € 12.5/night. The bathroom of the 60s and air pipes did not close the door and creaked. The air conditioning of the rooms made a horrible noise and that of the neighbor the worst had him on the three days, yes, I really enjoy the groans that were heard. CONCLUSION The worst room we have slept in a long time ... very shabby everything.",anger,0.3449665307998657,2023-06
France,Twin Room,Couple,4,2023,6,2.0,"Nul Nothing - Room not clean at all 
- No soundproofing (noise of the VMC all night so we did not sleep)
- no refund because we came 3 days instead of 4 because of a change of plane schedule) 
- No change of room when we haven't slept 3 nights 
- No hello 

Catastrophic.",sadness,0.6839711666107178,2023-06
Brazil,Double Room,Couple,4,2023,6,10.0,Exceptional The sympathy and cordiality of employees !! The bed and pillows very uncomfortable.,disgust,0.3105801045894623,2023-06
Brazil,Double Room,Family,6,2023,5,10.0,"Excellent. Near the metro, malls, supermarkets, fastfoods, gas station, etc… is in an excellent area in Porto. The service is great, super welcoming. Breakfast is wonderful! No issues mentioned.",joy,0.8845571875572205,2023-05
Brazil,Single Room,Solo traveller,3,2023,6,1.0,"bad Educated employee and quick internet Broken shower, old intakes without maintenance",sadness,0.7925055623054504,2023-06
Brazil,Twin Room,Couple,4,2023,5,3.0,"Poor From the photos, the bedroom and bathroom seem to be younger! It would be interesting a good renovation! Comfortable bed! No issues mentioned.",joy,0.5149552822113037,2023-05
Brazil,Single Room,Solo traveller,1,2023,5,8.0,"Very good I liked the place nothing to say! Good hosting! No lighting next to the bed
No sockets to load the phone.",joy,0.8925790786743164,2023-05
Portugal,Double Room,Family,1,2023,5,2.0,"The cheap is expensive, it was terrible! Nothing There was only one bath towel for two people, there was no face towel and carpet in the bathroom. There was no dryer, there was no rubber stopper for the bathtub, the blunders was damaged, there was no control for television and air conditioning, breakfast is not of great quality, the bathroom tile was broken, rooms very close to each other (without acoustic insulation).",disgust,0.8466668128967285,2023-05
Italy,Double Room,Couple,5,2023,5,3.0,"Poor Very nice staff is helpful, breakfast included breakfast included in the price The room very dirty and with very dated and ruined furnishings, very dated mattress is of very little quality (we slept very badly), the window door that gives the terrace it has a broken lock, therefore always open, also the terrace very dirty and which gives on a roof of eternity to say the least indecent, full of cigarette butts of cigarettes and varied dirt and with a fireplace that emitted an annoying buzz of an electric motor of an electric motor of an electric motor H24, the small bathroom, with mold on the ceiling and hairdryer essence (at the reception they told us that it is not there). In short, maintenance equal to zero.",disgust,0.8069509863853455,2023-05
Portugal,Double Room,Couple,2,2023,5,4.0,"In addition to remodeling, employees need more training for proper care. Cleaning and location. After complaint about room conditions, the employee was helpful trying to minimize discontent by replacing another room. Hotel needs remodeling, room doors with low safety and aged, room without TV and air conditioning commands, broken phone. Moisture in the toilet, Estores did not close completely. Breakfast with little variety and absence of employees to replace the food and there was no coffee expressed.",disgust,0.8412052392959595,2023-05
Belgium,Double Room,Solo traveller,5,2023,5,3.0,"catastrophic place that does not deserve a single star Not far from buses and trams The cleanliness, bathroom full of humidity, degraded toilet, broken mirror glass, smoked detector glued to sticky paper, no insulation, the balcony window is not closed",disgust,0.46071362495422363,2023-05
Portugal,Single Room,Solo traveller,1,2023,5,1.0,"Degrading Location Cleaning, noise of an engine all over, dirty bedding, animals on bedding, tv without command",disgust,0.9730992317199707,2023-05
Portugal,Twin Room,Couple,4,2023,5,4.0,"Disappointing The staff is well willing ... Cleaning, shower did not do the ""shower"" function was like taking a hose bath, lack of freshness in breakfast, a lot of damaged .... No command of TV and AC ... etc ... At night the reception is very bad Mr. that there is a long time to open the door because it is sleeping ...",sadness,0.559400200843811,2023-05
Ireland,Double Room,Couple,1,2023,5,2.0,"Very poor No highlights mentioned. Bad bathroom, take a shower and the floor turns pool, without taking off that the water did not go down the drain, and has no parking, the car is on the street",sadness,0.7090193033218384,2023-05
Brazil,Single Room,Couple,2,2023,5,4.0,"Disappointing Location There was only one outlet working in the bedroom and was in the bathroom 
There was no spare pillow to put in the room. They lent 2 pillows.
I had not realized that I had no elevator at the hotel when I made the reservation.",surprise,0.6003836393356323,2023-05
Brazil,Double Room,Group,3,2023,4,9.0,Very good Great half lunch and great location. The facilities were very old but comfortable,joy,0.9164475202560425,2023-04
Spain,Double Room,Couple,2,2023,5,1.0,"I would never come back I just liked breakfast that I consider it eighty The rooms are bad. The one they assigned to me had moisture on the walls, the bathrooms of the bathroom totally in sight, mold the bathtub, constant noise of an extractor, a balcony to a step of a dirty roof, the plugs did not work and a smell of ventilation cup. Request change and granted it to me. The second room only improves in moisture, pipes and views that were for the street",disgust,0.950876772403717,2023-05
Spain,Single Room,Solo traveller,1,2023,5,4.0,Much work to do at the hotel No highlights mentioned. Status and smell of the room,disgust,0.9180415272712708,2023-05
Brazil,Single Room,Solo traveller,5,2023,5,10.0,"Perfect All perfect, the employees are great already indicating to all friends. No issues mentioned.",neutral,0.8205320835113525,2023-05
Spain,Double Room,Couple,1,2023,5,3.0,"uncomfortable room They were friendly I had to ask for twice to give me towels. Moisture in the bathroom and mattress in poor condition. He did not sleep in bed and heat. In addition, the air conditioning did not work.",disgust,0.683030903339386,2023-05
Portugal,Double Room,Family,1,2023,4,1.0,"Bad experience Nothing A non -friendly reception employee, it seemed like it was on an terrace. Fourth arrival without doors on windows and spoiled injust. Nothing was done to solve the problem, at the time of Chek In at 1 am ...",disgust,0.4343511760234833,2023-04
Italy,Twin Room,Family,6,2023,4,1.0,"Bad The worst place I was already, should be called Hotel Mofo !!!!
Since reception already smells unbearable !!!
Unfortunately I could not undo the reservation because I had already paid and could not cancel! 
Anyway Pessimo! Booking should not propose such a thing
I'm feeling injured!
 So much mold that I stayed with rhinitis!
For only 30 Eurod you get in a decent place.
Horrible breakfast if you like egg gemaden
And ki juice is in the right place!

!",fear,0.5623520016670227,2023-04
Portugal,Single Room,Solo traveller,1,2023,4,1.0,Terrible. This hotel is unable to be in operation You are welcome All,fear,0.917698323726654,2023-04
Portugal,Single Room,Solo traveller,1,2023,4,1.0,Nightmare Nothing The air conditioner was turned on and could not turn off. The employee said they were waiting for maintenance and could do nothing. The fucking fagot. Bad smoothness. Missed the coffee to repeat. Very bad.,sadness,0.23717056214809418,2023-04
Portugal,Single Room,Family,2,2023,4,10.0,Exceptional No highlights mentioned. Permanent noise abroad,neutral,0.6442773938179016,2023-04
United Kingdom,Twin Room,Couple,7,2023,4,3.0,Disappointed Two foncionaries Cleaning without television and without air conditioning,sadness,0.9724966287612915,2023-04
Portugal,Double Room,Family,1,2023,4,1.0,"bad nothing First there was the situation of the room is without the control of the air conditioner, we had to relocate ourselves in another, according to the room where we stayed the lamp was burned, the bathroom was all mold the ceiling, broken shower and cleaning in the bathroom was not there those things because even used soap had there.",disgust,0.8149046301841736,2023-04
Portugal,Double Room,Couple,1,2023,4,1.0,"Horrible The Floor Lunch I didn't like having to pay the room again (I paid twice 45 €) at check-in. I did not like the cleaning of the bathroom and the bedroom, a lot of moisture and the mattress had no quality.",fear,0.60292649269104,2023-04
Portugal,Twin Room,Family,2,2023,4,1.0,Misleading Nothing All. Cold. Too noise. My 8 -year -old daughter had been years ago. We spent cold at night. There was nothing of the descriptive of? Accommodation.,fear,0.5873907208442688,2023-04
Spain,Double Room,Couple,2,2023,4,3.0,"Old hotel, broken and little clean things nothing all",sadness,0.8252483010292053,2023-04
Portugal,Double Room,Couple,1,2023,4,4.0,"The quality / price seemed reasonable but some details could have been resolved easily Price and location are good. The employees were friendly enough and the breakfast was reasonable. The facilities are degraded, there was no television working when this information is explicit on the site, there was a noise throughout the night that is uncomfortable, the sheets were faces and with blemishes and there was no dryer to dry the hair.

The quality / price seemed reasonable but some details were unnecessarily bad: lack of television, noise at night, sheets and beds with little inviting air and a dryer. These are all problems that can be solved easily.

It is important to note that at the reception there was an indication of an evaluation of 8.0 that is obviously false and should be the subject of inspection.",disgust,0.7933083772659302,2023-04
Portugal,Single Room,Solo traveller,1,2023,4,4.0,Disappointing service broken shower and smell of cigarette,sadness,0.93617844581604,2023-04
Portugal,Twin Room,Group,2,2023,4,1.0,Bad Location for being close to the colleges. Zone with restaurants. Unbearable smell. BOLOR on the ceiling. Destroyed doors. Noises all night. Cold. Dirty sheets and blankets.,disgust,0.9314462542533875,2023-04
Portugal,Single Room,Solo traveller,4,2023,3,2.0,"Dirty, old, needing an urgent renewal. No highlights mentioned. Dirty, old, needing an urgent renewal.",disgust,0.8512023687362671,2023-03
Spain,Twin Room,Couple,1,2023,4,4.0,"Disappointing There were beds in the room Old beds
Old bathroom",sadness,0.8365840315818787,2023-04
Portugal,Twin Room,Family,1,2023,4,2.0,"The worst hotel where I have already had Clean bedding and yougurte cake to breakfast Nonexistent parking, noise, I still come from the bedrooms that go to the bedrooms it seems that I was sleeping next to an engine, room 203 with television without canals, dirt with dirty, starting outstand, intensely smelling bath towels, excessive moisture and outdoor moisture and census ceiling in asbestos.",disgust,0.977514386177063,2023-04
Brazil,Twin Room,Solo traveller,3,2023,4,1.0,"Do not stay in room 204, unless it is deaf or immune to constant noises (24 hours a day). Simple but satisfactory accommodation according to the price. Fourth 204, which I was assigned, had a constant engine noise on the slab or something to leave anyone crazy. It looked like an exhaustion of the bathroom because inside the bathroom the noise was even larger and to complete the warped door did not close. At night, to listen to the TV had to increase the volume a lot if it wasn't even possible to hear. I managed to sleep only one night because it was exhausted. The next day I checked. However, the hotel seemed to be full because they could not transfer me in a room. In the other rooms maybe the noise was smaller and bearable.",neutral,0.5328572988510132,2023-04
Portugal,Single Room,Solo traveller,1,2023,4,9.0,Superb The location is very good like the facilities. No issues mentioned.,joy,0.8063502907752991,2023-04
Spain,Double Room,Family,3,2023,4,3.0,"Poor A hotel where with tourists from there you can do more for the facilities The dirty hotel, stained ceilings, did not appear the air conditioning, breakfast was over very fast and when you asked for the man who cleaned the hotel without washing his hands manipulated the food in addition to bad desire.",disgust,0.9382154941558838,2023-04
Spain,Twin Room,Family,3,2023,4,10.0,"Exceptional Very good people, super friendly and everything very well. In principle we wanted the hotel to sleep alone and well, for me it was perfect. It is very close to the trains towards the center and the location is perfect. No issues mentioned.",joy,0.7486788630485535,2023-04
Turkey,Double Room,Group,1,2023,4,3.0,Poor The location is nice. Breakfast was nice. There was one socket connection to charge the phone. The other was faulty. The bathroom's door wasn't closing. It was still not bad for the price.,joy,0.41874411702156067,2023-04
Chile,Single Room,Group,3,2023,4,1.0,"Hotel in bad conditions I didn't like everything in poor condition.
Bad shower, bad doors, nothing in conditions The hotel is a disaster, all in bad conditions, bad doors, bad windows, dirty shower and in bad conditions ... lousy",disgust,0.9157869219779968,2023-04
Spain,Single Room,Group,3,2023,4,4.0,"Disappointing No highlights mentioned. A fan noise entered the room all night, all the noises of the hall was heard (when someone shook too), the TV was from the last century and with very few channels, there were damage in the rooms, the keys and locks looked like the 90s, breakfast was not included ... and the location was super far from the center, you have to move yes or yes by taxi or bus walk 7/8km ... yes, very friendly staff. The rest, disappointing.",sadness,0.5779876112937927,2023-04
Spain,Double Room,Family,2,2023,4,3.0,"Pesima Nothing. To begin with, he has neither elevator, the poor rooms of light, the bad attention, there was a leak of water in the
bathroom and did not attend it and did not change the room, the poor facilities.",disgust,0.8155199885368347,2023-04
Portugal,Double Room,Family,2,2023,3,3.0,"Poor Location TV does not work, the controls had no batteries",sadness,0.9093062281608582,2023-03
Brazil,Twin Room,Couple,6,2023,4,3.0,"Poor Location. Metro, bus all close. Restaurants, bakeries Ladder and bedroom with mold. Old building with brushstrokes to disguise",disgust,0.795576274394989,2023-04
Spain,Twin Room,Group,5,2023,4,10.0,The pillow The breakfast included The pillow was very very soft. I hardly had filling.,neutral,0.5570486187934875,2023-04
Portugal,Double Room,Couple,2,2023,3,4.0,"A ceiling to sleep on vacation. The sympathy of employees. cleaning and basic comfort. There was dust, rust, mold and malfunctioning equipment.",disgust,0.9622008800506592,2023-03
Portugal,Double Room,Group,1,2023,3,4.0,"many problems No highlights mentioned. Hotel with many problems, lack of works.",sadness,0.9157159924507141,2023-03
Portugal,Single Room,Solo traveller,4,2023,4,8.0,"Very good In general, I liked the hotel, great to spend a few days, very close to the metro station and several restaurants.
In the price ratio price I was extremely satisfied. The blind was not opened, which made light difficult in the room during the day",joy,0.9468299746513367,2023-04
Germany,Twin Room,Family,2,2023,4,1.0,"Bad Tasty breakfast, good location Dirty, the mushroom on the ceiling and the nest did not work",sadness,0.8591066598892212,2023-04
Portugal,Double Room,Family,1,2023,4,1.0,"Never to return I hated everything, not even the breakfast could take with the terrible impression we stayed.
For never again!
I don't even know how the Booking platform allows you to have the ad. Atribuíram um quarto com cobertas cheias de nódoas amarelas, paredes negras, etc quando solicitado a mudança de quarto um empregado muito simpático ainda tentou alojar-nos num quarto melhor mas logo veio o dono recusar aquele quarto pois já estava reservado para uns espanhóis. Shameful, the accommodation can be very simple but the lack of cleaning and a clean bed to sleep was the height. 
While checking on was a gentleman who should make arrangements in the place to speak very loudly and fed up with bad words. 
The worst place where I have been, never to return.
Worthy of an inspection!",disgust,0.8449411392211914,2023-04
France,Single Room,Solo traveller,1,2023,4,3.0,"Poor No highlights mentioned. Absence of towels in the room, TV without remote control, noise, in short, negative experience.",disgust,0.705273449420929,2023-04
Portugal,Double Room,Couple,2,2023,3,3.0,"could have run better air It was a short lived with breakfast, the breakfast time was from 7am until 10am and it was 9:30 am and there was almost nothing to eat. Our room was over a generator so it was always deck…",neutral,0.6432273983955383,2023-03
Brazil,Twin Room,Group,1,2023,3,8.0,Friendly employees. Easy access to the subway. I liked the price. Cold in the bedroom,joy,0.7871761322021484,2023-03
Portugal,Double Room,Couple,2,2023,3,4.0,"Disappointing Breakfast Very old and molded room, for unaccustomed people is difficult to breathe",sadness,0.9146542549133301,2023-03
Portugal,Single Room,Solo traveller,4,2023,3,10.0,Exceptional I have nothing to point No issues mentioned.,neutral,0.6748693585395813,2023-03
Portugal,Single Room,Solo traveller,1,2023,3,10.0,Exceptional Recep No issues mentioned.,neutral,0.739250898361206,2023-03
France,Single Room,Solo traveller,5,2023,3,1.0,"appalling Nothing It is a hotel does not even deserve half a star 
It’s really distressing",disgust,0.8455432057380676,2023-03
Portugal,Double Room,Couple,1,2023,3,10.0,"Experience to repeat. I loved. It was the second time I went and everything was in perfect condition, clean and once again breakfast was varied and fresh. I liked everything",joy,0.9340490102767944,2023-03
Spain,Double Room,Family,1,2023,3,3.0,"Poor No highlights mentioned. The room full of moisture, the bed only with protector without lower and dirty with hair and burned blanket ...",sadness,0.7611896395683289,2023-03
Portugal,Double Room,Group,1,2023,3,3.0,"Poor I was wrong in the marking and the hotel was available to make the change Our room had no towels, just a feet rug.
Once we were at a meeting at work we arrived late. The employee was a little slow at check-in, especially to pass invoice.",sadness,0.3667239546775818,2023-03
Spain,Double Room,Family,2,2023,3,1.0,"Horrible The truth was very disappointed, the photos you have here must be 20 years old. The dirty room, full of dust, did not work heating, broken towels, etc. I didn't like anything. The buffet with 3 -day bread and the bathroom setter is no longer manufactured. A shame.",disgust,0.8776868581771851,2023-03
Spain,Double Room,Couple,1,2023,3,4.0,"My experience That breakfast was included and that was overwhelming and well, the attentive and friendly staff. It was very far from the center of Porto, the first room had broken the blind and entered cold, they changed us to another room and the TV did not work, it has no elevator we had to climb the suitcases by stairs. In quality price relationship it seemed expensive to me.",surprise,0.6502699851989746,2023-03
Brazil,Single Room,Solo traveller,4,2023,2,4.0,Disappointing Like the people who work at the hotel I was well attended. Lack of hot shower and other things,sadness,0.9555988311767578,2023-02
Portugal,Double Room,Group,2,2023,3,1.0,"I found an authentic shame, we were not badly received but when I booked the hotel with a friend, I booked because The only positive thing I found was the fact that the hot water in the shower came fast The bathtub has dirty in the corners of the bathtub, and has no door, that is, wet the whole floor. The clothes are super thin in the meaningless bed since it is winter and we are in Porto. The window was broken, the bed is not the most comfortable.",disgust,0.8260754942893982,2023-03
Spain,Double Room,Family,3,2023,2,1.0,The House of Terror Go Everything ... The television and air controls are missing ... The bulbs are missing ... oxidized taps ... moisture in the bathroom ... dirt below the bed .... medium broken bolt ... breakfast is not the same as the photos.,sadness,0.3179203271865845,2023-02
Chile,Single Room,Solo traveller,3,2023,2,2.0,"A very bad hotel Nothing I had a strong smell of chlorine when I entered, the bathroom was bad, the bed was without phrase and although there is air conditioning, they do not facilitate the remote control to occupy it, so it is very cold. The bathroom tub is small, the doors are old and sound and is badly soundless, you have to leave the keys to do toilet (which do not warn), and it shows that the staff does not like to work there ..",disgust,0.9440265893936157,2023-02
Spain,Double Room,Family,1,2023,2,1.0,"Bad No highlights mentioned. Breakfast is not consistent with the price, he left much to be desired",disgust,0.562022864818573,2023-02
Portugal,Double Room,Couple,2,2023,2,1.0,It looks like a prison. nothing all,disgust,0.36456072330474854,2023-02
Spain,Double Room,Family,1,2023,2,1.0,"Bad Nothing The Fatal Super Antigua Hotel 
Breakfast only bread when we went down to breakfast there was nothing 
We ordered water to buy and there was no
I didn't command either",sadness,0.6067559719085693,2023-02
Portugal,Double Room,Couple,1,2022,12,3.0,No highlights mentioned. No issues mentioned.,neutral,0.8930596709251404,2022-12
Portugal,Twin Room,Couple,3,2023,2,1.0,"I prefer to sleep in the car. Only employee education. All. The bathroom smells bad and the ventilation duct makes so much noise that it looked like a washing machine inside the room. Not to mention that breakfast is really small, about a bread per person 😂😂😂.",disgust,0.9527207612991333,2023-02
Portugal,Double Room,Couple,1,2023,2,1.0,"Terrible and I don't even recommend it to my worst enemy. I didn't like anything. All. Poor service, incompetent and handy and disrespectful employees. They said badly the breakfast time and when we arrived there was nothing to eat anymore. The room had little conditions and the bathroom was in poor condition.",disgust,0.7454524040222168,2023-02
Argentina,Double Room,Couple,2,2023,2,2.0,"I would have preferred to pay a little more, for another option. Attention and location. 
Breakfast. The shower did not stay still, impossible to bathe.
The room had tobacco smell.
The WC left its place.",disgust,0.9545236825942993,2023-02
Portugal,Double Room,Family,1,2023,2,1.0,Bad To leave Of the end,sadness,0.4868815541267395,2023-02
Belarus,Double Room,Family,1,2023,2,3.0,"Poor Nothing There was no hot water. In the evening it was warm, in the morning it was not at all. The cost was so -so. A lot of rolls, cheese, ham, cocoa, coffee, tea. There is no hairdryer in the room, but I asked the administrator, they gave a hair dryer.",sadness,0.6058375239372253,2023-02
France,Single Room,Solo traveller,3,2023,2,8.0,Very good No highlights mentioned. He missed hot water for 2 days ... in winter it's complicated,neutral,0.5383228063583374,2023-02
Portugal,Single Room,Solo traveller,1,2023,2,1.0,"Bad Location near the place where I would have to move to work. Unlike the information registered on the platform, the hotel offers no minimum basic services: the room had no air conditioning system, nor hot water for baths. Cleaning is poor and unprofessional service. The paper complaints book was requested, which was not made available. The receptionist could not find him. Unfortunate (and infringing what the Portuguese law provides).",sadness,0.6109184622764587,2023-02
Brazil,Single Room,Solo traveller,1,2023,2,1.0,"Bad experience! I do not recommend price. However, it did not compensate for paying less. There was no hot water in the hotel !!! The bathroom duch support was broken. Impossible to bathe in this hotel!",disgust,0.436384916305542,2023-02
Portugal,Double Room,Family,1,2023,1,4.0,"Disappointing Location The air conditioner did not work, the lamps of the lamps were cast, at night I heard all the intimate noise of the next room.",fear,0.40443113446235657,2023-01
Spain,Double Room,Family,1,2023,1,1.0,Bad I was able to cancel at the hotel the night because the room was not right. The state of the room,sadness,0.9434584379196167,2023-01
Spain,Double Room,Family,3,2023,1,2.0,A disaster That was close to the subway How dirty the bathroom and room was,disgust,0.956631064414978,2023-01
Spain,Twin Room,Group,1,2022,12,1.0,"Fatality, the worst accommodation I have been able to be. no disastrous cleaning Bad smell. We had to ask for reimbursement.",disgust,0.9286195635795593,2022-12
Spain,Twin Room,Couple,4,2022,11,8.0,Very good! Excellent treatment very professional! 5 minutes from the subway Maybe the facilities are not the new ones but it is very good,joy,0.9543759822845459,2022-11
Spain,Double Room,Family,1,2022,12,2.0,"A site to never return No highlights mentioned. It was cold in the room, the room with the cradle became small, the room of the room did not close well so the air entered, the cleaning left much to be desired, the disastrous breakfast and if it were not because it is paid before seeing these conditions we torn ourselves",sadness,0.4370039403438568,2022-12
Portugal,Double Room,Couple,1,2022,12,1.0,"Shameful Nothing Without air conditioning and the photos did not correspond to reality. Went to check in and then go down to ask for the return of the money. Amazing how you can advertise so misleading. We saw a group of people who had arrived before us and who were in the bedroom next to the skewed look around, initially we didn't understand, then when we came back we saw the same group asking for the return of the money they had paid for the stay and leaving.",disgust,0.9045119881629944,2022-12
Portugal,Twin Room,Solo traveller,2,2022,11,2.0,"Bad No highlights mentioned. The room had mold on the ceiling, I was disgusted with the bathroom, I was unable to bathe, the bed had hair, I didn't have the courage to face the pillow I had to put a nightgown over, the staff were strange, one looked drugged and laughed if it was in another world already with an age was talking to a ""friend"" at the reception to say blunders. Breakfast was terrible, there was no bread, cheese, ham, nothing ... it's a misery. 
Not to mention that the bathroom had a lamp because there was no light.",disgust,0.9829924702644348,2022-11
Spain,Double Room,Couple,2,2022,12,2.0,"I would look for another option for € 20 safer that you find something better It is located near the Metro station that connects with the center of Porto, options to eat nearby and you can leave the car out of the White Hotel Very deteriorated facilities, the bathroom was not neat, it had a dropper and moisture, very dirty in general very old and old everything",disgust,0.9292952418327332,2022-12
Portugal,Double Room,Family,1,2022,12,3.0,"Poor No highlights mentioned. Terrible room, noise",fear,0.6976193785667419,2022-12
Portugal,Twin Room,Couple,1,2022,12,1.0,"poor I don't feel good When we first checked in, our front desk was very friendly. After checking in, the room was very cold but the air conditioning was broken. We went to the front desk to negotiate if we could change rooms, but after changing someone at the front desk, we were very unfriendly. He didn't even check if there were any available rooms, and told us that the rooms were full. We were frozen all night without any accident. The interior facilities of the room are very old and the roof has cracked and painted, which is completely inconsistent with the picture. The room is not soundproofed! There were other people's hair on the bed, and the quilt was yellow when it was lifted. I had to wonder if I had changed the bed cover. This is the worst hotel I've ever booked on booking, it's not a hotel at all!",anger,0.5703720450401306,2022-12
Brazil,Twin Room,Family,18,2022,9,10.0,"Left a lot I was with my uncle, an 83 -year -old man for 20 days at the Portinari Hotel. During this time, we went for a walk and visit relatives in the morning, we came back in the afternoon. The hotel staff always requested, guided us how to get to the main sights. We love this stay at Portinari, it was all wonderful… from the cleanliness, education and kindness of all and especially breakfast, always perfect, the best coffee in Portugal !!! We left a very tight hug to all the employees and thank you all for the affection with which we were received and treated. From ter that say goodbye to everyone.",joy,0.8908504843711853,2022-09
Spain,Twin Room,Family,2,2022,10,8.0,"Very good The best good communication with all kinds of transport, the kindness of staff and breakfast. Comfortable beds and the docks a little old but everything was perfect. A great couple getaway. No issues mentioned.",joy,0.8292121887207031,2022-10
Portugal,Double Room,Couple,2,2022,11,4.0,"horrible. I didn't have a good ""hotel"" experience, soon there is nothing I liked in it. Unfortunately I didn't like anything, there was everything that happens in the broker is even in the rooms there is a great transparency, there is no conditions, bathrooms with mold, the bed, corners of the bedroom dirty in the winter had summer sheets, super thin quilt, marades of poorly educated cleaning, windows and blinds of the room, mirror of the broken bathroom, never back there.",disgust,0.7393893599510193,2022-11
Finland,Single Room,Group,4,2022,11,4.0,"2 star hotel, not wonderful location was close to the school we visited The beds were quite hard and the rooms were old. The air conditioning worked poorly and there were not many options for breakfast",sadness,0.695762038230896,2022-11
Portugal,Double Room,Family,4,2022,11,3.0,"If it weren't for the unbearable deck of ventilation in the rooms. There was no shortage of hot water, there were towels, the feedback was not bad at all. Asbestos tile next to the window. A lot of noise in the rooms due to the ventilation of the cabin. Badly clean breakfast zone. Doors close badly. Pipering Sanita makes a lot of noise. Shower curtain with bulir. Few sockets in the room",disgust,0.8828035593032837,2022-11
Portugal,Double Room,Family,1,2022,10,4.0,"Disappointing No highlights mentioned. Disappointing breakfast, there was no fruit and the bad coffee strained",sadness,0.9245449304580688,2022-10
Portugal,Twin Room,Group,2,2022,10,1.0,horrible bad location Poor conditions infiltrations on the ceiling dripping the sheets had yellow apples and by not seemed to have exchanged and cutlery used in the room the bathroom had a horrible smell and the service seemed that it had consumed some genre of substance because what they said were meaningless,disgust,0.6563260555267334,2022-10
France,Double Room,Couple,3,2022,10,4.0,Hotel to avoid preferably No highlights mentioned. Room on the second floor VMC above the chamber ventilation noise all night.,fear,0.5975407361984253,2022-10
United Kingdom,Double Room,Family,1,2022,10,2.0,Very poor No highlights mentioned. There was no bread for breakfast ...... Little information came ....,sadness,0.42791256308555603,2022-10
Portugal,Double Room,Couple,2,2022,10,9.0,Superb bom absence of elevator,surprise,0.5807821154594421,2022-10
Portugal,Double Room,Couple,2,2022,10,4.0,"Better than on the street No highlights mentioned. Little welcoming employees 
Bathtub with pubic hair 
weak breakfast, does not pay money",joy,0.4330914616584778,2022-10
Portugal,Double Room,Couple,1,2022,10,4.2,"Disappointing No highlights mentioned. Unfortunately, the hotel's stay did not materialize ... On the day of Check In, in full receipt, we were informed that our reserve had been transferred to the Hotel Quasar about 1.5 km there on the grounds of exhaustion of reserves. Transfer this allegedly carried by Booking. 
I came to know that after all Booking does not deal with this kind of situations, as it already suspected, because it had not been notified and that when these situations, management is done by the hotel itself. Proven by this evaluation request. 
This time, I do not intend to be a client/guest of that establishment for their lack of ethics to me and the person who accompanied me! 
Without anything else to add ...",sadness,0.6105200052261353,2022-10
France,Double Room,Group,2,2022,10,4.0,Disappointing No highlights mentioned. Bathroom. Television,sadness,0.6479436755180359,2022-10
Morocco,Twin Room,Group,1,2022,10,10.0,Exceptional Very correct value for money Nothing,neutral,0.597205400466919,2022-10
Brazil,Double Room,Couple,2,2022,10,4.0,"must have another better for this price shower There is no parking lot 
bathroom door didn't close
Balcony door did not locate 
Breakfast employee in a bad mood",sadness,0.8415591716766357,2022-10
Brazil,Double Room,Couple,1,2022,10,1.0,"The worst hosting of my life so far. There is nothing to comment positive. Here I allow myself to break protocol, instead of exposing facts that anchor my opinion, just illustrate feeling.
Looking at life with a chest of memories of vivid feelings and experiences, I will keep our accommodation in my chest. May God grant me the privilege of living at least up to 80 years and lucidity of recovering the experience of the container.
I had no high expectation, as I just stayed overnight with my husband ... however, the hotel overcame all my expectations and accommodation experiences.
I'm Lucilene, I'm 40 years old, I remember relatively accurately from my travels and lodging since my childhood and I can say accurately: this was the worst accommodation experience I've lived so far. From checkin to bedroom and bathroom, breakfast service.
And if this warning was not enough for you, then this experience needs to be in your chest too.",disgust,0.46776050329208374,2022-10
Portugal,Twin Room,Family,2,2022,10,3.0,"Poor We don't like anything. Small rooms, bad care and without maintenance. Falling paint from ceilings and walls. TV 18th TV 18. Employees little or nothing friendly and available. Lack of face and shampoo towels and bath gel. The Peq. Sunday lunch was a chaos. At the time of the beginning 7.30 of the same there was nothing. Neither milk nor hot coffee. It was heated in the microwave. 
No ham or cheese or simple butter. He was beginning to do after 7.50 and with an unusual dysplicence. The bread was taken with the hands without using a glove or tweezers for the respective receivers. I am mistaken with advertising made to this hotel. I know hotels for animals with much more quality. This space should be removed from Booking. And more I feel the right to be recended from the money I paid because I feel wrong. From here I go to Asae to express my discontent. Hotel bad and bad bad bad.p",disgust,0.4593369960784912,2022-10
Turkey,Double Room,Family,5,2022,10,1.0,Bad No highlights mentioned. Hotel track and possibilities were limited. There was a cocek and we're itching everywhere.,sadness,0.333895206451416,2022-10
Brazil,Double Room,Couple,2,2022,10,4.0,Disappointing Only location and great employee service horrible,fear,0.459574818611145,2022-10
Brazil,Twin Room,Solo traveller,5,2022,9,10.0,"Exceptional Location, breakfast and service. No criticism.",neutral,0.6312186121940613,2022-09
Lithuania,Double Room,Family,1,2022,10,4.0,"Disappointing Near the subway Old hotel, unpleasant odor, does not fully match the photo Booking, poor pillows and bed",sadness,0.8620732426643372,2022-10
France,Twin Room,Family,1,2022,10,8.0,"Very good Correct value for money Far from the center, you need the car",neutral,0.842815637588501,2022-10
Belgium,Single Room,Group,3,2022,10,3.0,"A hotel that had its best time ... The location on the Terminus van Metrolijn D, so you quickly got into the center of the city. 24-hour service at the desk was pretty good, the best official of the whole hotel was that night watchman. The breakfast was very skinny. Only on the third morning, when the night watchman also did breakfast it was good. The first day of our stay there was no fruit juice or water. The second day there was one carafe, but the owner did not fill it when she was empty. We drank fruit juice from our coffee bag due to lack of glasses. The fresh fruit was partly rotten, partly relieved. The first two days, when the owner did breakfast, he had no eye for his guests. The room was not free on arrival. We were allowed to wait and were offered a beer, but since none of us do not drink alcohol, the owner of the hotel clearly demonstrated his mispring on our beer. The bathroom in one of the rooms was lubrication, the other was dirty. When we came back to the room in the evening on day two, there was a half -filled garbage bag that the clean team had forgotten.",neutral,0.744411051273346,2022-10
Portugal,Double Room,Couple,2,2022,10,1.0,"Uncomfortable situation I liked the location. Lack of hygiene, the ""bathtub"" about the floor was very high, the shower support was about 1.50m high, which did not give a person under the shower without hitting his head on his own, the shower support did not hold the shower in conditions and fall, the bathroom smell of sewage, both the toilet and the bathroom were clogged with feces Sanita, the room has no sound insulation, there was a lot of people from the next rooms as well as the people of the bedrooms on top and the hallway, when we arrived on the first day and we entered the room we went to check the sheets with a black light we always have, in which the downstairs and a pillowcase were offended and were offended by ordering other sheets and pillowcases and caught the situation.",disgust,0.9706459045410156,2022-10
Brazil,Double Room,Couple,1,2022,10,8.0,"Cost benefit ok Good cost benefit for one night, spacious and comfortable room. There was no elevator, we arrived later for breakfast (9:30) and had nothing more to eat.",neutral,0.6659807562828064,2022-10
Spain,Double Room,Couple,1,2022,10,4.0,In Fu No highlights mentioned. A lot of noise,neutral,0.7225233316421509,2022-10
Portugal,Double Room,Couple,1,2022,10,3.0,"Property without conservation No highlights mentioned. The bathroom is very old and the discharges and showers of the other fit make a big noise when they are being used which is impossible to sleep.
Tap sink that does not close and clogged bath.",disgust,0.42472249269485474,2022-10
Portugal,Double Room,Solo traveller,2,2022,9,4.0,Apart from the noise is Corret Correct breakfast and very nice staff. Noise from the street and a ventilation engine or other turning point overnight. A little old bathroom.,neutral,0.7350677251815796,2022-09
Portugal,Double Room,Couple,1,2022,9,1.0,"Uncovered Nothing Lack of hygiene, continuous night noise, damaged air conditioning, TV does not work, lack of isolation. Inadmissible the attribution of a hotel category to a degraded building. It is unfortunate that Booking announces and recommends this mirror. Update your description and read the numerous negative comments from other customers. Cordially",disgust,0.4683789014816284,2022-09
Portugal,Single Room,Solo traveller,1,2022,7,10.0,Excellent Excellent breakfast. No issues mentioned.,joy,0.5698674321174622,2022-07
Netherlands,Double Room,Couple,3,2022,9,8.0,Very good Good service and nice people. The breakfast was good and varied. The hotel is not close to the city and a tourist part but you can take the metro that is close by and is very good to do Parking is difficult. The bedrooms are outdated and are ready for a makeover but was clean and I think that is important.,joy,0.5555064678192139,2022-09
Germany,Double Room,Couple,3,2022,9,2.0,"Never again... For me, the staff was the only positive ... they were really very friendly and tried to eliminate defects. The entire accommodation is urgently in need of renovation from the grubby color on the walls, to the equipment, which is certainly older than my grandma. The whole room had an unpleasant smell that did not disappear despite ventilation. There was only 1 socket throughout the room. The tap drips in the bathtub and leaves not identifiable traces. The toilet lid was loose on the toilet. When asked, they tried to fix this immediately, unfortunately with little success. 
Since I could no longer have endured the condition, we were looking for new accommodation after the 1st night. 
I didn't expect luxury for the price, but that's not even worth the cheapest price that you have to pay ...",disgust,0.9743499159812927,2022-09
Portugal,Double Room,Family,1,2022,9,9.0,"Superb I have nothing to complain about Good service,. The excellent stay, all very clean and organized, I really liked it and I intend to come back more often",joy,0.9514982104301453,2022-09
Chile,Double Room,Family,2,2022,9,9.0,Superb Staff treatment The bath was somewhat damaged,disgust,0.5124996900558472,2022-09
Peru,Double Room,Couple,1,2022,6,4.0,"It was not the most pleasant. The price is not expensive. He was not clean, and he who attended seemed thin.",disgust,0.8933249711990356,2022-06
Brazil,Double Room,Couple,2,2022,9,9.0,"Excellent cost benefit Good location for those who do not care about a bus, is close to several lines. There are good restaurants nearby, as well as a walking/running park and a nearby gym. Breakfast included was good. It's an old hotel, it's not in the city's historic ruler - but it's not the proposal.",neutral,0.7096249461174011,2022-09
France,Single Room,Solo traveller,2,2022,9,8.0,Very good Reception No issues mentioned.,neutral,0.5576069951057434,2022-09
Brazil,Single Room,Solo traveller,7,2022,8,8.0,A good place to stay The location was very good for my purpose. A fridge is missing in the room to proder keep your water fresh and other foods you want to keep.,neutral,0.37682992219924927,2022-08
Spain,Double Room,Couple,2,2022,8,4.0,"Disappointing The attentive staff, the room very clean The hotel needs maintenance",sadness,0.798090934753418,2022-08
Spain,Twin Room,Family,1,2022,8,9.0,Superb All in general Nothing,joy,0.7090594172477722,2022-08
Brazil,Twin Room,Family,8,2022,8,10.0,Great experience Extremely helpful employees and very well organized place. I believe it could have a better variation in breakfast.,joy,0.5411607623100281,2022-08
Spain,Twin Room,Group,5,2022,8,8.0,"Very good Those who worked there were very nice, super lovely The location was far from the center",joy,0.9556969404220581,2022-08
Spain,Double Room,Couple,1,2022,8,4.0,Disappointing staff and location The bed was nothing comfortable and the bathroom quite outdated,sadness,0.8897596597671509,2022-08
Spain,Twin Room,Family,7,2022,8,8.0,Very good Cleaning No issues mentioned.,neutral,0.5565104484558105,2022-08
Spain,Twin Room,Couple,2,2022,8,1.0,"Horrible Nothing was disgusting Everything was quite dirty and horrible, the bathroom did not even
They dignified to clean it, they don't look anything like the 
photos that put in booking, dirty towels, 
The sheets too, there was dust and mold everywhere
TV was from the year before Christ and the light left us
to go to the second day, not to mention the air conditioning 
That was not going.
Super shabby breakfast 
There were four stale things and on top with mosquitoes.
The staff only deigned to speak in Portuguese 
(Not even in English) and nothing was understood.
A why hotel with all the letters. We will not return.",disgust,0.9684602618217468,2022-08
United Kingdom,Twin Room,Family,1,2022,8,3.0,Poor Location The room was dirty the dirty bathroom full of rust and was also clogged,disgust,0.7587799429893494,2022-08
Brazil,Twin Room,Family,4,2022,8,10.0,Exceptional I liked everything. No issues mentioned.,neutral,0.5296648740768433,2022-08
Portugal,Double Room,Couple,1,2022,8,2.0,"It was not a pleasant experience for a 2* Hotel deserved greater care Reasonable breakfast, accessible service and air conditioning much sound that did not let sleep, lack of parking lot",sadness,0.8957727551460266,2022-08
Spain,Twin Room,Family,3,2022,8,1.0,"I would not come back ... The parking without paying in front of the hotel and that area is very close to the metro line. Missing elevator, needs a reform at all levels because everything was heard in the rooms and the showers were full of oxide. The beds are not comfortable and have a very loose breakfast.",disgust,0.3575519025325775,2022-08
Brazil,Twin Room,Group,7,2022,8,10.0,"Excellent service. The hotel is good, the breakfast is very good, but what we liked most, especially, was the excellent service of employees, especially Ingredi, Josiane and Elves (maybe I wrote the wrong names), are to be congratulated, very dear. No issues mentioned.",joy,0.6957335472106934,2022-08
Spain,Double Room,Couple,2,2022,8,9.0,"Superb No highlights mentioned. The toilet lid was very old, that is a bit oxidized.",neutral,0.5740196704864502,2022-08
Portugal,Double Room,Couple,1,2022,8,2.0,"very weak The breakfast Very bad conditions! 
For the very weak price !!",disgust,0.5077095031738281,2022-08
United States,Double Room,Family,1,2022,8,2.0,"Hotel not to return No highlights mentioned. Very old hotel needs renovation. Towels with little hygiene (dirty and hair), the ceiling of the bathroom peeling, ac ponged all night and upon arrival had already put a towel on the floor, without acoustic isolation (heard everything from the bedroom next and reception), television with “rain” image, little light for access to the rooms.",disgust,0.7935705184936523,2022-08
Portugal,Twin Room,Solo traveller,1,2022,8,1.0,Bad The TV couldn't see anything. And the spoiled command When I rented the room in the photos it was not this room. Where I stayed.,sadness,0.48996874690055847,2022-08
Spain,Twin Room,Family,2,2022,7,1.0,"I would not come back No highlights mentioned. I didn't like anything. Dirty savannas, there were no pillows, the TV nor speak and the mattress and the old clothes.",disgust,0.8895714282989502,2022-07
Spain,Double Room,Family,2,2022,7,1.0,Catastrophe I did not like anything dirty bad treatment of customers old rooms and the air conditioning does not work in the room towards 9 degrees as in the north pole and they do not solve it to you neither the hotel nor Booking Everything would never come back,sadness,0.34120020270347595,2022-07
France,Twin Room,Family,2,2022,6,8.0,Very good No highlights mentioned. .... need to be renovated,neutral,0.6146065592765808,2022-06
Spain,Double Room,Family,2,2022,7,8.0,Very good Very rich full breakfast and very friendly girls. Comfortable bed The bathroom,joy,0.8944321274757385,2022-07
Portugal,Double Room,Group,2,2022,7,1.0,"very bad, worst hotel ever Nothing, bad hotel unable to receive people Everything but employees K were friendly who is not to blame for the organization and the Keeping Conditions",disgust,0.7784705758094788,2022-07
Spain,Double Room,Couple,3,2022,7,1.0,"Horrible Nothing They did not find our room and gave us another, sheets full of blood, dust in the chairs, on the floor, in the bathroom setter, the bathtub full of oxide, the dirty shower curtains, the bathroom lamp did not work well, super dark, the switches do not compute and if you turn off the bed then you can not turn on the door, broken lamps, broken towel, broken ground.",disgust,0.6150718927383423,2022-07
Spain,Single Room,Solo traveller,1,2022,7,10.0,kindness comfort and attention No issues mentioned.,neutral,0.7444600462913513,2022-07
Portugal,Double Room,Family,1,2022,7,1.0,"Bad Nothing Bad experience, all night was heard at night, noise of self-tasks, water of pipes, conversations of other guests",disgust,0.5273187160491943,2022-07
Spain,Double Room,Couple,1,2022,7,1.0,Very bad No highlights mentioned. Paper walls,disgust,0.7777631282806396,2022-07
France,Double Room,Group,2,2022,6,8.0,Very good In accordance with the description of the offer No issues mentioned.,neutral,0.8169732093811035,2022-06
Portugal,Single Room,Solo traveller,4,2022,6,8.0,"Pleasant The breakfast was very good. I liked the service.
I recommend. No issues mentioned.",joy,0.9018144011497498,2022-06
Spain,Twin Room,Couple,3,2022,4,8.0,No highlights mentioned. No issues mentioned.,neutral,0.8930596709251404,2022-04
Portugal,Double Room,Family,2,2022,7,3.0,"Full disappointment! Sympathy, availability and corditality of the night employee. Generally speaking, lack of sympathy and attention of employees, except the night who was 5 ☆, the property photos are deceiving, outdated, it is not a hotel of ☆ Santos but a weak/mediocre pension, noisy bed, lack of cleaning, old finishes and pessimal aspect (from bathing, taps, lock, door, air conditioning, brightly coming from others Rooms, moisture, security, etc ....). Not to repeat !!!",disgust,0.5337904095649719,2022-07
Portugal,Single Room,Solo traveller,5,2022,6,9.0,"Good location and cleaning. All impeccable, he fulfilled expectations. No issues mentioned.",neutral,0.7812706232070923,2022-06
Portugal,Twin Room,Group,3,2022,5,4.0,Disappointing The television did not work. There was only an electric outlet in the room. The bathroom had problems in the shower and opening of the door. No issues mentioned.,sadness,0.8007799983024597,2022-05
Portugal,Single Room,Solo traveller,3,2022,6,4.0,"Disappointing The girl at the reception is very polite and probable I had no toilet paper, no shampoo for 3 days, there was a bathtub but there was no drain lid, mullet on the ceiling, very noisy discharge",disgust,0.5953763723373413,2022-06
Spain,Double Room,Couple,1,2022,6,4.0,I would not come back breakfast and staff attention The room was quite old and left much to be desired,sadness,0.7781279683113098,2022-06
Spain,Double Room,Family,2,2022,6,1.0,Bad No highlights mentioned. I didn't like anything.,disgust,0.6469981074333191,2022-06
France,Double Room,Family,2,2022,6,8.0,"Very good The cleanliness, the kindness of the staff. Far from the city center, uncomfortable bed.",joy,0.6762005686759949,2022-06
Brazil,Single Room,Solo traveller,4,2022,6,10.0,"Great choice. Perfect location, close to everything.
The super clean, very smelly room, bedding, everything. 24 -hour reception and very receptive and attentive personnel.
I liked everything. There is no elevator.",joy,0.827143132686615,2022-06
Portugal,Single Room,Solo traveller,1,2022,6,3.0,"Poor No highlights mentioned. Too high price for the bedroom, old room, old bathroom, window was ingrown not closed.",sadness,0.8232869505882263,2022-06
Brazil,Double Room,Couple,1,2022,6,10.0,Excellent The treatment and warm reception of Mr Antonio and the girls who work there. No issues mentioned.,joy,0.8034892082214355,2022-06
Spain,Twin Room,Couple,1,2022,6,1.0,"Bad No highlights mentioned. They are free that they have free parking and parking is the street itself.
Room that gives a very busy street with cobblestones, which makes noise more intense. The depressing breakfast, cuffed coffee and do not replenish the foods that are over.
It has no elevator.
In the bathroom the water came out below the bidet.",sadness,0.7917941808700562,2022-06
Spain,Double Room,Couple,1,2022,6,10.0,"Pleasant The attention they had with us, warmth and good service we liked No issues mentioned.",joy,0.6909984946250916,2022-06
Spain,Single Room,Family,1,2022,6,1.0,"If this is a two stars ...... God comes and see it The staff was quite pleasant The room is moisture everywhere, and the terrace looked like a horror movie, with cracks and thousands and thousands and thousands of butts. Horrible, think about it before sleeping at this hotel",fear,0.8679940700531006,2022-06
Portugal,Single Room,Solo traveller,2,2022,6,3.0,Poor No highlights mentioned. Noise. Old bathroom. Stores didn't work and no one came to notice.,sadness,0.8432300090789795,2022-06
Portugal,Single Room,Solo traveller,2,2022,6,8.0,"Quiet and with good location. Quiet location with transport and restaurants close. A little noise in the corridor during the day and the tap with some drops, but nothing that affects the stay.",neutral,0.6872680187225342,2022-06
Brazil,Double Room,Family,2,2022,6,8.0,Very good Employee attention Nothing to declare,neutral,0.9362555146217346,2022-06
France,Double Room,Group,1,2022,5,8.0,"Very good easy access
good lunch 
top staff No issues mentioned.",joy,0.6927731037139893,2022-05
France,Double Room,Couple,3,2022,5,9.0,"I recommend this hotel The exceptional value for money (with breakfast included).
The spacious room, the beautiful shower room.
The big bed and its good mattress.
The metro stop at around 500m. No elevator, in the 2nd with 2 huge suitcases :-( 
Remember to redo the shower joints (a little moldy)",disgust,0.34379860758781433,2022-05
Portugal,Double Room,Couple,1,2022,5,4.0,Something disappointing considering that it was impossible to rest at night. Good location. The noise! Staying on the second floor the noise at night is almost deafening. From the cars passing the road that seems to be running by the bed to the noise on top that makes a very intense noise all night.,fear,0.5008115172386169,2022-05
Canada,Twin Room,Family,3,2022,5,9.0,"Good room and very good breakfast. Very good breakfast.
Good room and good hot shower.
Located quite close to the metro, 1 km.
Good restaurant nearby.
Staff available in English and French. Rather noisy, an old unthornical building.
Far from the city center and attractions.",joy,0.45099520683288574,2022-05
Brazil,Double Room,Couple,3,2022,5,1.0,"Dirty and too bad. It has a good steakhouse nearby. It was the only thing that saved. Ingrid receptionist too, super friendly! Poor room, full of dust, spider web, did not clean our room when we asked. This is because they informed us after we should leave the key to clean. We left and yet it was dirty when we came back. I requested a honeymoon reception, but there was nothing. I didn't know there was stairs, without elevator, too hot room, slippery shower and dangerous. I wouldn't come back, so much that I got another hosting elsewhere.",disgust,0.7374472618103027,2022-05
Colombia,Single Room,Solo traveller,2,2022,5,10.0,Excellent accommodation in this place total rest. Recommended! The cleanliness and tranquility of the placel No issues mentioned.,joy,0.9463505148887634,2022-05
France,Twin Room,Family,1,2022,5,4.0,"Medium, just in troubleshooting The distant location of the center, quiet. Convenient room equipment, shower that does not work, cleanliness of dubious sheets and towels. 
No parking as reported on the ad.",neutral,0.5284188389778137,2022-05
Portugal,Double Room,Couple,3,2022,5,3.0,"Poor No highlights mentioned. The day before checking out, I asked at reception to ask me a taxi to return to the airport that would be at dawn, they said that no problem not worrying because they worked with a taxi company.
At dawn they had not called any taxi, the receptionist who was there knew nothing. With all the unanswered telephone lines I had to run and look for a taxi at 4:00 am when I thought it would have solved by the hotel, as they had guaranteed me the day before.",sadness,0.5635666847229004,2022-05
Portugal,Single Room,Solo traveller,4,2022,5,4.0,Disappointing No highlights mentioned. Noise of other rooms and residences of students nearby.,sadness,0.621995747089386,2022-05
Portugal,Double Room,Couple,1,2022,5,1.0,Bad Nothing All,disgust,0.8336424231529236,2022-05
Spain,Double Room,Family,1,2022,5,8.0,Very good Cleaning Nothing,joy,0.7124437093734741,2022-05
Portugal,Twin Room,Solo traveller,1,2022,5,8.0,"It was the measure! Great location. Clean. Comfortable bed. Friendly and attentive team. Good prices: water, juices, menu. I stayed in a room turned to the street and had no problem with noise. There is no elevator. I missed natural juice, fruits, honey and oats for breakfast. But fresh bread with butter was excellent!",joy,0.8721796274185181,2022-05
Israel,Double Room,Solo traveller,4,2022,5,8.0,Very good The Kabbalah team is very trying to help The building is old and so is all the accessory in the room,neutral,0.8102477788925171,2022-05
Portugal,Double Room,Family,3,2022,5,4.0,"Reasonable, expected better. Location and shower. Employees, self -cellet with weak recharge, breakfast, the room was very hot (as much as we aired), a lot of noise…",neutral,0.63116055727005,2022-05
Portugal,Single Room,Couple,1,2022,4,2.0,"Unfortunate. Good location and reasonably cheap and decently comfortable mattresses. Proper space. Employees were generally friendly and the space was decently clean. Slow reception employee to work and made the experience uncomfortable for the type of interaction he had with customers. At night one can hear a lot of channeling and road that makes rest difficult. The walls are extremely thin, so in my stay it was impossible to rest for having a couple having sex all night. Already in the bathroom has door that does not close without key, the toilet is misplaced behind a door and the shower has no sliding door. Breaky breakfast, a little disappointing. I didn't recommend it to anyone.",fear,0.3690614104270935,2022-04
Portugal,Double Room,Couple,1,2022,4,4.0,"Only go once .... No highlights mentioned. The reception employee was completely drunk. The room has nothing to do with the photos. Full of moisture carnch, bathroom like .. bed not comfortable.",disgust,0.8676787614822388,2022-04
Brazil,Twin Room,Couple,7,2022,4,4.0,"Disappointing Breakfast was just reasonable, and the owner of the hotel watched the consumption of each of the guests, discouraging and strongly embarrassing what each was used. The location of the hotel is reasonable. Fourth is decrepit and very badly maintained. Nonexistent maintenance.",disgust,0.8055136799812317,2022-04
Brazil,Double Room,Couple,6,2022,4,1.0,"Bad Super friendly employees. It did not exceed my expectations, imagined a much better room, towels with rust blemishes, the room itself with dirty, sloppy, bathroom box was broken, I believe some rooms need urgent repairs.",disgust,0.8106881976127625,2022-04
Brazil,Double Room,Family,2,2022,4,9.0,Superb The employees are very attentive. Ingrid made no effort to help us with everything we need We like all. Breakfast could be more varied,neutral,0.4741954207420349,2022-04
Spain,Double Room,Couple,5,2022,4,2.0,Lousy At most the kindness of some manager Most of things,disgust,0.46806517243385315,2022-04
France,Double Room,Couple,1,2022,4,8.0,"Very good The staff 
Breakfast VETUSTE MATERIAL 
The view of the roofs and the megaux of cigarettes",joy,0.6298912167549133,2022-04
Spain,Double Room,Group,1,2022,4,3.0,Poor The attention of the receptionist when arriving and the location of the hotel The buffet breakfast was nothing Ivan scanding one by one things.,disgust,0.8069608211517334,2022-04
Denmark,Double Room,Couple,1,2022,4,2.0,Very poor No highlights mentioned. Hot Water,disgust,0.4622234106063843,2022-04
Portugal,Double Room,Solo traveller,1,2022,4,3.0,"Poor No highlights mentioned. The hotel has no hotel parking lot, as announced at Bookings ordered a silent room and was placed in a room next to an extremely noisy street (constant vehicles), when they had apparently other rooms available. I suspect they didn't even read the request.",sadness,0.394157350063324,2022-04
France,Double Room,Group,5,2022,3,4.0,"Disappointing Very pleasant staff Insufficient room insulation, a lot of noise (conversation neighboring rooms, etc.)
Room with a lot of humidity",joy,0.9194566011428833,2022-03
Spain,Double Room,Couple,2,2022,2,1.0,Pesimo I didn't like anything Everything was wrong,disgust,0.4727546274662018,2022-02
Portugal,Double Room,Couple,1,2022,3,4.0,"Disappointing The hotel have a good location and it is always good to have 24h reception I didn't like the fact that I made a double room reservation and arrived at the hotel and not having this room available we had to stay in another, in terms of accommodation was waiting for better.",sadness,0.9165429472923279,2022-03
Spain,Twin Room,Family,1,2023,6,5.0,"Passable Breakfast A room with a lot of engine noise, I don't know what, because we didn't have on or heating or air conditioning.",disgust,0.5980141162872314,2023-06
Portugal,Double Room,Couple,2,2022,5,5.0,"Median and a little disappointing Employees were friendly, especially the reception. The hotel is safeguarded and away from the center of Porto, but is near the stoppage of São João hospital and some restaurants such as a Burger King. Breakfast tables are dear and the bought cake (which was buying) was good. Breakfast was buffet and can eat at ease. Even coming shortly before the breakfast time, it was possible to stay a few more minutes later to eat. The air conditioning of the room was a little complicated but functional. The room had plenty of space for storage and I liked the 2 mirrors and the bathroom. It had a very hot stored blanket. Checkin and Checkout were quite fast and Checkin has a good time of maneuver. The reception works 24 hours and our experience was always someone and if it was not enough to play the bell they came. I liked the lighting system in the bedroom and the bed was comfortable. The small but acceptable television. The checkout although considering early, we did about 3/4 min after the hour without problem. The hotel was old, the slightly confused logistics and the decoration and furniture. The room did not correspond anything to the photos shown on the platforms, was a disappointment and what is shown deceive (even after we have shown and photos of our bedroom type). The room had signs of being degraded, the blanket and sheets were dirty, the bedroom and the bathroom too, the towels too, nothing very serious but unpleasant. There were very visible signs of moisture and degradation. We were 2 nights and there was never a cleaning service. The bathtub is ridiculously small and the shower of very few quality. There is no bath rug. The setor was dirty and a little disgusting to play. The air conditioning was functional but old and a half confusing. The room has no mini bar, no hair dryer or iron to iron available. Although I did not ask, as I realized, you can ask you at the reception available to all customers, although you find it a little inadequate in a hotel. There should be more taken available. Sound isolation is terrible, there were very easily other customers talking about other rooms and often water pipe sounds. In the corridor it is uncomfortable to hear other customers to moan very high. The lock is nothing practical and functional, taking some time to open and it seems nothing to be safe inside and out, it is a very strange and old handle, not a hotel. Breakfast had no wide variety and it was all buying and quite superficial and cheap. Coffee was terrible and no flavor, very watery, there were not many drink options, the juices were not natural, they were buying and white brands. It is not worth paying for breakfast included, it is worth eating less but better in another place out. The replacement took some time and the staff were a little disorganized and sometimes it was uncomfortable looking at customers.",joy,0.7397011518478394,2022-05
Portugal,Double Room,Couple,1,2022,4,5.0,Passable employees. conditions.,neutral,0.55241858959198,2022-04
Switzerland,Single Room,Solo traveller,11,2023,8,1.0,Bad Nothing All,disgust,0.8336424231529236,2023-08
Portugal,Double Room,Couple,2,2023,1,1.0,"The photos deceive, totally different place, horrible accommodation, breakfast left something to be desired because there was nothing, Nothing All",fear,0.5706873536109924,2023-01
Portugal,Double Room,Couple,2,2023,1,4.0,"Disappointing No highlights mentioned. Breakfast was insufficient for all guests, a disappointment.",sadness,0.8493858575820923,2023-01
United Kingdom,Double Room,Couple,3,2022,11,1.0,"Bad No highlights mentioned. Reimbursement was required, the dirty room, with other guest belongings in the room. Non -indicate",disgust,0.7270928025245667,2022-11
Denmark,Double Room,Couple,2,2022,7,3.0,"cheap and ok if you need a place to sleep but not much more than that cheap, cute staff, air conditioning There were extremely sound, loud noises through the walls and every time water is used in the building. Slew breakfast buffet, with “juice” there was some kind of juice/soda",disgust,0.48872488737106323,2022-07
Portugal,Double Room,Couple,2,2022,6,1.0,I hated nothing cleaning smell of space bedding lack of bath gel reception,disgust,0.7339540719985962,2022-06
Portugal,Single Room,Solo traveller,4,2024,10,7.0,Good No highlights mentioned. No issues mentioned.,neutral,0.8976135849952698,2024-10
Ireland,Double Room,Group,2,2024,10,6.0,Pleasant No highlights mentioned. No issues mentioned.,joy,0.616917073726654,2024-10
Portugal,Twin Room,Family,1,2024,6,6.0,Pleasant No highlights mentioned. No issues mentioned.,joy,0.616917073726654,2024-06
Portugal,Double Room,Couple,5,2024,6,7.0,Good No highlights mentioned. No issues mentioned.,neutral,0.8976135849952698,2024-06
Italy,Twin Room,Couple,1,2024,5,7.0,Good No highlights mentioned. No issues mentioned.,neutral,0.8976135849952698,2024-05
United States,Single Room,Solo traveller,1,2023,10,5.0,Passable No highlights mentioned. No issues mentioned.,neutral,0.9567725658416748,2023-10
Canada,Double Room,Couple,2,2023,11,5.0,Passable No highlights mentioned. No issues mentioned.,neutral,0.9567725658416748,2023-11
Portugal,Twin Room,Couple,2,2023,11,6.0,Pleasant No highlights mentioned. No issues mentioned.,joy,0.616917073726654,2023-11
Cape Verde,Twin Room,Couple,3,2023,11,7.0,Good No highlights mentioned. No issues mentioned.,neutral,0.8976135849952698,2023-11
Jordan,Single Room,Solo traveller,5,2023,9,7.0,Good No highlights mentioned. No issues mentioned.,neutral,0.8976135849952698,2023-09
North Macedonia,Double Room,Couple,7,2023,9,5.0,Passable No highlights mentioned. No issues mentioned.,neutral,0.9567725658416748,2023-09
Belgium,Double Room,Solo traveller,5,2023,7,7.0,Good No highlights mentioned. No issues mentioned.,neutral,0.8976135849952698,2023-07
Spain,Double Room,Couple,2,2023,5,6.0,Pleasant No highlights mentioned. No issues mentioned.,joy,0.616917073726654,2023-05
Albania,Double Room,Solo traveller,5,2023,7,6.0,Pleasant No highlights mentioned. No issues mentioned.,joy,0.616917073726654,2023-07
Portugal,Twin Room,Group,1,2023,6,6.0,Pleasant No highlights mentioned. No issues mentioned.,joy,0.616917073726654,2023-06
Canada,Double Room,Family,1,2023,5,5.0,Passable No highlights mentioned. No issues mentioned.,neutral,0.9567725658416748,2023-05
Portugal,Twin Room,Group,1,2023,3,7.0,Good No highlights mentioned. No issues mentioned.,neutral,0.8976135849952698,2023-03
India,Twin Room,Couple,2,2023,3,5.0,Passable No highlights mentioned. No issues mentioned.,neutral,0.9567725658416748,2023-03
Brazil,Single Room,Solo traveller,4,2023,2,5.0,Passable No highlights mentioned. No issues mentioned.,neutral,0.9567725658416748,2023-02
Jordan,Twin Room,Couple,11,2022,11,5.0,Passable No highlights mentioned. No issues mentioned.,neutral,0.9567725658416748,2022-11
Portugal,Single Room,Solo traveller,1,2022,10,7.0,Good No highlights mentioned. No issues mentioned.,neutral,0.8976135849952698,2022-10
Hungary,Single Room,Solo traveller,2,2022,9,7.0,Good No highlights mentioned. No issues mentioned.,neutral,0.8976135849952698,2022-09
Serbia,Twin Room,Solo traveller,4,2022,9,6.0,Pleasant No highlights mentioned. No issues mentioned.,joy,0.616917073726654,2022-09
Poland,Double Room,Family,1,2022,9,7.0,Good No highlights mentioned. No issues mentioned.,neutral,0.8976135849952698,2022-09
Portugal,Twin Room,Family,2,2022,8,7.0,Good No highlights mentioned. No issues mentioned.,neutral,0.8976135849952698,2022-08
Romania,Single Room,Solo traveller,1,2022,5,6.0,Pleasant No highlights mentioned. No issues mentioned.,joy,0.616917073726654,2022-05
Romania,Single Room,Solo traveller,1,2022,5,6.0,Pleasant No highlights mentioned. No issues mentioned.,joy,0.616917073726654,2022-05
Romania,Single Room,Solo traveller,1,2022,5,6.0,Pleasant No highlights mentioned. No issues mentioned.,joy,0.616917073726654,2022-05
Romania,Single Room,Solo traveller,1,2022,5,6.0,Pleasant No highlights mentioned. No issues mentioned.,joy,0.616917073726654,2022-05
Romania,Single Room,Solo traveller,1,2022,5,6.0,Pleasant No highlights mentioned. No issues mentioned.,joy,0.616917073726654,2022-05
Romania,Double Room,Solo traveller,1,2022,5,6.0,Pleasant No highlights mentioned. No issues mentioned.,joy,0.616917073726654,2022-05
Estonia,Single Room,Solo traveller,1,2022,7,7.0,Good No highlights mentioned. No issues mentioned.,neutral,0.8976135849952698,2022-07
Slovakia,Double Room,Group,3,2022,7,7.0,nice for a short stay No highlights mentioned. No issues mentioned.,neutral,0.5654892325401306,2022-07
Portugal,Double Room,Solo traveller,3,2022,4,7.0,Good No highlights mentioned. No issues mentioned.,neutral,0.8976135849952698,2022-04
Portugal,Double Room,Couple,1,2022,5,7.0,Good No highlights mentioned. No issues mentioned.,neutral,0.8976135849952698,2022-05
British Indian Ocean Territory,Single Room,Solo traveller,3,2022,4,6.0,Pleasant No highlights mentioned. No issues mentioned.,joy,0.616917073726654,2022-04
Germany,Single Room,Solo traveller,1,2025,1,3.0,Poor No highlights mentioned. No issues mentioned.,sadness,0.5652276277542114,2025-01
Portugal,Twin Room,Couple,1,2024,9,8.0,Very good No highlights mentioned. No issues mentioned.,neutral,0.8817152380943298,2024-09
United Kingdom,Single Room,Solo traveller,14,2024,11,10.0,Exceptional No highlights mentioned. No issues mentioned.,neutral,0.7593340277671814,2024-11
Italy,Double Room,Group,1,2024,10,4.0,Disappointing No highlights mentioned. No issues mentioned.,sadness,0.610393762588501,2024-10
Latvia,Twin Room,Family,7,2024,7,8.0,Very good No highlights mentioned. No issues mentioned.,neutral,0.8817152380943298,2024-07
Cape Verde,Twin Room,Solo traveller,1,2024,7,1.0,Bad No highlights mentioned. No issues mentioned.,disgust,0.49483510851860046,2024-07
Spain,Single Room,Solo traveller,5,2024,6,9.0,Superb No highlights mentioned. No issues mentioned.,neutral,0.7779703736305237,2024-06
Portugal,Double Room,Couple,2,2024,6,9.0,Superb No highlights mentioned. No issues mentioned.,neutral,0.7779703736305237,2024-06
United Kingdom,Single Room,Solo traveller,3,2024,5,8.0,Very good No highlights mentioned. No issues mentioned.,neutral,0.8817152380943298,2024-05
United Kingdom,Double Room,Solo traveller,6,2024,4,10.0,Exceptional No highlights mentioned. No issues mentioned.,neutral,0.7593340277671814,2024-04
Portugal,Single Room,Solo traveller,2,2024,2,9.0,Superb No highlights mentioned. No issues mentioned.,neutral,0.7779703736305237,2024-02
United Kingdom,Single Room,Solo traveller,1,2023,12,8.0,Very good No highlights mentioned. No issues mentioned.,neutral,0.8817152380943298,2023-12
Sri Lanka,Double Room,Group,2,2023,12,10.0,Exceptional No highlights mentioned. No issues mentioned.,neutral,0.7593340277671814,2023-12
Georgia,Double Room,Family,2,2023,12,10.0,Exceptional No highlights mentioned. No issues mentioned.,neutral,0.7593340277671814,2023-12
India,Double Room,Family,1,2023,12,10.0,Exceptional No highlights mentioned. No issues mentioned.,neutral,0.7593340277671814,2023-12
Portugal,Single Room,Solo traveller,1,2023,12,10.0,Exceptional No highlights mentioned. No issues mentioned.,neutral,0.7593340277671814,2023-12
Portugal,Twin Room,Solo traveller,1,2023,10,1.0,Bad No highlights mentioned. No issues mentioned.,disgust,0.49483510851860046,2023-10
Slovakia,Single Room,Solo traveller,1,2023,11,3.0,Poor No highlights mentioned. No issues mentioned.,sadness,0.5652276277542114,2023-11
Ukraine,Single Room,Solo traveller,2,2023,11,10.0,Exceptional No highlights mentioned. No issues mentioned.,neutral,0.7593340277671814,2023-11
Portugal,Single Room,Solo traveller,1,2023,8,10.0,Exceptional No highlights mentioned. No issues mentioned.,neutral,0.7593340277671814,2023-08
Portugal,Single Room,Solo traveller,3,2023,7,3.0,Poor No highlights mentioned. No issues mentioned.,sadness,0.5652276277542114,2023-07
Sweden,Double Room,Couple,1,2023,7,3.0,Poor No highlights mentioned. No issues mentioned.,sadness,0.5652276277542114,2023-07
Portugal,Double Room,Solo traveller,1,2023,7,9.0,Superb No highlights mentioned. No issues mentioned.,neutral,0.7779703736305237,2023-07
Portugal,Double Room,Family,1,2023,6,1.0,Bad No highlights mentioned. No issues mentioned.,disgust,0.49483510851860046,2023-06
United Kingdom,Single Room,Solo traveller,1,2023,6,10.0,Exceptional No highlights mentioned. No issues mentioned.,neutral,0.7593340277671814,2023-06
Malaysia,Single Room,Group,13,2023,5,10.0,Exceptional No highlights mentioned. No issues mentioned.,neutral,0.7593340277671814,2023-05
Malaysia,Single Room,Solo traveller,7,2023,5,10.0,Exceptional No highlights mentioned. No issues mentioned.,neutral,0.7593340277671814,2023-05
United Kingdom,Double Room,Family,3,2023,5,4.0,Disappointing No highlights mentioned. No issues mentioned.,sadness,0.610393762588501,2023-05
Portugal,Double Room,Family,1,2023,5,4.0,Disappointing No highlights mentioned. No issues mentioned.,sadness,0.610393762588501,2023-05
Portugal,Single Room,Solo traveller,1,2023,4,4.0,Disappointing No highlights mentioned. No issues mentioned.,sadness,0.610393762588501,2023-04
Croatia,Twin Room,Group,1,2023,2,4.0,Disappointing No highlights mentioned. No issues mentioned.,sadness,0.610393762588501,2023-02
Portugal,Single Room,Solo traveller,1,2023,1,10.0,Exceptional No highlights mentioned. No issues mentioned.,neutral,0.7593340277671814,2023-01
Portugal,Single Room,Solo traveller,2,2022,12,4.0,Disappointing No highlights mentioned. No issues mentioned.,sadness,0.610393762588501,2022-12
Portugal,Double Room,Couple,3,2023,1,10.0,Exceptional No highlights mentioned. No issues mentioned.,neutral,0.7593340277671814,2023-01
Jordan,Twin Room,Family,5,2022,11,2.0,Very poor No highlights mentioned. No issues mentioned.,disgust,0.48148831725120544,2022-11
United Kingdom,Double Room,Solo traveller,1,2022,11,2.0,Very poor No highlights mentioned. No issues mentioned.,disgust,0.48148831725120544,2022-11
United Kingdom,Single Room,Solo traveller,1,2022,10,10.0,Exceptional No highlights mentioned. No issues mentioned.,neutral,0.7593340277671814,2022-10
Portugal,Double Room,Solo traveller,1,2022,9,4.0,Disappointing No highlights mentioned. No issues mentioned.,sadness,0.610393762588501,2022-09
United Kingdom,Double Room,Couple,4,2022,9,1.0,Bad No highlights mentioned. No issues mentioned.,disgust,0.49483510851860046,2022-09
United Kingdom,Double Room,Family,2,2022,9,10.0,Exceptional No highlights mentioned. No issues mentioned.,neutral,0.7593340277671814,2022-09
Denmark,Double Room,Couple,3,2022,8,10.0,Exceptional No highlights mentioned. No issues mentioned.,neutral,0.7593340277671814,2022-08
United Kingdom,Single Room,Solo traveller,1,2022,7,8.0,Very good No highlights mentioned. No issues mentioned.,neutral,0.8817152380943298,2022-07
Brazil,Single Room,Solo traveller,3,2022,7,8.0,Very good No highlights mentioned. No issues mentioned.,neutral,0.8817152380943298,2022-07
New Zealand,Twin Room,Solo traveller,1,2022,7,8.0,Very good No highlights mentioned. No issues mentioned.,neutral,0.8817152380943298,2022-07
United Kingdom,Double Room,Solo traveller,5,2022,6,9.0,Superb No highlights mentioned. No issues mentioned.,neutral,0.7779703736305237,2022-06
United Kingdom,Double Room,Solo traveller,1,2022,6,10.0,Exceptional No highlights mentioned. No issues mentioned.,neutral,0.7593340277671814,2022-06
United Kingdom,Double Room,Family,1,2022,6,9.0,Superb No highlights mentioned. No issues mentioned.,neutral,0.7779703736305237,2022-06
Spain,Single Room,Solo traveller,5,2022,4,10.0,Exceptional No highlights mentioned. No issues mentioned.,neutral,0.7593340277671814,2022-04
Portugal,Double Room,Couple,1,2022,3,10.0,Exceptional No highlights mentioned. No issues mentioned.,neutral,0.7593340277671814,2022-03
Portugal,Double Room,Family,1,2022,4,10.0,Exceptional No highlights mentioned. No issues mentioned.,neutral,0.7593340277671814,2022-04
Nepal,Double Room,Couple,1,2022,3,4.0,Disappointing No highlights mentioned. No issues mentioned.,sadness,0.610393762588501,2022-03
France,Double Room,Couple,1,2025,3,6.0,Pleasant No highlights mentioned. No issues mentioned.,joy,0.616917073726654,2025-03
Portugal,Double Room,Couple,1,2025,2,7.0,Good No highlights mentioned. No issues mentioned.,neutral,0.8976135849952698,2025-02
Portugal,Single Room,Solo traveller,1,2025,1,6.0,Pleasant No highlights mentioned. No issues mentioned.,joy,0.616917073726654,2025-01
Portugal,Single Room,Solo traveller,1,2025,1,5.0,Passable No highlights mentioned. No issues mentioned.,neutral,0.9567725658416748,2025-01
Portugal,Double Room,Couple,1,2024,11,6.0,Pleasant No highlights mentioned. No issues mentioned.,joy,0.616917073726654,2024-11
Germany,Double Room,Couple,1,2025,1,5.0,Passable No highlights mentioned. No issues mentioned.,neutral,0.9567725658416748,2025-01
Portugal,Double Room,Family,1,2024,11,6.0,Pleasant No highlights mentioned. No issues mentioned.,joy,0.616917073726654,2024-11
Portugal,Double Room,Couple,1,2024,12,7.0,Good No highlights mentioned. No issues mentioned.,neutral,0.8976135849952698,2024-12
Portugal,Double Room,Couple,1,2024,11,7.0,Good No highlights mentioned. No issues mentioned.,neutral,0.8976135849952698,2024-11
Spain,Double Room,Family,2,2024,12,6.0,Pleasant No highlights mentioned. No issues mentioned.,joy,0.616917073726654,2024-12
Ghana,Single Room,Solo traveller,2,2024,12,6.0,Pleasant No highlights mentioned. No issues mentioned.,joy,0.616917073726654,2024-12
Portugal,Single Room,Solo traveller,1,2024,11,5.0,Passable No highlights mentioned. No issues mentioned.,neutral,0.9567725658416748,2024-11
Portugal,Single Room,Solo traveller,1,2024,11,5.0,Passable No highlights mentioned. No issues mentioned.,neutral,0.9567725658416748,2024-11
Portugal,Double Room,Couple,2,2024,11,7.0,Good No highlights mentioned. No issues mentioned.,neutral,0.8976135849952698,2024-11
France,Double Room,Family,1,2024,10,5.0,Passable No highlights mentioned. No issues mentioned.,neutral,0.9567725658416748,2024-10
Portugal,Double Room,Couple,2,2024,10,7.0,Good No highlights mentioned. No issues mentioned.,neutral,0.8976135849952698,2024-10
Germany,Single Room,Solo traveller,1,2024,9,5.0,Passable No highlights mentioned. No issues mentioned.,neutral,0.9567725658416748,2024-09
Portugal,Double Room,Couple,1,2024,10,6.0,Pleasant No highlights mentioned. No issues mentioned.,joy,0.616917073726654,2024-10
Portugal,Single Room,Solo traveller,1,2024,10,7.0,Good No highlights mentioned. No issues mentioned.,neutral,0.8976135849952698,2024-10
Portugal,Double Room,Solo traveller,2,2024,10,7.0,Good No highlights mentioned. No issues mentioned.,neutral,0.8976135849952698,2024-10
Portugal,Double Room,Family,6,2024,9,5.0,Passable No highlights mentioned. No issues mentioned.,neutral,0.9567725658416748,2024-09
Portugal,Double Room,Family,3,2024,9,5.0,Passable No highlights mentioned. No issues mentioned.,neutral,0.9567725658416748,2024-09
Portugal,Single Room,Solo traveller,1,2024,9,6.0,Pleasant No highlights mentioned. No issues mentioned.,joy,0.616917073726654,2024-09
Portugal,Double Room,Family,2,2024,9,5.0,Passable No highlights mentioned. No issues mentioned.,neutral,0.9567725658416748,2024-09
Spain,Double Room,Family,3,2024,8,7.0,Good No highlights mentioned. No issues mentioned.,neutral,0.8976135849952698,2024-08
Spain,Double Room,Family,1,2024,9,6.0,Pleasant No highlights mentioned. No issues mentioned.,joy,0.616917073726654,2024-09
Spain,Twin Room,Family,3,2024,9,5.0,Passable No highlights mentioned. No issues mentioned.,neutral,0.9567725658416748,2024-09
Portugal,Twin Room,Family,5,2024,9,6.0,Pleasant No highlights mentioned. No issues mentioned.,joy,0.616917073726654,2024-09
Spain,Twin Room,Family,2,2024,9,6.0,Pleasant No highlights mentioned. No issues mentioned.,joy,0.616917073726654,2024-09
France,Single Room,Solo traveller,1,2024,9,7.0,Good No highlights mentioned. No issues mentioned.,neutral,0.8976135849952698,2024-09
Portugal,Double Room,Couple,2,2024,9,6.0,Pleasant No highlights mentioned. No issues mentioned.,joy,0.616917073726654,2024-09
Portugal,Double Room,Couple,1,2024,9,6.0,Pleasant No highlights mentioned. No issues mentioned.,joy,0.616917073726654,2024-09
Brazil,Twin Room,Couple,4,2024,8,7.0,Good No highlights mentioned. No issues mentioned.,neutral,0.8976135849952698,2024-08
Spain,Double Room,Family,2,2024,8,5.0,Passable No highlights mentioned. No issues mentioned.,neutral,0.9567725658416748,2024-08
Portugal,Single Room,Solo traveller,3,2024,8,6.0,Pleasant No highlights mentioned. No issues mentioned.,joy,0.616917073726654,2024-08
Argentina,Twin Room,Family,3,2024,8,6.0,Pleasant No highlights mentioned. No issues mentioned.,joy,0.616917073726654,2024-08
Portugal,Single Room,Solo traveller,1,2024,7,7.0,Good No highlights mentioned. No issues mentioned.,neutral,0.8976135849952698,2024-07
Portugal,Single Room,Solo traveller,2,2024,7,5.0,Passable No highlights mentioned. No issues mentioned.,neutral,0.9567725658416748,2024-07
Portugal,Double Room,Couple,1,2024,7,7.0,Good No highlights mentioned. No issues mentioned.,neutral,0.8976135849952698,2024-07
Portugal,Single Room,Solo traveller,2,2024,7,6.0,Pleasant No highlights mentioned. No issues mentioned.,joy,0.616917073726654,2024-07
Brazil,Double Room,Couple,1,2024,7,7.0,Good No highlights mentioned. No issues mentioned.,neutral,0.8976135849952698,2024-07
Brazil,Twin Room,Family,2,2024,7,5.0,Passable No highlights mentioned. No issues mentioned.,neutral,0.9567725658416748,2024-07
Portugal,Double Room,Family,2,2024,6,5.0,Passable No highlights mentioned. No issues mentioned.,neutral,0.9567725658416748,2024-06
Egypt,Twin Room,Solo traveller,7,2024,7,6.0,Pleasant No highlights mentioned. No issues mentioned.,joy,0.616917073726654,2024-07
Portugal,Single Room,Solo traveller,1,2024,4,7.0,Good No highlights mentioned. No issues mentioned.,neutral,0.8976135849952698,2024-04
Portugal,Double Room,Family,4,2024,6,6.0,Pleasant No highlights mentioned. No issues mentioned.,joy,0.616917073726654,2024-06
Ukraine,Twin Room,Family,1,2024,5,7.0,Good No highlights mentioned. No issues mentioned.,neutral,0.8976135849952698,2024-05
Portugal,Single Room,Solo traveller,1,2024,4,6.0,Pleasant No highlights mentioned. No issues mentioned.,joy,0.616917073726654,2024-04
Spain,Double Room,Family,2,2024,5,5.0,Passable No highlights mentioned. No issues mentioned.,neutral,0.9567725658416748,2024-05
Portugal,Twin Room,Group,2,2024,6,5.0,Passable No highlights mentioned. No issues mentioned.,neutral,0.9567725658416748,2024-06
France,Twin Room,Group,4,2024,5,5.0,Passable No highlights mentioned. No issues mentioned.,neutral,0.9567725658416748,2024-05
Portugal,Single Room,Solo traveller,1,2024,5,7.0,Good No highlights mentioned. No issues mentioned.,neutral,0.8976135849952698,2024-05
Portugal,Single Room,Solo traveller,2,2024,5,5.0,Passable No highlights mentioned. No issues mentioned.,neutral,0.9567725658416748,2024-05
Portugal,Double Room,Family,1,2024,5,6.0,Pleasant No highlights mentioned. No issues mentioned.,joy,0.616917073726654,2024-05
Portugal,Single Room,Solo traveller,2,2024,5,7.0,Good No highlights mentioned. No issues mentioned.,neutral,0.8976135849952698,2024-05
Portugal,Twin Room,Couple,4,2024,5,6.0,Pleasant No highlights mentioned. No issues mentioned.,joy,0.616917073726654,2024-05
Portugal,Single Room,Solo traveller,1,2024,4,7.0,Good No highlights mentioned. No issues mentioned.,neutral,0.8976135849952698,2024-04
Portugal,Double Room,Couple,1,2024,4,6.0,Pleasant No highlights mentioned. No issues mentioned.,joy,0.616917073726654,2024-04
Portugal,Single Room,Solo traveller,1,2024,4,7.0,Good No highlights mentioned. No issues mentioned.,neutral,0.8976135849952698,2024-04
Portugal,Single Room,Solo traveller,1,2024,3,7.0,Good No highlights mentioned. No issues mentioned.,neutral,0.8976135849952698,2024-03
Portugal,Double Room,Family,1,2024,4,5.0,Passable No highlights mentioned. No issues mentioned.,neutral,0.9567725658416748,2024-04
Brazil,Twin Room,Family,2,2024,4,6.0,Pleasant No highlights mentioned. No issues mentioned.,joy,0.616917073726654,2024-04
Portugal,Single Room,Solo traveller,1,2024,2,5.0,Passable No highlights mentioned. No issues mentioned.,neutral,0.9567725658416748,2024-02
Spain,Twin Room,Group,1,2024,3,6.0,Pleasant No highlights mentioned. No issues mentioned.,joy,0.616917073726654,2024-03
Portugal,Double Room,Family,2,2024,1,7.0,Good No highlights mentioned. No issues mentioned.,neutral,0.8976135849952698,2024-01
Portugal,Single Room,Solo traveller,1,2023,12,6.0,Pleasant No highlights mentioned. No issues mentioned.,joy,0.616917073726654,2023-12
Portugal,Single Room,Solo traveller,1,2024,1,6.0,Pleasant No highlights mentioned. No issues mentioned.,joy,0.616917073726654,2024-01
Portugal,Single Room,Solo traveller,1,2024,2,7.0,Good No highlights mentioned. No issues mentioned.,neutral,0.8976135849952698,2024-02
Portugal,Single Room,Solo traveller,1,2024,2,6.0,Pleasant No highlights mentioned. No issues mentioned.,joy,0.616917073726654,2024-02
Portugal,Single Room,Solo traveller,1,2024,3,7.0,Good No highlights mentioned. No issues mentioned.,neutral,0.8976135849952698,2024-03
Portugal,Double Room,Couple,3,2024,2,6.0,Pleasant No highlights mentioned. No issues mentioned.,joy,0.616917073726654,2024-02
Portugal,Single Room,Solo traveller,1,2024,2,6.0,Pleasant No highlights mentioned. No issues mentioned.,joy,0.616917073726654,2024-02
Portugal,Double Room,Couple,1,2024,2,5.0,Passable No highlights mentioned. No issues mentioned.,neutral,0.9567725658416748,2024-02
Hungary,Single Room,Solo traveller,1,2024,2,5.0,Passable No highlights mentioned. No issues mentioned.,neutral,0.9567725658416748,2024-02
Portugal,Double Room,Family,1,2024,1,7.0,Good No highlights mentioned. No issues mentioned.,neutral,0.8976135849952698,2024-01
Portugal,Single Room,Solo traveller,1,2024,1,7.0,Good No highlights mentioned. No issues mentioned.,neutral,0.8976135849952698,2024-01
Guinea-Bissau,Single Room,Solo traveller,1,2024,1,7.0,Good No highlights mentioned. No issues mentioned.,neutral,0.8976135849952698,2024-01
Portugal,Double Room,Couple,1,2024,1,5.0,Passable No highlights mentioned. No issues mentioned.,neutral,0.9567725658416748,2024-01
Unknown,Double Room,Couple,2,2023,12,7.0,Good No highlights mentioned. No issues mentioned.,neutral,0.8976135849952698,2023-12
Portugal,Double Room,Family,15,2023,12,5.0,Passable No highlights mentioned. No issues mentioned.,neutral,0.9567725658416748,2023-12
France,Double Room,Couple,1,2023,12,7.0,Good No highlights mentioned. No issues mentioned.,neutral,0.8976135849952698,2023-12
Brazil,Double Room,Couple,2,2023,12,6.0,Pleasant No highlights mentioned. No issues mentioned.,joy,0.616917073726654,2023-12
Sweden,Double Room,Solo traveller,1,2023,11,7.0,Good No highlights mentioned. No issues mentioned.,neutral,0.8976135849952698,2023-11
Portugal,Double Room,Couple,1,2023,12,5.0,Passable No highlights mentioned. No issues mentioned.,neutral,0.9567725658416748,2023-12
Portugal,Double Room,Family,1,2023,11,7.0,Good No highlights mentioned. No issues mentioned.,neutral,0.8976135849952698,2023-11
Guinea-Bissau,Single Room,Solo traveller,1,2023,11,7.0,Good No highlights mentioned. No issues mentioned.,neutral,0.8976135849952698,2023-11
Portugal,Double Room,Family,1,2023,11,7.0,Good No highlights mentioned. No issues mentioned.,neutral,0.8976135849952698,2023-11
Mozambique,Double Room,Couple,2,2023,10,6.0,Pleasant No highlights mentioned. No issues mentioned.,joy,0.616917073726654,2023-10
Brazil,Double Room,Couple,1,2023,11,7.0,Good No highlights mentioned. No issues mentioned.,neutral,0.8976135849952698,2023-11
Portugal,Single Room,Solo traveller,1,2023,9,5.0,Passable No highlights mentioned. No issues mentioned.,neutral,0.9567725658416748,2023-09
Portugal,Double Room,Family,2,2023,10,7.0,Good No highlights mentioned. No issues mentioned.,neutral,0.8976135849952698,2023-10
Argentina,Single Room,Solo traveller,1,2023,10,7.0,Good No highlights mentioned. No issues mentioned.,neutral,0.8976135849952698,2023-10
Spain,Twin Room,Family,2,2023,10,5.0,Passable No highlights mentioned. No issues mentioned.,neutral,0.9567725658416748,2023-10
Spain,Twin Room,Family,3,2023,10,5.0,Passable No highlights mentioned. No issues mentioned.,neutral,0.9567725658416748,2023-10
Spain,Double Room,Family,1,2023,10,6.0,Pleasant No highlights mentioned. No issues mentioned.,joy,0.616917073726654,2023-10
Portugal,Single Room,Solo traveller,1,2023,10,6.0,Pleasant No highlights mentioned. No issues mentioned.,joy,0.616917073726654,2023-10
Portugal,Double Room,Couple,1,2023,10,5.0,Passable No highlights mentioned. No issues mentioned.,neutral,0.9567725658416748,2023-10
Portugal,Twin Room,Couple,2,2023,10,5.0,Passable No highlights mentioned. No issues mentioned.,neutral,0.9567725658416748,2023-10
Spain,Double Room,Couple,2,2023,10,7.0,Good No highlights mentioned. No issues mentioned.,neutral,0.8976135849952698,2023-10
Poland,Twin Room,Family,1,2023,10,7.0,Good No highlights mentioned. No issues mentioned.,neutral,0.8976135849952698,2023-10
Portugal,Single Room,Solo traveller,5,2023,9,7.0,Good No highlights mentioned. No issues mentioned.,neutral,0.8976135849952698,2023-09
Portugal,Twin Room,Solo traveller,2,2023,9,7.0,Good No highlights mentioned. No issues mentioned.,neutral,0.8976135849952698,2023-09
Portugal,Double Room,Family,1,2023,9,5.0,Passable No highlights mentioned. No issues mentioned.,neutral,0.9567725658416748,2023-09
Spain,Double Room,Couple,1,2023,9,7.0,Good No highlights mentioned. No issues mentioned.,neutral,0.8976135849952698,2023-09
Czech Republic,Double Room,Family,1,2023,9,5.0,"Outdated equipment, the door from the bathroom could not be closed, the balcony could not be locked No highlights mentioned. No issues mentioned.",neutral,0.3096359074115753,2023-09
Portugal,Double Room,Couple,3,2023,9,7.0,Good No highlights mentioned. No issues mentioned.,neutral,0.8976135849952698,2023-09
Brazil,Double Room,Family,1,2023,8,6.0,Pleasant No highlights mentioned. No issues mentioned.,joy,0.616917073726654,2023-08
Portugal,Twin Room,Couple,1,2023,9,7.0,Good No highlights mentioned. No issues mentioned.,neutral,0.8976135849952698,2023-09
Germany,Single Room,Group,4,2023,9,6.0,Pleasant No highlights mentioned. No issues mentioned.,joy,0.616917073726654,2023-09
France,Double Room,Family,3,2023,9,6.0,Pleasant No highlights mentioned. No issues mentioned.,joy,0.616917073726654,2023-09
France,Twin Room,Family,2,2023,9,6.0,Pleasant No highlights mentioned. No issues mentioned.,joy,0.616917073726654,2023-09
Portugal,Double Room,Family,1,2023,9,7.0,Good No highlights mentioned. No issues mentioned.,neutral,0.8976135849952698,2023-09
France,Double Room,Couple,1,2023,9,5.0,Passable No highlights mentioned. No issues mentioned.,neutral,0.9567725658416748,2023-09
Portugal,Single Room,Solo traveller,1,2023,8,5.0,Passable No highlights mentioned. No issues mentioned.,neutral,0.9567725658416748,2023-08
Italy,Twin Room,Group,1,2023,8,7.0,Good No highlights mentioned. No issues mentioned.,neutral,0.8976135849952698,2023-08
Spain,Double Room,Group,4,2023,6,5.0,Passable No highlights mentioned. No issues mentioned.,neutral,0.9567725658416748,2023-06
Spain,Twin Room,Couple,2,2023,8,5.0,Passable No highlights mentioned. No issues mentioned.,neutral,0.9567725658416748,2023-08
France,Single Room,Solo traveller,1,2023,8,7.0,Good No highlights mentioned. No issues mentioned.,neutral,0.8976135849952698,2023-08
Spain,Double Room,Couple,3,2023,8,5.0,Passable No highlights mentioned. No issues mentioned.,neutral,0.9567725658416748,2023-08
France,Single Room,Solo traveller,1,2023,8,5.0,Passable No highlights mentioned. No issues mentioned.,neutral,0.9567725658416748,2023-08
Italy,Single Room,Solo traveller,3,2023,8,6.0,Pleasant No highlights mentioned. No issues mentioned.,joy,0.616917073726654,2023-08
Poland,Twin Room,Group,4,2023,8,6.0,Pleasant No highlights mentioned. No issues mentioned.,joy,0.616917073726654,2023-08
Spain,Double Room,Couple,1,2023,8,5.0,Passable No highlights mentioned. No issues mentioned.,neutral,0.9567725658416748,2023-08
Spain,Double Room,Couple,1,2023,8,5.0,Passable No highlights mentioned. No issues mentioned.,neutral,0.9567725658416748,2023-08
France,Double Room,Family,6,2023,8,6.0,Pleasant No highlights mentioned. No issues mentioned.,joy,0.616917073726654,2023-08
Austria,Single Room,Solo traveller,5,2023,5,5.0,Passable No highlights mentioned. No issues mentioned.,neutral,0.9567725658416748,2023-05
France,Single Room,Solo traveller,6,2023,7,6.0,Pleasant No highlights mentioned. No issues mentioned.,joy,0.616917073726654,2023-07
Brazil,Double Room,Couple,1,2023,6,5.0,Passable No highlights mentioned. No issues mentioned.,neutral,0.9567725658416748,2023-06
Portugal,Double Room,Family,1,2023,7,6.0,Pleasant No highlights mentioned. No issues mentioned.,joy,0.616917073726654,2023-07
Portugal,Double Room,Family,2,2023,7,5.0,Passable No highlights mentioned. No issues mentioned.,neutral,0.9567725658416748,2023-07
Argentina,Twin Room,Family,3,2023,6,7.0,Good No highlights mentioned. No issues mentioned.,neutral,0.8976135849952698,2023-06
Poland,Single Room,Solo traveller,4,2023,6,7.0,Good No highlights mentioned. No issues mentioned.,neutral,0.8976135849952698,2023-06
Hungary,Twin Room,Family,1,2023,5,7.0,Good No highlights mentioned. No issues mentioned.,neutral,0.8976135849952698,2023-05
Spain,Twin Room,Couple,1,2023,7,5.0,"Acceptable, but I would not come back No highlights mentioned. No issues mentioned.",neutral,0.4919623136520386,2023-07
France,Double Room,Couple,5,2023,7,6.0,Pleasant No highlights mentioned. No issues mentioned.,joy,0.616917073726654,2023-07
Chile,Double Room,Couple,1,2023,6,5.0,Passable No highlights mentioned. No issues mentioned.,neutral,0.9567725658416748,2023-06
Luxembourg,Double Room,Family,1,2023,6,7.0,Good No highlights mentioned. No issues mentioned.,neutral,0.8976135849952698,2023-06
Italy,Double Room,Solo traveller,2,2023,6,6.0,Pleasant No highlights mentioned. No issues mentioned.,joy,0.616917073726654,2023-06
Portugal,Double Room,Couple,2,2023,6,6.0,Pleasant No highlights mentioned. No issues mentioned.,joy,0.616917073726654,2023-06
Portugal,Double Room,Family,3,2023,6,6.0,Pleasant No highlights mentioned. No issues mentioned.,joy,0.616917073726654,2023-06
Brazil,Single Room,Solo traveller,4,2023,6,7.0,Good No highlights mentioned. No issues mentioned.,neutral,0.8976135849952698,2023-06
Brazil,Double Room,Solo traveller,2,2023,6,6.0,Pleasant No highlights mentioned. No issues mentioned.,joy,0.616917073726654,2023-06
Italy,Double Room,Couple,3,2023,6,5.0,Passable No highlights mentioned. No issues mentioned.,neutral,0.9567725658416748,2023-06
Portugal,Double Room,Couple,1,2023,6,7.0,Good No highlights mentioned. No issues mentioned.,neutral,0.8976135849952698,2023-06
Portugal,Double Room,Couple,1,2023,4,6.0,Pleasant No highlights mentioned. No issues mentioned.,joy,0.616917073726654,2023-04
Brazil,Single Room,Solo traveller,1,2023,5,5.0,Passable No highlights mentioned. No issues mentioned.,neutral,0.9567725658416748,2023-05
Portugal,Single Room,Solo traveller,1,2023,6,7.0,Good No highlights mentioned. No issues mentioned.,neutral,0.8976135849952698,2023-06
Italy,Twin Room,Couple,4,2023,6,5.0,Passable No highlights mentioned. No issues mentioned.,neutral,0.9567725658416748,2023-06
France,Double Room,Couple,1,2023,5,5.0,Passable No highlights mentioned. No issues mentioned.,neutral,0.9567725658416748,2023-05
Portugal,Single Room,Couple,1,2023,6,7.0,Good No highlights mentioned. No issues mentioned.,neutral,0.8976135849952698,2023-06
Portugal,Double Room,Solo traveller,1,2023,6,7.0,Good No highlights mentioned. No issues mentioned.,neutral,0.8976135849952698,2023-06
Portugal,Double Room,Couple,1,2023,4,6.0,Pleasant No highlights mentioned. No issues mentioned.,joy,0.616917073726654,2023-04
Portugal,Double Room,Couple,2,2023,5,6.0,Pleasant No highlights mentioned. No issues mentioned.,joy,0.616917073726654,2023-05
Hungary,Double Room,Couple,3,2023,5,6.0,Pleasant No highlights mentioned. No issues mentioned.,joy,0.616917073726654,2023-05
Portugal,Double Room,Couple,1,2023,5,7.0,Good No highlights mentioned. No issues mentioned.,neutral,0.8976135849952698,2023-05
France,Twin Room,Family,4,2023,5,7.0,Good No highlights mentioned. No issues mentioned.,neutral,0.8976135849952698,2023-05
Spain,Twin Room,Group,3,2023,5,5.0,Passable No highlights mentioned. No issues mentioned.,neutral,0.9567725658416748,2023-05
Luxembourg,Double Room,Couple,2,2023,5,6.0,Pleasant No highlights mentioned. No issues mentioned.,joy,0.616917073726654,2023-05
Portugal,Twin Room,Group,1,2023,4,5.0,Passable No highlights mentioned. No issues mentioned.,neutral,0.9567725658416748,2023-04
Portugal,Double Room,Couple,4,2023,4,7.0,Good No highlights mentioned. No issues mentioned.,neutral,0.8976135849952698,2023-04
Portugal,Single Room,Solo traveller,2,2023,3,5.0,Passable No highlights mentioned. No issues mentioned.,neutral,0.9567725658416748,2023-03
Portugal,Single Room,Solo traveller,2,2023,3,5.0,Passable No highlights mentioned. No issues mentioned.,neutral,0.9567725658416748,2023-03
Portugal,Single Room,Solo traveller,2,2023,3,5.0,Passable No highlights mentioned. No issues mentioned.,neutral,0.9567725658416748,2023-03
Portugal,Single Room,Solo traveller,2,2023,3,5.0,Passable No highlights mentioned. No issues mentioned.,neutral,0.9567725658416748,2023-03
Portugal,Twin Room,Solo traveller,1,2023,4,5.0,Passable No highlights mentioned. No issues mentioned.,neutral,0.9567725658416748,2023-04
Portugal,Single Room,Solo traveller,1,2023,4,5.0,Passable No highlights mentioned. No issues mentioned.,neutral,0.9567725658416748,2023-04
Portugal,Single Room,Solo traveller,2,2023,3,5.0,Passable No highlights mentioned. No issues mentioned.,neutral,0.9567725658416748,2023-03
Spain,Twin Room,Couple,1,2023,4,6.0,Pleasant No highlights mentioned. No issues mentioned.,joy,0.616917073726654,2023-04
Portugal,Double Room,Group,1,2023,4,5.0,Passable No highlights mentioned. No issues mentioned.,neutral,0.9567725658416748,2023-04
Spain,Single Room,Solo traveller,1,2023,4,6.0,Pleasant No highlights mentioned. No issues mentioned.,joy,0.616917073726654,2023-04
Portugal,Single Room,Solo traveller,4,2023,4,7.0,Good No highlights mentioned. No issues mentioned.,neutral,0.8976135849952698,2023-04
Portugal,Double Room,Family,1,2023,4,5.0,Passable No highlights mentioned. No issues mentioned.,neutral,0.9567725658416748,2023-04
Portugal,Double Room,Family,2,2023,4,5.0,Passable No highlights mentioned. No issues mentioned.,neutral,0.9567725658416748,2023-04
Spain,Twin Room,Family,4,2023,4,5.0,Passable No highlights mentioned. No issues mentioned.,neutral,0.9567725658416748,2023-04
Portugal,Single Room,Solo traveller,2,2023,3,7.0,Good No highlights mentioned. No issues mentioned.,neutral,0.8976135849952698,2023-03
Portugal,Single Room,Solo traveller,1,2023,3,7.0,Good No highlights mentioned. No issues mentioned.,neutral,0.8976135849952698,2023-03
Portugal,Single Room,Solo traveller,1,2023,3,5.0,Passable No highlights mentioned. No issues mentioned.,neutral,0.9567725658416748,2023-03
Portugal,Single Room,Solo traveller,1,2023,3,7.0,Good No highlights mentioned. No issues mentioned.,neutral,0.8976135849952698,2023-03
Spain,Single Room,Solo traveller,1,2023,3,6.0,Pleasant No highlights mentioned. No issues mentioned.,joy,0.616917073726654,2023-03
Portugal,Double Room,Family,1,2023,3,6.0,Pleasant No highlights mentioned. No issues mentioned.,joy,0.616917073726654,2023-03
Morocco,Single Room,Solo traveller,3,2023,3,5.0,Passable No highlights mentioned. No issues mentioned.,neutral,0.9567725658416748,2023-03
Italy,Single Room,Solo traveller,2,2023,3,7.0,Good No highlights mentioned. No issues mentioned.,neutral,0.8976135849952698,2023-03
Portugal,Single Room,Family,1,2023,3,6.0,Pleasant No highlights mentioned. No issues mentioned.,joy,0.616917073726654,2023-03
Portugal,Double Room,Couple,1,2023,2,5.0,Passable No highlights mentioned. No issues mentioned.,neutral,0.9567725658416748,2023-02
Portugal,Single Room,Solo traveller,1,2023,2,6.0,Pleasant No highlights mentioned. No issues mentioned.,joy,0.616917073726654,2023-02
Portugal,Twin Room,Family,1,2023,2,5.0,Passable No highlights mentioned. No issues mentioned.,neutral,0.9567725658416748,2023-02
Netherlands,Single Room,Solo traveller,2,2023,1,6.0,Pleasant No highlights mentioned. No issues mentioned.,joy,0.616917073726654,2023-01
Portugal,Double Room,Couple,1,2023,1,7.0,Good No highlights mentioned. No issues mentioned.,neutral,0.8976135849952698,2023-01
Portugal,Single Room,Solo traveller,1,2023,1,5.0,Passable No highlights mentioned. No issues mentioned.,neutral,0.9567725658416748,2023-01
Portugal,Single Room,Solo traveller,1,2023,1,7.0,Good No highlights mentioned. No issues mentioned.,neutral,0.8976135849952698,2023-01
Portugal,Single Room,Solo traveller,1,2022,11,7.0,Good No highlights mentioned. No issues mentioned.,neutral,0.8976135849952698,2022-11
Portugal,Single Room,Solo traveller,1,2023,1,6.0,Pleasant No highlights mentioned. No issues mentioned.,joy,0.616917073726654,2023-01
Portugal,Single Room,Solo traveller,1,2022,12,6.0,Pleasant No highlights mentioned. No issues mentioned.,joy,0.616917073726654,2022-12
Portugal,Double Room,Couple,1,2022,12,5.0,Passable No highlights mentioned. No issues mentioned.,neutral,0.9567725658416748,2022-12
Portugal,Double Room,Couple,1,2022,12,7.0,Good No highlights mentioned. No issues mentioned.,neutral,0.8976135849952698,2022-12
Portugal,Double Room,Couple,1,2022,12,6.0,Pleasant No highlights mentioned. No issues mentioned.,joy,0.616917073726654,2022-12
Portugal,Double Room,Couple,1,2022,9,5.0,Passable No highlights mentioned. No issues mentioned.,neutral,0.9567725658416748,2022-09
Belgium,Twin Room,Couple,1,2022,11,5.0,Passable No highlights mentioned. No issues mentioned.,neutral,0.9567725658416748,2022-11
Portugal,Double Room,Solo traveller,1,2022,12,6.0,Pleasant No highlights mentioned. No issues mentioned.,joy,0.616917073726654,2022-12
Spain,Single Room,Solo traveller,5,2022,12,5.4,Passable No highlights mentioned. No issues mentioned.,neutral,0.9567725658416748,2022-12
Italy,Single Room,Solo traveller,2,2022,12,7.0,Good No highlights mentioned. No issues mentioned.,neutral,0.8976135849952698,2022-12
Italy,Single Room,Solo traveller,2,2022,12,7.0,Good No highlights mentioned. No issues mentioned.,neutral,0.8976135849952698,2022-12
Brazil,Double Room,Couple,1,2022,11,5.0,Passable No highlights mentioned. No issues mentioned.,neutral,0.9567725658416748,2022-11
Portugal,Double Room,Couple,1,2022,11,6.0,Pleasant No highlights mentioned. No issues mentioned.,joy,0.616917073726654,2022-11
Portugal,Double Room,Couple,1,2022,11,5.0,Passable No highlights mentioned. No issues mentioned.,neutral,0.9567725658416748,2022-11
Portugal,Double Room,Couple,1,2022,10,6.0,Pleasant No highlights mentioned. No issues mentioned.,joy,0.616917073726654,2022-10
Brazil,Twin Room,Family,1,2022,11,7.0,Good No highlights mentioned. No issues mentioned.,neutral,0.8976135849952698,2022-11
Portugal,Double Room,Couple,1,2022,11,7.0,Good No highlights mentioned. No issues mentioned.,neutral,0.8976135849952698,2022-11
Italy,Single Room,Solo traveller,3,2022,11,7.0,Good No highlights mentioned. No issues mentioned.,neutral,0.8976135849952698,2022-11
Portugal,Double Room,Couple,1,2022,11,5.0,Passable No highlights mentioned. No issues mentioned.,neutral,0.9567725658416748,2022-11
Portugal,Double Room,Family,2,2022,11,6.0,Pleasant No highlights mentioned. No issues mentioned.,joy,0.616917073726654,2022-11
Portugal,Twin Room,Family,2,2022,11,7.0,Good No highlights mentioned. No issues mentioned.,neutral,0.8976135849952698,2022-11
Portugal,Double Room,Couple,1,2022,9,5.0,Passable No highlights mentioned. No issues mentioned.,neutral,0.9567725658416748,2022-09
Spain,Single Room,Solo traveller,5,2022,11,7.0,Good No highlights mentioned. No issues mentioned.,neutral,0.8976135849952698,2022-11
Portugal,Single Room,Solo traveller,1,2022,11,7.0,Good No highlights mentioned. No issues mentioned.,neutral,0.8976135849952698,2022-11
Portugal,Single Room,Solo traveller,2,2022,8,5.0,Passable No highlights mentioned. No issues mentioned.,neutral,0.9567725658416748,2022-08
Switzerland,Single Room,Solo traveller,3,2022,10,5.0,Passable No highlights mentioned. No issues mentioned.,neutral,0.9567725658416748,2022-10
Portugal,Double Room,Couple,1,2022,11,6.0,Pleasant No highlights mentioned. No issues mentioned.,joy,0.616917073726654,2022-11
Portugal,Single Room,Group,1,2022,10,5.0,Passable No highlights mentioned. No issues mentioned.,neutral,0.9567725658416748,2022-10
Portugal,Single Room,Group,1,2022,10,5.0,Passable No highlights mentioned. No issues mentioned.,neutral,0.9567725658416748,2022-10
Portugal,Single Room,Solo traveller,1,2022,10,5.0,Passable No highlights mentioned. No issues mentioned.,neutral,0.9567725658416748,2022-10
Portugal,Twin Room,Solo traveller,1,2022,10,5.0,Passable No highlights mentioned. No issues mentioned.,neutral,0.9567725658416748,2022-10
Portugal,Single Room,Solo traveller,1,2022,10,6.0,Pleasant No highlights mentioned. No issues mentioned.,joy,0.616917073726654,2022-10
Portugal,Single Room,Solo traveller,1,2022,10,5.0,Passable No highlights mentioned. No issues mentioned.,neutral,0.9567725658416748,2022-10
Portugal,Double Room,Couple,1,2022,10,5.0,Passable No highlights mentioned. No issues mentioned.,neutral,0.9567725658416748,2022-10
Hungary,Double Room,Couple,2,2022,10,6.0,Pleasant No highlights mentioned. No issues mentioned.,joy,0.616917073726654,2022-10
Portugal,Double Room,Couple,2,2022,10,5.0,Passable No highlights mentioned. No issues mentioned.,neutral,0.9567725658416748,2022-10
Spain,Single Room,Solo traveller,3,2022,9,5.0,Passable No highlights mentioned. No issues mentioned.,neutral,0.9567725658416748,2022-09
Portugal,Twin Room,Solo traveller,1,2022,10,7.0,Good No highlights mentioned. No issues mentioned.,neutral,0.8976135849952698,2022-10
Brazil,Twin Room,Couple,7,2022,10,7.0,Good No highlights mentioned. No issues mentioned.,neutral,0.8976135849952698,2022-10
Portugal,Double Room,Family,1,2022,10,7.0,Good No highlights mentioned. No issues mentioned.,neutral,0.8976135849952698,2022-10
Angola,Twin Room,Family,3,2022,10,7.0,Good No highlights mentioned. No issues mentioned.,neutral,0.8976135849952698,2022-10
Czech Republic,Single Room,Solo traveller,2,2022,9,7.0,Good No highlights mentioned. No issues mentioned.,neutral,0.8976135849952698,2022-09
Spain,Double Room,Family,1,2022,9,7.0,Good No highlights mentioned. No issues mentioned.,neutral,0.8976135849952698,2022-09
Brazil,Single Room,Solo traveller,3,2022,9,7.0,Good No highlights mentioned. No issues mentioned.,neutral,0.8976135849952698,2022-09
Portugal,Single Room,Solo traveller,1,2022,9,6.0,Pleasant No highlights mentioned. No issues mentioned.,joy,0.616917073726654,2022-09
Portugal,Double Room,Family,2,2022,9,5.0,Passable No highlights mentioned. No issues mentioned.,neutral,0.9567725658416748,2022-09
Portugal,Double Room,Solo traveller,1,2022,9,7.0,Good No highlights mentioned. No issues mentioned.,neutral,0.8976135849952698,2022-09
Portugal,Double Room,Family,1,2022,9,6.0,Pleasant No highlights mentioned. No issues mentioned.,joy,0.616917073726654,2022-09
Spain,Twin Room,Couple,1,2022,9,6.0,Pleasant No highlights mentioned. No issues mentioned.,joy,0.616917073726654,2022-09
Spain,Double Room,Couple,4,2022,9,7.0,Good No highlights mentioned. No issues mentioned.,neutral,0.8976135849952698,2022-09
Portugal,Double Room,Couple,1,2022,8,7.0,Good No highlights mentioned. No issues mentioned.,neutral,0.8976135849952698,2022-08
Portugal,Double Room,Family,1,2022,8,7.0,Good No highlights mentioned. No issues mentioned.,neutral,0.8976135849952698,2022-08
France,Double Room,Family,1,2022,8,7.0,Good No highlights mentioned. No issues mentioned.,neutral,0.8976135849952698,2022-08
Portugal,Double Room,Family,1,2022,8,5.0,Passable No highlights mentioned. No issues mentioned.,neutral,0.9567725658416748,2022-08
Portugal,Twin Room,Solo traveller,1,2022,8,5.0,Passable No highlights mentioned. No issues mentioned.,neutral,0.9567725658416748,2022-08
Portugal,Double Room,Group,1,2022,8,5.0,Passable No highlights mentioned. No issues mentioned.,neutral,0.9567725658416748,2022-08
France,Single Room,Solo traveller,4,2022,8,5.0,Passable No highlights mentioned. No issues mentioned.,neutral,0.9567725658416748,2022-08
France,Double Room,Couple,7,2022,8,7.0,Good No highlights mentioned. No issues mentioned.,neutral,0.8976135849952698,2022-08
Portugal,Single Room,Solo traveller,1,2022,8,6.0,Pleasant No highlights mentioned. No issues mentioned.,joy,0.616917073726654,2022-08
Spain,Double Room,Couple,1,2022,7,7.0,Good No highlights mentioned. No issues mentioned.,neutral,0.8976135849952698,2022-07
France,Twin Room,Couple,4,2022,8,7.0,Good No highlights mentioned. No issues mentioned.,neutral,0.8976135849952698,2022-08
Sweden,Single Room,Solo traveller,4,2022,7,5.0,Passable No highlights mentioned. No issues mentioned.,neutral,0.9567725658416748,2022-07
Portugal,Double Room,Family,2,2022,7,5.0,Passable No highlights mentioned. No issues mentioned.,neutral,0.9567725658416748,2022-07
Spain,Double Room,Couple,2,2022,7,6.0,Pleasant No highlights mentioned. No issues mentioned.,joy,0.616917073726654,2022-07
Portugal,Twin Room,Group,1,2022,7,5.0,Passable No highlights mentioned. No issues mentioned.,neutral,0.9567725658416748,2022-07
Spain,Double Room,Couple,2,2022,7,6.0,Pleasant No highlights mentioned. No issues mentioned.,joy,0.616917073726654,2022-07
Portugal,Twin Room,Solo traveller,1,2022,6,6.0,Pleasant No highlights mentioned. No issues mentioned.,joy,0.616917073726654,2022-06
Spain,Twin Room,Couple,1,2022,7,6.0,Pleasant No highlights mentioned. No issues mentioned.,joy,0.616917073726654,2022-07
Portugal,Single Room,Solo traveller,3,2022,7,7.0,Good No highlights mentioned. No issues mentioned.,neutral,0.8976135849952698,2022-07
Portugal,Twin Room,Family,1,2022,6,5.0,Passable No highlights mentioned. No issues mentioned.,neutral,0.9567725658416748,2022-06
United States,Twin Room,Family,4,2022,6,5.0,Passable No highlights mentioned. No issues mentioned.,neutral,0.9567725658416748,2022-06
Switzerland,Twin Room,Family,1,2022,7,7.0,Good No highlights mentioned. No issues mentioned.,neutral,0.8976135849952698,2022-07
Portugal,Single Room,Solo traveller,2,2022,6,5.0,Passable No highlights mentioned. No issues mentioned.,neutral,0.9567725658416748,2022-06
Latvia,Twin Room,Family,6,2022,6,5.0,Passable No highlights mentioned. No issues mentioned.,neutral,0.9567725658416748,2022-06
Germany,Double Room,Group,2,2022,6,6.0,Pleasant No highlights mentioned. No issues mentioned.,joy,0.616917073726654,2022-06
Portugal,Double Room,Couple,1,2022,6,5.0,Passable No highlights mentioned. No issues mentioned.,neutral,0.9567725658416748,2022-06
Portugal,Twin Room,Solo traveller,1,2022,4,7.0,Good No highlights mentioned. No issues mentioned.,neutral,0.8976135849952698,2022-04
Portugal,Twin Room,Family,3,2022,6,6.0,Pleasant No highlights mentioned. No issues mentioned.,joy,0.616917073726654,2022-06
Spain,Double Room,Family,2,2022,6,7.0,Good No highlights mentioned. No issues mentioned.,neutral,0.8976135849952698,2022-06
Portugal,Single Room,Solo traveller,1,2022,5,6.0,Pleasant No highlights mentioned. No issues mentioned.,joy,0.616917073726654,2022-05
Netherlands,Double Room,Couple,1,2022,6,5.0,Passable No highlights mentioned. No issues mentioned.,neutral,0.9567725658416748,2022-06
Portugal,Double Room,Solo traveller,2,2022,6,6.0,Pleasant No highlights mentioned. No issues mentioned.,joy,0.616917073726654,2022-06
France,Single Room,Group,1,2022,5,5.0,Passable No highlights mentioned. No issues mentioned.,neutral,0.9567725658416748,2022-05
Brazil,Single Room,Solo traveller,3,2022,5,7.0,Good No highlights mentioned. No issues mentioned.,neutral,0.8976135849952698,2022-05
France,Double Room,Group,3,2022,5,6.0,Pleasant No highlights mentioned. No issues mentioned.,joy,0.616917073726654,2022-05
France,Double Room,Family,2,2022,5,7.0,Good No highlights mentioned. No issues mentioned.,neutral,0.8976135849952698,2022-05
Portugal,Double Room,Family,1,2022,4,5.0,Passable No highlights mentioned. No issues mentioned.,neutral,0.9567725658416748,2022-04
Portugal,Single Room,Solo traveller,1,2022,5,5.0,Passable No highlights mentioned. No issues mentioned.,neutral,0.9567725658416748,2022-05
Portugal,Twin Room,Solo traveller,1,2022,5,5.0,Passable No highlights mentioned. No issues mentioned.,neutral,0.9567725658416748,2022-05
Portugal,Twin Room,Group,3,2022,5,5.0,Passable No highlights mentioned. No issues mentioned.,neutral,0.9567725658416748,2022-05
Portugal,Double Room,Family,3,2022,5,5.0,Passable No highlights mentioned. No issues mentioned.,neutral,0.9567725658416748,2022-05
Spain,Double Room,Couple,2,2022,4,5.0,Passable No highlights mentioned. No issues mentioned.,neutral,0.9567725658416748,2022-04
Spain,Single Room,Solo traveller,2,2022,4,5.0,Passable No highlights mentioned. No issues mentioned.,neutral,0.9567725658416748,2022-04
Portugal,Double Room,Family,1,2022,1,6.0,Pleasant No highlights mentioned. No issues mentioned.,joy,0.616917073726654,2022-01
Portugal,Single Room,Group,1,2022,3,7.0,Good No highlights mentioned. No issues mentioned.,neutral,0.8976135849952698,2022-03
Portugal,Double Room,Group,1,2022,3,7.0,Good No highlights mentioned. No issues mentioned.,neutral,0.8976135849952698,2022-03
Brazil,Double Room,Couple,1,2022,4,6.0,Pleasant No highlights mentioned. No issues mentioned.,joy,0.616917073726654,2022-04
Spain,Single Room,Group,3,2022,4,5.0,Passable No highlights mentioned. No issues mentioned.,neutral,0.9567725658416748,2022-04
Spain,Double Room,Couple,2,2022,4,7.0,Good No highlights mentioned. No issues mentioned.,neutral,0.8976135849952698,2022-04
Spain,Twin Room,Group,3,2022,4,6.0,Pleasant No highlights mentioned. No issues mentioned.,joy,0.616917073726654,2022-04
Portugal,Double Room,Couple,4,2022,4,6.0,Pleasant No highlights mentioned. No issues mentioned.,joy,0.616917073726654,2022-04
Portugal,Single Room,Solo traveller,1,2022,4,5.0,Passable No highlights mentioned. No issues mentioned.,neutral,0.9567725658416748,2022-04
Portugal,Double Room,Family,1,2022,4,7.0,Good No highlights mentioned. No issues mentioned.,neutral,0.8976135849952698,2022-04
Portugal,Double Room,Solo traveller,3,2022,3,5.0,Passable No highlights mentioned. No issues mentioned.,neutral,0.9567725658416748,2022-03
Portugal,Twin Room,Family,1,2022,3,7.0,Good No highlights mentioned. No issues mentioned.,neutral,0.8976135849952698,2022-03
Portugal,Double Room,Solo traveller,1,2025,3,10.0,Exceptional No highlights mentioned. No issues mentioned.,neutral,0.7593340277671814,2025-03
Portugal,Double Room,Family,1,2025,3,8.0,Very good No highlights mentioned. No issues mentioned.,neutral,0.8817152380943298,2025-03
Portugal,Twin Room,Couple,1,2025,3,4.0,Disappointing No highlights mentioned. No issues mentioned.,sadness,0.610393762588501,2025-03
Brazil,Double Room,Family,1,2025,3,8.0,Very good No highlights mentioned. No issues mentioned.,neutral,0.8817152380943298,2025-03
Portugal,Single Room,Solo traveller,2,2025,2,3.0,Poor No highlights mentioned. No issues mentioned.,sadness,0.5652276277542114,2025-02
Italy,Double Room,Couple,1,2025,2,4.0,Disappointing No highlights mentioned. No issues mentioned.,sadness,0.610393762588501,2025-02
Portugal,Single Room,Solo traveller,1,2025,2,4.0,Disappointing No highlights mentioned. No issues mentioned.,sadness,0.610393762588501,2025-02
Spain,Single Room,Solo traveller,5,2025,2,8.0,Very good No highlights mentioned. No issues mentioned.,neutral,0.8817152380943298,2025-02
Portugal,Double Room,Couple,1,2025,1,3.0,Poor No highlights mentioned. No issues mentioned.,sadness,0.5652276277542114,2025-01
Portugal,Twin Room,Solo traveller,2,2025,2,3.0,Poor No highlights mentioned. No issues mentioned.,sadness,0.5652276277542114,2025-02
Portugal,Double Room,Family,1,2025,1,9.0,Superb No highlights mentioned. No issues mentioned.,neutral,0.7779703736305237,2025-01
Portugal,Double Room,Couple,1,2024,11,8.0,Very good No highlights mentioned. No issues mentioned.,neutral,0.8817152380943298,2024-11
France,Double Room,Family,1,2025,1,4.0,Disappointing No highlights mentioned. No issues mentioned.,sadness,0.610393762588501,2025-01
Brazil,Double Room,Solo traveller,1,2025,1,4.0,Disappointing No highlights mentioned. No issues mentioned.,sadness,0.610393762588501,2025-01
Portugal,Single Room,Solo traveller,1,2024,12,10.0,Exceptional No highlights mentioned. No issues mentioned.,neutral,0.7593340277671814,2024-12
Portugal,Single Room,Solo traveller,1,2024,12,10.0,Exceptional No highlights mentioned. No issues mentioned.,neutral,0.7593340277671814,2024-12
Portugal,Double Room,Couple,4,2024,12,10.0,Exceptional No highlights mentioned. No issues mentioned.,neutral,0.7593340277671814,2024-12
Portugal,Double Room,Family,1,2024,12,8.0,Very good No highlights mentioned. No issues mentioned.,neutral,0.8817152380943298,2024-12
Spain,Double Room,Solo traveller,2,2024,12,10.0,Exceptional No highlights mentioned. No issues mentioned.,neutral,0.7593340277671814,2024-12
Portugal,Double Room,Family,3,2024,12,9.0,Superb No highlights mentioned. No issues mentioned.,neutral,0.7779703736305237,2024-12
Portugal,Double Room,Couple,1,2024,9,10.0,Exceptional No highlights mentioned. No issues mentioned.,neutral,0.7593340277671814,2024-09
Portugal,Double Room,Couple,1,2024,11,4.0,Disappointing No highlights mentioned. No issues mentioned.,sadness,0.610393762588501,2024-11
Portugal,Twin Room,Family,1,2024,11,10.0,Exceptional No highlights mentioned. No issues mentioned.,neutral,0.7593340277671814,2024-11
Portugal,Single Room,Solo traveller,1,2024,11,9.0,Superb No highlights mentioned. No issues mentioned.,neutral,0.7779703736305237,2024-11
Portugal,Twin Room,Couple,1,2024,10,1.0,Bad No highlights mentioned. No issues mentioned.,disgust,0.49483510851860046,2024-10
France,Double Room,Solo traveller,4,2024,10,8.0,Very good No highlights mentioned. No issues mentioned.,neutral,0.8817152380943298,2024-10
Spain,Single Room,Solo traveller,1,2024,10,4.0,Regular No highlights mentioned. No issues mentioned.,neutral,0.8623244762420654,2024-10
Spain,Single Room,Solo traveller,3,2024,9,8.0,Very good No highlights mentioned. No issues mentioned.,neutral,0.8817152380943298,2024-09
Portugal,Twin Room,Solo traveller,1,2024,10,10.0,Exceptional No highlights mentioned. No issues mentioned.,neutral,0.7593340277671814,2024-10
Portugal,Double Room,Couple,1,2024,9,3.0,Poor No highlights mentioned. No issues mentioned.,sadness,0.5652276277542114,2024-09
France,Twin Room,Family,1,2024,10,9.0,Superb No highlights mentioned. No issues mentioned.,neutral,0.7779703736305237,2024-10
Portugal,Twin Room,Family,2,2024,10,8.0,Very good No highlights mentioned. No issues mentioned.,neutral,0.8817152380943298,2024-10
Spain,Double Room,Family,1,2024,10,2.0,Very poor No highlights mentioned. No issues mentioned.,disgust,0.48148831725120544,2024-10
Italy,Single Room,Solo traveller,2,2024,10,9.0,Superb No highlights mentioned. No issues mentioned.,neutral,0.7779703736305237,2024-10
Portugal,Double Room,Couple,4,2024,10,2.0,Very poor No highlights mentioned. No issues mentioned.,disgust,0.48148831725120544,2024-10
Spain,Double Room,Group,4,2024,10,10.0,Exceptional No highlights mentioned. No issues mentioned.,neutral,0.7593340277671814,2024-10
Portugal,Double Room,Family,1,2024,10,8.0,Very good No highlights mentioned. No issues mentioned.,neutral,0.8817152380943298,2024-10
Portugal,Twin Room,Group,1,2024,10,9.0,Superb No highlights mentioned. No issues mentioned.,neutral,0.7779703736305237,2024-10
Portugal,Double Room,Couple,1,2024,9,4.0,Disappointing No highlights mentioned. No issues mentioned.,sadness,0.610393762588501,2024-09
Portugal,Single Room,Solo traveller,2,2024,9,9.0,Superb No highlights mentioned. No issues mentioned.,neutral,0.7779703736305237,2024-09
Spain,Twin Room,Couple,3,2024,9,8.0,Very good No highlights mentioned. No issues mentioned.,neutral,0.8817152380943298,2024-09
Portugal,Double Room,Couple,1,2024,9,3.0,Poor No highlights mentioned. No issues mentioned.,sadness,0.5652276277542114,2024-09
Portugal,Single Room,Solo traveller,1,2024,9,10.0,Exceptional No highlights mentioned. No issues mentioned.,neutral,0.7593340277671814,2024-09
Portugal,Double Room,Couple,1,2024,9,8.0,Very good No highlights mentioned. No issues mentioned.,neutral,0.8817152380943298,2024-09
Portugal,Twin Room,Couple,2,2024,9,10.0,Exceptional No highlights mentioned. No issues mentioned.,neutral,0.7593340277671814,2024-09
Italy,Single Room,Solo traveller,1,2024,9,8.0,Very good No highlights mentioned. No issues mentioned.,neutral,0.8817152380943298,2024-09
Brazil,Double Room,Family,1,2024,7,8.0,Very good No highlights mentioned. No issues mentioned.,neutral,0.8817152380943298,2024-07
Portugal,Double Room,Couple,1,2024,8,10.0,Exceptional No highlights mentioned. No issues mentioned.,neutral,0.7593340277671814,2024-08
Portugal,Twin Room,Family,1,2024,8,9.0,Superb No highlights mentioned. No issues mentioned.,neutral,0.7779703736305237,2024-08
Spain,Double Room,Couple,3,2024,8,8.0,Very good No highlights mentioned. No issues mentioned.,neutral,0.8817152380943298,2024-08
Spain,Double Room,Group,1,2024,8,8.0,Very good No highlights mentioned. No issues mentioned.,neutral,0.8817152380943298,2024-08
France,Double Room,Couple,2,2024,8,10.0,Exceptional No highlights mentioned. No issues mentioned.,neutral,0.7593340277671814,2024-08
Portugal,Twin Room,Couple,1,2024,8,10.0,Exceptional No highlights mentioned. No issues mentioned.,neutral,0.7593340277671814,2024-08
Brazil,Single Room,Couple,1,2024,8,10.0,Exceptional No highlights mentioned. No issues mentioned.,neutral,0.7593340277671814,2024-08
Brazil,Double Room,Couple,2,2024,7,4.0,Disappointing No highlights mentioned. No issues mentioned.,sadness,0.610393762588501,2024-07
Portugal,Double Room,Couple,1,2024,8,9.0,Superb No highlights mentioned. No issues mentioned.,neutral,0.7779703736305237,2024-08
Portugal,Double Room,Couple,1,2024,7,4.0,Disappointing No highlights mentioned. No issues mentioned.,sadness,0.610393762588501,2024-07
Portugal,Single Room,Solo traveller,2,2024,7,8.0,Very good No highlights mentioned. No issues mentioned.,neutral,0.8817152380943298,2024-07
Portugal,Double Room,Family,1,2024,6,8.0,Very good No highlights mentioned. No issues mentioned.,neutral,0.8817152380943298,2024-06
Spain,Double Room,Couple,1,2024,7,10.0,Exceptional No highlights mentioned. No issues mentioned.,neutral,0.7593340277671814,2024-07
Portugal,Single Room,Solo traveller,1,2024,7,10.0,Exceptional No highlights mentioned. No issues mentioned.,neutral,0.7593340277671814,2024-07
Spain,Double Room,Family,1,2024,7,8.0,Very good No highlights mentioned. No issues mentioned.,neutral,0.8817152380943298,2024-07
Spain,Double Room,Family,1,2024,7,2.0,Very poor No highlights mentioned. No issues mentioned.,disgust,0.48148831725120544,2024-07
Portugal,Twin Room,Group,2,2024,7,4.0,Disappointing No highlights mentioned. No issues mentioned.,sadness,0.610393762588501,2024-07
Romania,Twin Room,Family,6,2024,7,3.0,Poor No highlights mentioned. No issues mentioned.,sadness,0.5652276277542114,2024-07
Portugal,Double Room,Family,2,2024,7,8.0,Very good No highlights mentioned. No issues mentioned.,neutral,0.8817152380943298,2024-07
Portugal,Double Room,Couple,2,2024,6,8.0,Very good No highlights mentioned. No issues mentioned.,neutral,0.8817152380943298,2024-06
France,Twin Room,Family,1,2024,6,4.0,Disappointing No highlights mentioned. No issues mentioned.,sadness,0.610393762588501,2024-06
Spain,Twin Room,Couple,2,2024,6,3.0,Poor No highlights mentioned. No issues mentioned.,sadness,0.5652276277542114,2024-06
Andorra,Single Room,Couple,1,2024,6,4.0,CAN CANSELAR PRECO 52 TO 2 PEOPLE This was all lie No highlights mentioned. No issues mentioned.,anger,0.5385334491729736,2024-06
Portugal,Twin Room,Family,1,2024,6,10.0,Exceptional No highlights mentioned. No issues mentioned.,neutral,0.7593340277671814,2024-06
France,Single Room,Solo traveller,5,2024,6,8.0,Very good No highlights mentioned. No issues mentioned.,neutral,0.8817152380943298,2024-06
Portugal,Twin Room,Family,1,2024,5,9.0,Superb No highlights mentioned. No issues mentioned.,neutral,0.7779703736305237,2024-05
Portugal,Double Room,Family,1,2024,6,9.0,Superb No highlights mentioned. No issues mentioned.,neutral,0.7779703736305237,2024-06
Portugal,Double Room,Family,1,2024,6,8.0,Very good No highlights mentioned. No issues mentioned.,neutral,0.8817152380943298,2024-06
Colombia,Double Room,Family,1,2024,6,10.0,Exceptional No highlights mentioned. No issues mentioned.,neutral,0.7593340277671814,2024-06
Spain,Double Room,Solo traveller,5,2024,5,10.0,Exceptional No highlights mentioned. No issues mentioned.,neutral,0.7593340277671814,2024-05
Portugal,Double Room,Family,1,2024,6,8.0,Very good No highlights mentioned. No issues mentioned.,neutral,0.8817152380943298,2024-06
Portugal,Double Room,Family,2,2024,5,3.0,Poor No highlights mentioned. No issues mentioned.,sadness,0.5652276277542114,2024-05
Portugal,Twin Room,Couple,2,2024,5,10.0,Exceptional No highlights mentioned. No issues mentioned.,neutral,0.7593340277671814,2024-05
France,Twin Room,Family,2,2024,5,3.0,Poor No highlights mentioned. No issues mentioned.,sadness,0.5652276277542114,2024-05
Brazil,Single Room,Solo traveller,1,2024,4,8.0,Very good No highlights mentioned. No issues mentioned.,neutral,0.8817152380943298,2024-04
France,Twin Room,Family,1,2024,5,9.0,Superb No highlights mentioned. No issues mentioned.,neutral,0.7779703736305237,2024-05
Portugal,Twin Room,Solo traveller,2,2024,5,8.0,Very good No highlights mentioned. No issues mentioned.,neutral,0.8817152380943298,2024-05
Brazil,Twin Room,Solo traveller,2,2024,5,8.0,Very good No highlights mentioned. No issues mentioned.,neutral,0.8817152380943298,2024-05
Portugal,Single Room,Solo traveller,1,2024,5,3.0,Poor No highlights mentioned. No issues mentioned.,sadness,0.5652276277542114,2024-05
Portugal,Twin Room,Family,2,2024,5,8.0,Very good No highlights mentioned. No issues mentioned.,neutral,0.8817152380943298,2024-05
Portugal,Twin Room,Family,2,2024,5,10.0,Exceptional No highlights mentioned. No issues mentioned.,neutral,0.7593340277671814,2024-05
Germany,Single Room,Solo traveller,7,2024,4,9.0,Superb No highlights mentioned. No issues mentioned.,neutral,0.7779703736305237,2024-04
Tunisia,Single Room,Solo traveller,2,2024,4,9.0,Superb No highlights mentioned. No issues mentioned.,neutral,0.7779703736305237,2024-04
Switzerland,Double Room,Couple,1,2024,4,4.0,Disappointing No highlights mentioned. No issues mentioned.,sadness,0.610393762588501,2024-04
Switzerland,Double Room,Family,1,2024,3,3.0,Poor No highlights mentioned. No issues mentioned.,sadness,0.5652276277542114,2024-03
Portugal,Double Room,Family,2,2024,3,10.0,Exceptional No highlights mentioned. No issues mentioned.,neutral,0.7593340277671814,2024-03
France,Double Room,Couple,3,2024,3,9.0,Superb No highlights mentioned. No issues mentioned.,neutral,0.7779703736305237,2024-03
Portugal,Single Room,Solo traveller,1,2024,3,8.0,Very good No highlights mentioned. No issues mentioned.,neutral,0.8817152380943298,2024-03
Portugal,Double Room,Couple,2,2024,3,8.0,Very good No highlights mentioned. No issues mentioned.,neutral,0.8817152380943298,2024-03
Portugal,Single Room,Solo traveller,1,2024,2,8.0,Very good No highlights mentioned. No issues mentioned.,neutral,0.8817152380943298,2024-02
Portugal,Double Room,Couple,1,2024,1,1.0,Bad No highlights mentioned. No issues mentioned.,disgust,0.49483510851860046,2024-01
Finland,Twin Room,Family,2,2024,2,8.0,Very good No highlights mentioned. No issues mentioned.,neutral,0.8817152380943298,2024-02
Portugal,Single Room,Solo traveller,1,2024,2,10.0,Exceptional No highlights mentioned. No issues mentioned.,neutral,0.7593340277671814,2024-02
Portugal,Double Room,Couple,2,2024,1,9.0,Superb No highlights mentioned. No issues mentioned.,neutral,0.7779703736305237,2024-01
Portugal,Twin Room,Couple,1,2024,1,1.0,Bad No highlights mentioned. No issues mentioned.,disgust,0.49483510851860046,2024-01
Brazil,Double Room,Family,2,2023,12,8.0,Very good No highlights mentioned. No issues mentioned.,neutral,0.8817152380943298,2023-12
Portugal,Double Room,Family,1,2023,12,10.0,Exceptional No highlights mentioned. No issues mentioned.,neutral,0.7593340277671814,2023-12
Spain,Twin Room,Couple,1,2023,12,4.0,Disappointing No highlights mentioned. No issues mentioned.,sadness,0.610393762588501,2023-12
Brazil,Double Room,Solo traveller,1,2023,12,9.0,Superb No highlights mentioned. No issues mentioned.,neutral,0.7779703736305237,2023-12
Portugal,Double Room,Couple,1,2023,12,9.0,Superb No highlights mentioned. No issues mentioned.,neutral,0.7779703736305237,2023-12
Spain,Double Room,Solo traveller,3,2023,12,10.0,Exceptional No highlights mentioned. No issues mentioned.,neutral,0.7593340277671814,2023-12
Spain,Double Room,Solo traveller,2,2023,11,9.0,Superb No highlights mentioned. No issues mentioned.,neutral,0.7779703736305237,2023-11
Portugal,Twin Room,Couple,1,2023,12,4.0,Disappointing No highlights mentioned. No issues mentioned.,sadness,0.610393762588501,2023-12
Brazil,Double Room,Family,8,2023,11,10.0,Exceptional No highlights mentioned. No issues mentioned.,neutral,0.7593340277671814,2023-11
Brazil,Single Room,Solo traveller,2,2023,11,8.0,Very good No highlights mentioned. No issues mentioned.,neutral,0.8817152380943298,2023-11
Portugal,Double Room,Couple,1,2023,11,1.0,Bad quality No highlights mentioned. No issues mentioned.,disgust,0.8697528839111328,2023-11
Brazil,Double Room,Family,10,2023,11,10.0,Exceptional No highlights mentioned. No issues mentioned.,neutral,0.7593340277671814,2023-11
France,Single Room,Solo traveller,1,2023,11,9.0,Superb No highlights mentioned. No issues mentioned.,neutral,0.7779703736305237,2023-11
France,Single Room,Solo traveller,1,2023,10,8.0,Very good No highlights mentioned. No issues mentioned.,neutral,0.8817152380943298,2023-10
Portugal,Single Room,Solo traveller,1,2023,10,1.0,Bad No highlights mentioned. No issues mentioned.,disgust,0.49483510851860046,2023-10
France,Twin Room,Family,1,2023,9,8.0,Very good No highlights mentioned. No issues mentioned.,neutral,0.8817152380943298,2023-09
Netherlands,Double Room,Family,4,2023,10,8.0,Very good No highlights mentioned. No issues mentioned.,neutral,0.8817152380943298,2023-10
Portugal,Double Room,Couple,1,2023,10,2.0,Very poor No highlights mentioned. No issues mentioned.,disgust,0.48148831725120544,2023-10
Portugal,Single Room,Solo traveller,2,2023,10,9.0,Superb No highlights mentioned. No issues mentioned.,neutral,0.7779703736305237,2023-10
Spain,Twin Room,Solo traveller,1,2023,10,4.0,Disappointing No highlights mentioned. No issues mentioned.,sadness,0.610393762588501,2023-10
Portugal,Double Room,Family,2,2023,9,8.0,Very good No highlights mentioned. No issues mentioned.,neutral,0.8817152380943298,2023-09
Cape Verde,Single Room,Solo traveller,1,2023,10,9.0,Superb No highlights mentioned. No issues mentioned.,neutral,0.7779703736305237,2023-10
Brazil,Double Room,Couple,4,2023,10,8.0,Very good No highlights mentioned. No issues mentioned.,neutral,0.8817152380943298,2023-10
France,Single Room,Solo traveller,2,2023,10,8.0,Very good No highlights mentioned. No issues mentioned.,neutral,0.8817152380943298,2023-10
Portugal,Double Room,Couple,2,2023,10,10.0,Exceptional No highlights mentioned. No issues mentioned.,neutral,0.7593340277671814,2023-10
Portugal,Double Room,Family,1,2023,10,8.0,Very good No highlights mentioned. No issues mentioned.,neutral,0.8817152380943298,2023-10
Portugal,Double Room,Family,1,2023,10,4.0,Disappointing No highlights mentioned. No issues mentioned.,sadness,0.610393762588501,2023-10
Portugal,Double Room,Family,1,2023,9,10.0,Exceptional No highlights mentioned. No issues mentioned.,neutral,0.7593340277671814,2023-09
Luxembourg,Double Room,Couple,2,2023,9,8.0,Very good No highlights mentioned. No issues mentioned.,neutral,0.8817152380943298,2023-09
Italy,Double Room,Couple,2,2023,8,8.0,Very good No highlights mentioned. No issues mentioned.,neutral,0.8817152380943298,2023-08
Portugal,Double Room,Group,1,2023,9,9.0,Superb No highlights mentioned. No issues mentioned.,neutral,0.7779703736305237,2023-09
Portugal,Twin Room,Couple,1,2023,8,4.0,Disappointing No highlights mentioned. No issues mentioned.,sadness,0.610393762588501,2023-08
France,Double Room,Family,2,2023,9,10.0,Exceptional No highlights mentioned. No issues mentioned.,neutral,0.7593340277671814,2023-09
Poland,Double Room,Couple,3,2023,9,8.0,Very good No highlights mentioned. No issues mentioned.,neutral,0.8817152380943298,2023-09
Germany,Double Room,Solo traveller,1,2023,9,1.0,Bad No highlights mentioned. No issues mentioned.,disgust,0.49483510851860046,2023-09
Portugal,Double Room,Couple,1,2023,9,2.0,Very poor No highlights mentioned. No issues mentioned.,disgust,0.48148831725120544,2023-09
Spain,Twin Room,Family,1,2023,9,8.0,Very good No highlights mentioned. No issues mentioned.,neutral,0.8817152380943298,2023-09
Argentina,Twin Room,Couple,2,2023,8,10.0,Highly recommended No highlights mentioned. No issues mentioned.,neutral,0.9262357950210571,2023-08
Portugal,Double Room,Couple,2,2023,8,9.0,Superb No highlights mentioned. No issues mentioned.,neutral,0.7779703736305237,2023-08
Spain,Twin Room,Family,2,2023,8,8.0,Very good No highlights mentioned. No issues mentioned.,neutral,0.8817152380943298,2023-08
Germany,Double Room,Couple,2,2023,8,3.0,Poor No highlights mentioned. No issues mentioned.,sadness,0.5652276277542114,2023-08
Spain,Single Room,Solo traveller,4,2023,8,10.0,Exceptional No highlights mentioned. No issues mentioned.,neutral,0.7593340277671814,2023-08
Guatemala,Single Room,Solo traveller,2,2023,8,8.0,Very good No highlights mentioned. No issues mentioned.,neutral,0.8817152380943298,2023-08
Spain,Single Room,Family,5,2023,8,8.0,Very good No highlights mentioned. No issues mentioned.,neutral,0.8817152380943298,2023-08
Portugal,Double Room,Family,1,2023,8,4.0,Disappointing No highlights mentioned. No issues mentioned.,sadness,0.610393762588501,2023-08
Portugal,Single Room,Solo traveller,2,2023,8,10.0,Exceptional No highlights mentioned. No issues mentioned.,neutral,0.7593340277671814,2023-08
Portugal,Single Room,Solo traveller,5,2023,8,8.0,Very good No highlights mentioned. No issues mentioned.,neutral,0.8817152380943298,2023-08
Slovakia,Single Room,Solo traveller,6,2023,7,10.0,Exceptional No highlights mentioned. No issues mentioned.,neutral,0.7593340277671814,2023-07
Portugal,Double Room,Couple,1,2023,7,4.0,Disappointing No highlights mentioned. No issues mentioned.,sadness,0.610393762588501,2023-07
Spain,Double Room,Couple,2,2023,7,10.0,Exceptional No highlights mentioned. No issues mentioned.,neutral,0.7593340277671814,2023-07
Portugal,Double Room,Couple,2,2023,7,4.0,Disappointing No highlights mentioned. No issues mentioned.,sadness,0.610393762588501,2023-07
Spain,Double Room,Couple,1,2023,7,1.0,Bad No highlights mentioned. No issues mentioned.,disgust,0.49483510851860046,2023-07
Brazil,Double Room,Family,9,2023,7,10.0,Exceptional No highlights mentioned. No issues mentioned.,neutral,0.7593340277671814,2023-07
Spain,Double Room,Family,1,2023,6,3.0,Poor No highlights mentioned. No issues mentioned.,sadness,0.5652276277542114,2023-06
France,Single Room,Group,3,2023,6,8.0,Very good No highlights mentioned. No issues mentioned.,neutral,0.8817152380943298,2023-06
Spain,Double Room,Couple,2,2023,6,4.0,Disappointing No highlights mentioned. No issues mentioned.,sadness,0.610393762588501,2023-06
Netherlands,Single Room,Solo traveller,11,2023,6,8.0,Very good No highlights mentioned. No issues mentioned.,neutral,0.8817152380943298,2023-06
France,Twin Room,Couple,5,2023,6,10.0,Exceptional No highlights mentioned. No issues mentioned.,neutral,0.7593340277671814,2023-06
Spain,Single Room,Solo traveller,4,2023,6,8.0,Very good No highlights mentioned. No issues mentioned.,neutral,0.8817152380943298,2023-06
Portugal,Single Room,Solo traveller,2,2023,6,8.0,Very good No highlights mentioned. No issues mentioned.,neutral,0.8817152380943298,2023-06
Portugal,Double Room,Couple,1,2023,5,3.0,Poor No highlights mentioned. No issues mentioned.,sadness,0.5652276277542114,2023-05
Portugal,Double Room,Family,1,2023,5,1.0,Bad No highlights mentioned. No issues mentioned.,disgust,0.49483510851860046,2023-05
Portugal,Twin Room,Group,1,2023,5,3.0,Poor No highlights mentioned. No issues mentioned.,sadness,0.5652276277542114,2023-05
France,Twin Room,Couple,1,2023,5,8.0,Very good No highlights mentioned. No issues mentioned.,neutral,0.8817152380943298,2023-05
Angola,Single Room,Solo traveller,5,2023,4,8.0,Very good No highlights mentioned. No issues mentioned.,neutral,0.8817152380943298,2023-04
Spain,Double Room,Family,1,2023,5,3.0,Poor No highlights mentioned. No issues mentioned.,sadness,0.5652276277542114,2023-05
Portugal,Double Room,Family,1,2023,5,1.0,Bad No highlights mentioned. No issues mentioned.,disgust,0.49483510851860046,2023-05
Slovakia,Single Room,Solo traveller,3,2023,5,8.0,Very good No highlights mentioned. No issues mentioned.,neutral,0.8817152380943298,2023-05
Germany,Double Room,Couple,2,2023,5,3.0,Poor No highlights mentioned. No issues mentioned.,sadness,0.5652276277542114,2023-05
Portugal,Double Room,Couple,1,2023,5,2.0,Very poor No highlights mentioned. No issues mentioned.,disgust,0.48148831725120544,2023-05
Portugal,Double Room,Couple,1,2023,5,3.0,Poor No highlights mentioned. No issues mentioned.,sadness,0.5652276277542114,2023-05
Bulgaria,Double Room,Solo traveller,4,2023,5,10.0,Exceptional No highlights mentioned. No issues mentioned.,neutral,0.7593340277671814,2023-05
Spain,Double Room,Family,2,2023,4,10.0,Exceptional No highlights mentioned. No issues mentioned.,neutral,0.7593340277671814,2023-04
Portugal,Single Room,Solo traveller,1,2023,4,8.0,Very good No highlights mentioned. No issues mentioned.,neutral,0.8817152380943298,2023-04
Switzerland,Double Room,Couple,1,2023,4,10.0,Exceptional No highlights mentioned. No issues mentioned.,neutral,0.7593340277671814,2023-04
Spain,Double Room,Group,1,2023,4,3.0,Poor No highlights mentioned. No issues mentioned.,sadness,0.5652276277542114,2023-04
Germany,Single Room,Group,2,2023,5,10.0,Exceptional No highlights mentioned. No issues mentioned.,neutral,0.7593340277671814,2023-05
Czech Republic,Double Room,Family,2,2023,4,8.0,Very good No highlights mentioned. No issues mentioned.,neutral,0.8817152380943298,2023-04
Brazil,Single Room,Solo traveller,6,2023,4,10.0,Exceptional No highlights mentioned. No issues mentioned.,neutral,0.7593340277671814,2023-04
Portugal,Double Room,Solo traveller,1,2023,4,4.0,Disappointing No highlights mentioned. No issues mentioned.,sadness,0.610393762588501,2023-04
Portugal,Double Room,Family,1,2023,4,1.0,Bad No highlights mentioned. No issues mentioned.,disgust,0.49483510851860046,2023-04
Portugal,Double Room,Couple,1,2023,4,1.0,Bad No highlights mentioned. No issues mentioned.,disgust,0.49483510851860046,2023-04
Portugal,Double Room,Couple,1,2023,4,1.0,Bad No highlights mentioned. No issues mentioned.,disgust,0.49483510851860046,2023-04
Portugal,Single Room,Solo traveller,1,2023,4,3.0,Poor No highlights mentioned. No issues mentioned.,sadness,0.5652276277542114,2023-04
Portugal,Single Room,Solo traveller,1,2023,4,4.0,Disappointing No highlights mentioned. No issues mentioned.,sadness,0.610393762588501,2023-04
Portugal,Twin Room,Couple,1,2023,3,4.0,Disappointing No highlights mentioned. No issues mentioned.,sadness,0.610393762588501,2023-03
Portugal,Double Room,Family,1,2023,3,10.0,Exceptional No highlights mentioned. No issues mentioned.,neutral,0.7593340277671814,2023-03
Portugal,Single Room,Group,1,2023,3,1.0,"Very noisy, no air conditioning and plug No highlights mentioned. No issues mentioned.",neutral,0.3299470543861389,2023-03
Brazil,Single Room,Solo traveller,1,2023,3,4.0,Disappointing No highlights mentioned. No issues mentioned.,sadness,0.610393762588501,2023-03
Portugal,Double Room,Couple,2,2023,3,3.0,Poor No highlights mentioned. No issues mentioned.,sadness,0.5652276277542114,2023-03
Portugal,Single Room,Solo traveller,1,2023,3,3.0,Poor No highlights mentioned. No issues mentioned.,sadness,0.5652276277542114,2023-03
Portugal,Single Room,Solo traveller,1,2023,2,4.0,Disappointing No highlights mentioned. No issues mentioned.,sadness,0.610393762588501,2023-02
Spain,Double Room,Couple,1,2023,2,1.0,Bad No highlights mentioned. No issues mentioned.,disgust,0.49483510851860046,2023-02
Portugal,Single Room,Solo traveller,3,2023,2,10.0,Exceptional No highlights mentioned. No issues mentioned.,neutral,0.7593340277671814,2023-02
Portugal,Double Room,Couple,2,2022,12,8.0,Very good No highlights mentioned. No issues mentioned.,neutral,0.8817152380943298,2022-12
Brazil,Double Room,Couple,1,2023,2,9.0,Superb No highlights mentioned. No issues mentioned.,neutral,0.7779703736305237,2023-02
Argentina,Double Room,Family,1,2023,2,8.0,Very good No highlights mentioned. No issues mentioned.,neutral,0.8817152380943298,2023-02
Spain,Double Room,Family,1,2023,2,8.0,Very good No highlights mentioned. No issues mentioned.,neutral,0.8817152380943298,2023-02
Portugal,Double Room,Couple,1,2023,2,4.0,Disappointing No highlights mentioned. No issues mentioned.,sadness,0.610393762588501,2023-02
Argentina,Twin Room,Family,1,2023,2,8.0,Very good No highlights mentioned. No issues mentioned.,neutral,0.8817152380943298,2023-02
Portugal,Double Room,Family,1,2023,2,4.0,Disappointing No highlights mentioned. No issues mentioned.,sadness,0.610393762588501,2023-02
Colombia,Double Room,Couple,3,2023,1,3.0,Poor No highlights mentioned. No issues mentioned.,sadness,0.5652276277542114,2023-01
Portugal,Single Room,Solo traveller,1,2023,1,8.0,Very good No highlights mentioned. No issues mentioned.,neutral,0.8817152380943298,2023-01
Angola,Single Room,Solo traveller,2,2023,1,10.0,Exceptional No highlights mentioned. No issues mentioned.,neutral,0.7593340277671814,2023-01
Portugal,Double Room,Couple,2,2023,1,1.0,Bad No highlights mentioned. No issues mentioned.,disgust,0.49483510851860046,2023-01
Portugal,Double Room,Couple,1,2023,1,9.0,Superb No highlights mentioned. No issues mentioned.,neutral,0.7779703736305237,2023-01
United Kingdom,Twin Room,Couple,7,2022,12,1.0,Bad No highlights mentioned. No issues mentioned.,disgust,0.49483510851860046,2022-12
Portugal,Double Room,Group,1,2023,1,9.0,Superb No highlights mentioned. No issues mentioned.,neutral,0.7779703736305237,2023-01
Portugal,Twin Room,Couple,2,2023,1,1.0,Bad No highlights mentioned. No issues mentioned.,disgust,0.49483510851860046,2023-01
Portugal,Double Room,Couple,1,2022,12,1.0,Bad No highlights mentioned. No issues mentioned.,disgust,0.49483510851860046,2022-12
Portugal,Double Room,Couple,1,2022,12,4.0,Disappointing No highlights mentioned. No issues mentioned.,sadness,0.610393762588501,2022-12
Portugal,Double Room,Family,1,2022,11,8.0,Very good No highlights mentioned. No issues mentioned.,neutral,0.8817152380943298,2022-11
Portugal,Double Room,Solo traveller,4,2022,12,1.0,Bad No highlights mentioned. No issues mentioned.,disgust,0.49483510851860046,2022-12
Portugal,Twin Room,Family,1,2022,11,8.0,Very good No highlights mentioned. No issues mentioned.,neutral,0.8817152380943298,2022-11
Portugal,Double Room,Family,1,2022,12,8.0,Very good No highlights mentioned. No issues mentioned.,neutral,0.8817152380943298,2022-12
Portugal,Double Room,Group,1,2022,12,4.0,Disappointing No highlights mentioned. No issues mentioned.,sadness,0.610393762588501,2022-12
Spain,Double Room,Couple,1,2022,12,3.0,Poor No highlights mentioned. No issues mentioned.,sadness,0.5652276277542114,2022-12
Portugal,Double Room,Couple,1,2022,10,4.0,Disappointing No highlights mentioned. No issues mentioned.,sadness,0.610393762588501,2022-10
Spain,Double Room,Couple,1,2022,12,2.0,Very poor No highlights mentioned. No issues mentioned.,disgust,0.48148831725120544,2022-12
Spain,Twin Room,Family,1,2022,11,2.0,Very poor No highlights mentioned. No issues mentioned.,disgust,0.48148831725120544,2022-11
Spain,Double Room,Family,1,2022,11,4.0,Disappointing No highlights mentioned. No issues mentioned.,sadness,0.610393762588501,2022-11
Brazil,Twin Room,Couple,1,2022,11,10.0,Exceptional No highlights mentioned. No issues mentioned.,neutral,0.7593340277671814,2022-11
Italy,Double Room,Couple,1,2022,11,8.0,Very good No highlights mentioned. No issues mentioned.,neutral,0.8817152380943298,2022-11
Brazil,Single Room,Solo traveller,7,2022,11,8.0,Very good No highlights mentioned. No issues mentioned.,neutral,0.8817152380943298,2022-11
Italy,Double Room,Group,3,2022,10,8.0,Very good No highlights mentioned. No issues mentioned.,neutral,0.8817152380943298,2022-10
Portugal,Double Room,Couple,2,2022,9,8.0,Very good No highlights mentioned. No issues mentioned.,neutral,0.8817152380943298,2022-09
Portugal,Double Room,Family,1,2022,10,3.0,Poor No highlights mentioned. No issues mentioned.,sadness,0.5652276277542114,2022-10
Portugal,Single Room,Solo traveller,1,2022,11,1.0,Bad No highlights mentioned. No issues mentioned.,disgust,0.49483510851860046,2022-11
Portugal,Double Room,Couple,1,2022,11,10.0,Exceptional No highlights mentioned. No issues mentioned.,neutral,0.7593340277671814,2022-11
Portugal,Double Room,Family,3,2022,10,3.0,Poor No highlights mentioned. No issues mentioned.,sadness,0.5652276277542114,2022-10
Brazil,Twin Room,Couple,1,2022,8,2.0,Very poor No highlights mentioned. No issues mentioned.,disgust,0.48148831725120544,2022-08
Portugal,Double Room,Couple,1,2022,10,4.0,Disappointing No highlights mentioned. No issues mentioned.,sadness,0.610393762588501,2022-10
Portugal,Twin Room,Family,1,2022,10,10.0,Exceptional No highlights mentioned. No issues mentioned.,neutral,0.7593340277671814,2022-10
Spain,Double Room,Family,1,2022,10,4.0,Disappointing No highlights mentioned. No issues mentioned.,sadness,0.610393762588501,2022-10
Portugal,Twin Room,Solo traveller,1,2022,9,9.0,Superb No highlights mentioned. No issues mentioned.,neutral,0.7779703736305237,2022-09
Argentina,Twin Room,Family,2,2022,10,8.0,Very good No highlights mentioned. No issues mentioned.,neutral,0.8817152380943298,2022-10
Portugal,Double Room,Couple,4,2022,10,3.0,Poor No highlights mentioned. No issues mentioned.,sadness,0.5652276277542114,2022-10
Germany,Twin Room,Solo traveller,1,2022,10,3.0,Poor No highlights mentioned. No issues mentioned.,sadness,0.5652276277542114,2022-10
Switzerland,Single Room,Solo traveller,9,2022,10,4.0,Disappointing No highlights mentioned. No issues mentioned.,sadness,0.610393762588501,2022-10
Portugal,Single Room,Solo traveller,1,2022,10,1.0,Bad No highlights mentioned. No issues mentioned.,disgust,0.49483510851860046,2022-10
Brazil,Double Room,Solo traveller,14,2022,9,10.0,Exceptional No highlights mentioned. No issues mentioned.,neutral,0.7593340277671814,2022-09
France,Single Room,Family,1,2022,9,10.0,Exceptional No highlights mentioned. No issues mentioned.,neutral,0.7593340277671814,2022-09
Portugal,Double Room,Solo traveller,1,2022,10,10.0,Exceptional No highlights mentioned. No issues mentioned.,neutral,0.7593340277671814,2022-10
Belgium,Single Room,Solo traveller,1,2022,9,4.0,Disappointing No highlights mentioned. No issues mentioned.,sadness,0.610393762588501,2022-09
Portugal,Double Room,Couple,1,2022,9,1.0,Bad No highlights mentioned. No issues mentioned.,disgust,0.49483510851860046,2022-09
Portugal,Twin Room,Solo traveller,3,2022,9,1.0,Bad No highlights mentioned. No issues mentioned.,disgust,0.49483510851860046,2022-09
United Kingdom,Double Room,Couple,3,2022,9,8.0,Very good No highlights mentioned. No issues mentioned.,neutral,0.8817152380943298,2022-09
Germany,Double Room,Couple,1,2022,8,8.0,Very good No highlights mentioned. No issues mentioned.,neutral,0.8817152380943298,2022-08
Brazil,Double Room,Solo traveller,1,2022,9,8.0,Very good No highlights mentioned. No issues mentioned.,neutral,0.8817152380943298,2022-09
Brazil,Single Room,Solo traveller,3,2022,9,8.0,Very good No highlights mentioned. No issues mentioned.,neutral,0.8817152380943298,2022-09
Spain,Double Room,Family,1,2022,9,1.0,Bad No highlights mentioned. No issues mentioned.,disgust,0.49483510851860046,2022-09
Portugal,Single Room,Solo traveller,1,2022,8,10.0,Exceptional No highlights mentioned. No issues mentioned.,neutral,0.7593340277671814,2022-08
Portugal,Single Room,Solo traveller,7,2022,9,8.0,Very good No highlights mentioned. No issues mentioned.,neutral,0.8817152380943298,2022-09
Belgium,Single Room,Solo traveller,1,2022,9,4.0,Disappointing No highlights mentioned. No issues mentioned.,sadness,0.610393762588501,2022-09
Portugal,Single Room,Solo traveller,3,2022,8,3.0,Poor No highlights mentioned. No issues mentioned.,sadness,0.5652276277542114,2022-08
Spain,Double Room,Couple,6,2022,9,8.0,"Value for money very well is a modest site, and the staff is very friendly No highlights mentioned. No issues mentioned.",neutral,0.7425777912139893,2022-09
Brazil,Single Room,Solo traveller,1,2022,9,10.0,Exceptional No highlights mentioned. No issues mentioned.,neutral,0.7593340277671814,2022-09
Israel,Single Room,Solo traveller,1,2022,8,3.0,Poor No highlights mentioned. No issues mentioned.,sadness,0.5652276277542114,2022-08
Portugal,Twin Room,Group,3,2022,6,2.0,Very poor No highlights mentioned. No issues mentioned.,disgust,0.48148831725120544,2022-06
Unknown,Single Room,Solo traveller,4,2022,8,8.0,Very good No highlights mentioned. No issues mentioned.,neutral,0.8817152380943298,2022-08
Spain,Single Room,Solo traveller,2,2022,8,8.0,Very good No highlights mentioned. No issues mentioned.,neutral,0.8817152380943298,2022-08
Brazil,Single Room,Solo traveller,15,2022,8,10.0,Exceptional No highlights mentioned. No issues mentioned.,neutral,0.7593340277671814,2022-08
Russia,Twin Room,Family,2,2022,8,8.0,Very good No highlights mentioned. No issues mentioned.,neutral,0.8817152380943298,2022-08
Portugal,Single Room,Solo traveller,1,2022,8,2.0,Very poor No highlights mentioned. No issues mentioned.,disgust,0.48148831725120544,2022-08
Spain,Double Room,Couple,1,2022,8,4.0,Disappointing No highlights mentioned. No issues mentioned.,sadness,0.610393762588501,2022-08
Spain,Double Room,Couple,5,2022,8,10.0,Exceptional No highlights mentioned. No issues mentioned.,neutral,0.7593340277671814,2022-08
France,Double Room,Family,1,2022,8,8.0,Very good No highlights mentioned. No issues mentioned.,neutral,0.8817152380943298,2022-08
Spain,Double Room,Family,1,2022,7,8.0,Very good No highlights mentioned. No issues mentioned.,neutral,0.8817152380943298,2022-07
Brazil,Single Room,Solo traveller,1,2022,6,10.0,Exceptional No highlights mentioned. No issues mentioned.,neutral,0.7593340277671814,2022-06
Portugal,Double Room,Family,1,2022,6,10.0,Exceptional No highlights mentioned. No issues mentioned.,neutral,0.7593340277671814,2022-06
Ukraine,Single Room,Group,1,2022,7,10.0,Exceptional No highlights mentioned. No issues mentioned.,neutral,0.7593340277671814,2022-07
Poland,Twin Room,Couple,3,2022,7,4.0,Disappointing No highlights mentioned. No issues mentioned.,sadness,0.610393762588501,2022-07
Switzerland,Double Room,Family,2,2022,6,1.0,Bad No highlights mentioned. No issues mentioned.,disgust,0.49483510851860046,2022-06
Portugal,Single Room,Solo traveller,1,2022,7,8.0,Very good No highlights mentioned. No issues mentioned.,neutral,0.8817152380943298,2022-07
France,Double Room,Couple,1,2022,6,8.0,Very good No highlights mentioned. No issues mentioned.,neutral,0.8817152380943298,2022-06
Brazil,Twin Room,Couple,1,2022,7,1.0,Bad No highlights mentioned. No issues mentioned.,disgust,0.49483510851860046,2022-07
Spain,Single Room,Solo traveller,2,2022,7,4.0,Disappointing No highlights mentioned. No issues mentioned.,sadness,0.610393762588501,2022-07
Spain,Single Room,Couple,1,2022,7,9.0,Superb No highlights mentioned. No issues mentioned.,neutral,0.7779703736305237,2022-07
France,Twin Room,Couple,1,2022,6,4.0,Disappointing No highlights mentioned. No issues mentioned.,sadness,0.610393762588501,2022-06
Portugal,Twin Room,Couple,1,2022,6,1.0,Bad No highlights mentioned. No issues mentioned.,disgust,0.49483510851860046,2022-06
Panama,Twin Room,Group,3,2022,6,10.0,Exceptional No highlights mentioned. No issues mentioned.,neutral,0.7593340277671814,2022-06
France,Double Room,Family,3,2022,6,4.0,Disappointing No highlights mentioned. No issues mentioned.,sadness,0.610393762588501,2022-06
Spain,Twin Room,Family,1,2022,4,8.0,Very good No highlights mentioned. No issues mentioned.,neutral,0.8817152380943298,2022-04
Portugal,Double Room,Couple,1,2022,6,8.0,Very good No highlights mentioned. No issues mentioned.,neutral,0.8817152380943298,2022-06
Austria,Twin Room,Solo traveller,2,2022,6,10.0,Exceptional No highlights mentioned. No issues mentioned.,neutral,0.7593340277671814,2022-06
Spain,Single Room,Solo traveller,1,2022,5,4.0,Disappointing No highlights mentioned. No issues mentioned.,sadness,0.610393762588501,2022-05
Brazil,Double Room,Couple,1,2022,5,10.0,Exceptional No highlights mentioned. No issues mentioned.,neutral,0.7593340277671814,2022-05
Portugal,Twin Room,Solo traveller,2,2022,5,9.0,Superb No highlights mentioned. No issues mentioned.,neutral,0.7779703736305237,2022-05
Germany,Double Room,Couple,3,2022,5,2.0,Very poor No highlights mentioned. No issues mentioned.,disgust,0.48148831725120544,2022-05
France,Double Room,Group,3,2022,5,10.0,Exceptional No highlights mentioned. No issues mentioned.,neutral,0.7593340277671814,2022-05
Spain,Double Room,Couple,3,2022,5,10.0,Exceptional No highlights mentioned. No issues mentioned.,neutral,0.7593340277671814,2022-05
Portugal,Single Room,Solo traveller,2,2022,4,8.0,Very good No highlights mentioned. No issues mentioned.,neutral,0.8817152380943298,2022-04
Portugal,Twin Room,Couple,1,2022,5,9.0,Superb No highlights mentioned. No issues mentioned.,neutral,0.7779703736305237,2022-05
Spain,Double Room,Family,1,2022,5,2.0,Very poor No highlights mentioned. No issues mentioned.,disgust,0.48148831725120544,2022-05
Brazil,Double Room,Couple,1,2022,5,8.0,Very good No highlights mentioned. No issues mentioned.,neutral,0.8817152380943298,2022-05
Portugal,Double Room,Family,3,2022,4,8.0,Very good No highlights mentioned. No issues mentioned.,neutral,0.8817152380943298,2022-04
Portugal,Double Room,Couple,2,2022,3,10.0,Exceptional No highlights mentioned. No issues mentioned.,neutral,0.7593340277671814,2022-03
Brazil,Double Room,Family,2,2022,4,8.0,Very good No highlights mentioned. No issues mentioned.,neutral,0.8817152380943298,2022-04
Portugal,Double Room,Couple,2,2022,4,4.0,Disappointing No highlights mentioned. No issues mentioned.,sadness,0.610393762588501,2022-04
Portugal,Double Room,Couple,1,2022,4,10.0,Exceptional No highlights mentioned. No issues mentioned.,neutral,0.7593340277671814,2022-04
Spain,Double Room,Family,4,2022,4,8.0,Very good No highlights mentioned. No issues mentioned.,neutral,0.8817152380943298,2022-04
Spain,Double Room,Family,2,2022,4,9.0,Superb No highlights mentioned. No issues mentioned.,neutral,0.7779703736305237,2022-04
Portugal,Double Room,Couple,2,2022,4,8.0,Very good No highlights mentioned. No issues mentioned.,neutral,0.8817152380943298,2022-04
Brazil,Double Room,Solo traveller,1,2022,4,3.0,Poor No highlights mentioned. No issues mentioned.,sadness,0.5652276277542114,2022-04
Spain,Single Room,Solo traveller,1,2022,3,10.0,Exceptional No highlights mentioned. No issues mentioned.,neutral,0.7593340277671814,2022-03
Portugal,Double Room,Couple,1,2022,3,4.0,Disappointing No highlights mentioned. No issues mentioned.,sadness,0.610393762588501,2022-03
Spain,Twin Room,Couple,1,2022,3,1.0,Super old all No highlights mentioned. No issues mentioned.,neutral,0.6816948056221008,2022-03
Portugal,Double Room,Family,2,2022,3,8.0,Very good No highlights mentioned. No issues mentioned.,neutral,0.8817152380943298,2022-03
France,Double Room,Couple,2,2023,6,5.0,Passable No highlights mentioned. No issues mentioned.,neutral,0.9567725658416748,2023-06
Portugal,Single Room,Solo traveller,1,2023,5,6.0,Pleasant No highlights mentioned. No issues mentioned.,joy,0.616917073726654,2023-05
Portugal,Double Room,Couple,1,2022,5,7.0,Good No highlights mentioned. No issues mentioned.,neutral,0.8976135849952698,2022-05
Portugal,Double Room,Couple,1,2023,10,1.0,Bad No highlights mentioned. No issues mentioned.,disgust,0.49483510851860046,2023-10
Portugal,Twin Room,Family,1,2023,6,8.0,Very good No highlights mentioned. No issues mentioned.,neutral,0.8817152380943298,2023-06
Portugal,Double Room,Couple,1,2022,12,8.0,Very good No highlights mentioned. No issues mentioned.,neutral,0.8817152380943298,2022-12
Portugal,Double Room,Couple,1,2022,5,1.0,Bad No highlights mentioned. No issues mentioned.,disgust,0.49483510851860046,2022-05
Brazil,Double Room,Couple,1,2022,4,9.0,Superb No highlights mentioned. No issues mentioned.,neutral,0.7779703736305237,2022-04
